


Using shader api: shaderapiempty.dll
materialPath: G:\Games\Steam\steamapps\common\Source SDK Base 2013 Multiplayer\sourcetest\materials
Loading E:\Misc\3D\neotokyo\mountain lab\ntre_cliff_ctg.vmf
ConVarRef mat_reduceparticles doesn't point to an existing ConVar
Could not locate 'GameData' key in g:\games\steam\steamapps\common\source sdk base 2013 multiplayer\sourcetest\gameinfo.txt
fixing up env_cubemap materials on brush sides...
0...1...2...3...4...5...6...7...8...9...100...1...2...3...4...5...6...7...8...9...10Processing areas...done (0)
Building Faces...done (0)
FixTjuncs...
PruneNodes...
WriteBSP...
done (0)
writing E:\Misc\3D\neotokyo\mountain lab\ntre_cliff_ctg.prt...Building visibility clusters...
done (0)
Creating default LDR cubemaps for env_cubemap using skybox materials:
   skybox/sky_day01_01*.vmt
 ! Run buildcubemaps in the engine to get the correct cube maps.
Creating default HDR cubemaps for env_cubemap using skybox materials:
   skybox/sky_day01_01*.vmt
 ! Run buildcubemaps in the engine to get the correct cube maps.
Finding displacement neighbors...
Finding lightmap sample positions...
Displacement Alpha : 0...1...2...3...4...5...6...7...8...9...10
Building Physics collision data...
done (0) (3820 bytes)
Placing detail props : 0...1...2...3...4...5...6...7...8...9...10
Compacting texture/material tables...
Reduced 14 texinfos to 11
Reduced 4 texdatas to 4 (87 bytes to 87)
Writing E:\Misc\3D\neotokyo\mountain lab\ntre_cliff_ctg.bsp
MSG_FILEWRITE - Filesystem was asked to write to 'E:\Misc\3D\neotokyo\mountain lab\ntre_cliff_ctg.bsp', but we don't own that location. Allowing.
Wrote ZIP buffer, estimated size 105901, actual size 105687
0 seconds elapsed



8 threads
reading e:\misc\3d\neotokyo\mountain lab\ntre_cliff_ctg.bsp
reading e:\misc\3d\neotokyo\mountain lab\ntre_cliff_ctg.prt
  47 portalclusters
 110 numportals
0...1...2...3...4...5...6...7...8...9...100...1...2...3...4...5...6...7...8...9...10Optimized: 0 visible clusters (0.00%)
Total clusters visible: 1689
Average clusters visible: 35
Building PAS...
Average clusters audible: 47
visdatasize:944  compressed from 752
writing e:\misc\3d\neotokyo\mountain lab\ntre_cliff_ctg.bsp
MSG_FILEWRITE - Filesystem was asked to write to 'e:\misc\3d\neotokyo\mountain lab\ntre_cliff_ctg.bsp', but we don't own that location. Allowing.
0 seconds elapsed



Could not find lights.rad in lights.rad.
Trying VRAD BIN directory instead...
Warning: Couldn't open texlight file G:\Games\Steam\steamapps\common\Source SDK Base 2013 Multiplayer\bin\x64\lights.rad.
Loading e:\misc\3d\neotokyo\mountain lab\ntre_cliff_ctg.bsp
148 faces
380337 square feet [54768640.00 square inches]
0 Displacements
0 Square Feet [0.00 Square Inches]
148 patches before subdivision
3900 patches after subdivision
2 direct lights
0...1...2...3...4...5...6...7...8...9...100...1...2...3...4...5...6...7...8...9...10transfers 19330, max 254
transfer lists:   0.1 megs
0...1...2...3...4...5...6...7...8...9...10	Bounce #1 added RGB(414, 244, 181)
0...1...2...3...4...5...6...7...8...9...10	Bounce #2 added RGB(50, 13, 2)
0...1...2...3...4...5...6...7...8...9...10	Bounce #3 added RGB(6, 1, 0)
0...1...2...3...4...5...6...7...8...9...10	Bounce #4 added RGB(1, 0, 0)
0...1...2...3...4...5...6...7...8...9...10	Bounce #5 added RGB(0, 0, 0)
Build Patch/Sample Hash Table(s).....Done<0.0008 sec>
0...1...2...3...4...5...6...7...8...9...10FinalLightFace Done
0 of 0 (0% of) surface lights went in leaf ambient cubes.
0...1...2...3...4...5...6...7...8...9...10Writing leaf ambient...done
Ready to Finish

Object names       Objects/Maxobjs  Memory / Maxmem  Fullness 
------------       ---------------  ---------------  -------- 
models                   1/1024           48/49152    ( 0.1%) 
brushes                 10/8192          120/98304    ( 0.1%) 
brushsides              60/65536         480/524288   ( 0.1%) 
planes                  74/65536        1480/1310720  ( 0.1%) 
vertexes               187/65536        2244/786432   ( 0.3%) 
nodes                  121/65536        3872/2097152  ( 0.2%) 
texinfos                11/12288         792/884736   ( 0.1%) 
texdata                  4/2048          128/65536    ( 0.2%) 
dispinfos                0/0               0/0        ( 0.0%) 
disp_verts               0/0               0/0        ( 0.0%) 
disp_tris                0/0               0/0        ( 0.0%) 
disp_lmsamples           0/0               0/0        ( 0.0%) 
faces                  148/65536        8288/3670016  ( 0.2%) 
hdr faces                0/65536           0/3670016  ( 0.0%) 
origfaces               26/65536        1456/3670016  ( 0.0%) 
leaves                 123/65536        3936/2097152  ( 0.2%) 
leaffaces              170/65536         340/131072   ( 0.3%) 
leafbrushes             63/65536         126/131072   ( 0.1%) 
areas                    2/256            16/2048     ( 0.8%) 
surfedges              736/512000       2944/2048000  ( 0.1%) 
edges                  389/256000       1556/1024000  ( 0.2%) 
LDR worldlights          2/8192          176/720896   ( 0.0%) 
HDR worldlights          0/8192            0/720896   ( 0.0%) 
leafwaterdata            0/32768           0/393216   ( 0.0%) 
waterstrips              2/32768          20/327680   ( 0.0%) 
waterverts               0/65536           0/786432   ( 0.0%) 
waterindices            24/65536          48/131072   ( 0.0%) 
cubemapsamples           0/1024            0/16384    ( 0.0%) 
overlays                 0/512             0/180224   ( 0.0%) 
LDR lightdata         [variable]      102968/0        ( 0.0%) 
HDR lightdata         [variable]           0/0        ( 0.0%) 
visdata               [variable]         944/16777216 ( 0.0%) 
entdata               [variable]        1237/393216   ( 0.3%) 
LDR ambient table      123/65536         492/262144   ( 0.2%) 
HDR ambient table      123/65536         492/262144   ( 0.2%) 
LDR leaf ambient       168/65536        4704/1835008  ( 0.3%) 
HDR leaf ambient       123/65536        3444/1835008  ( 0.2%) 
occluders                0/0               0/0        ( 0.0%) 
occluder polygons        0/0               0/0        ( 0.0%) 
occluder vert ind        0/0               0/0        ( 0.0%) 
detail props          [variable]           1/12       ( 8.3%) 
static props          [variable]           1/12       ( 8.3%) 
pakfile               [variable]      105687/0        ( 0.0%) 
physics               [variable]        3820/4194304  ( 0.1%) 
physics terrain       [variable]           2/1048576  ( 0.0%) 

Level flags = 0

Total triangle count: 336
Writing e:\misc\3d\neotokyo\mountain lab\ntre_cliff_ctg.bsp
0 seconds elapsed



Using shader api: shaderapiempty.dll
materialPath: G:\Games\Steam\steamapps\common\Source SDK Base 2013 Multiplayer\sourcetest\materials
Loading E:\Misc\3D\neotokyo\mountain lab\ntre_cliff_ctg.vmf
ConVarRef mat_reduceparticles doesn't point to an existing ConVar
Could not locate 'GameData' key in g:\games\steam\steamapps\common\source sdk base 2013 multiplayer\sourcetest\gameinfo.txt
fixing up env_cubemap materials on brush sides...
0...1...2...3...4...5...6...7...8...9...100...1...2...3...4...5...6...7...8...9...10Processing areas...done (0)
Building Faces...done (0)
FixTjuncs...
PruneNodes...
WriteBSP...
done (0)
writing E:\Misc\3D\neotokyo\mountain lab\ntre_cliff_ctg.prt...Building visibility clusters...
done (0)
Creating default LDR cubemaps for env_cubemap using skybox materials:
   skybox/sky_day01_01*.vmt
 ! Run buildcubemaps in the engine to get the correct cube maps.
Creating default HDR cubemaps for env_cubemap using skybox materials:
   skybox/sky_day01_01*.vmt
 ! Run buildcubemaps in the engine to get the correct cube maps.
Finding displacement neighbors...
Finding lightmap sample positions...
Displacement Alpha : 0...1...2...3...4...5...6...7...8...9...10
Building Physics collision data...
done (0) (6156 bytes)
Placing detail props : 0...1...2...3...4...5...6...7...8...9...10
Compacting texture/material tables...
Reduced 28 texinfos to 25
Reduced 5 texdatas to 5 (100 bytes to 100)
Writing E:\Misc\3D\neotokyo\mountain lab\ntre_cliff_ctg.bsp
MSG_FILEWRITE - Filesystem was asked to write to 'E:\Misc\3D\neotokyo\mountain lab\ntre_cliff_ctg.bsp', but we don't own that location. Allowing.
Wrote ZIP buffer, estimated size 105901, actual size 105687
0 seconds elapsed



8 threads
reading e:\misc\3d\neotokyo\mountain lab\ntre_cliff_ctg.bsp
reading e:\misc\3d\neotokyo\mountain lab\ntre_cliff_ctg.prt
  79 portalclusters
 245 numportals
0...1...2...3...4...5...6...7...8...9...100...1...2...3...4...5...6...7...8...9...10Optimized: 3 visible clusters (0.06%)
Total clusters visible: 5156
Average clusters visible: 65
Building PAS...
Average clusters audible: 79
visdatasize:2217  compressed from 2528
writing e:\misc\3d\neotokyo\mountain lab\ntre_cliff_ctg.bsp
MSG_FILEWRITE - Filesystem was asked to write to 'e:\misc\3d\neotokyo\mountain lab\ntre_cliff_ctg.bsp', but we don't own that location. Allowing.
0 seconds elapsed



Could not find lights.rad in lights.rad.
Trying VRAD BIN directory instead...
Warning: Couldn't open texlight file G:\Games\Steam\steamapps\common\Source SDK Base 2013 Multiplayer\bin\x64\lights.rad.
Loading e:\misc\3d\neotokyo\mountain lab\ntre_cliff_ctg.bsp
191 faces
414685 square feet [59714688.00 square inches]
0 Displacements
0 Square Feet [0.00 Square Inches]
191 patches before subdivision
4873 patches after subdivision
2 direct lights
0...1...2...3...4...5...6...7...8...9...100...1...2...3...4...5...6...7...8...9...10transfers 93912, max 296
transfer lists:   0.7 megs
0...1...2...3...4...5...6...7...8...9...10	Bounce #1 added RGB(1971, 1803, 1739)
0...1...2...3...4...5...6...7...8...9...10	Bounce #2 added RGB(175, 91, 62)
0...1...2...3...4...5...6...7...8...9...10	Bounce #3 added RGB(35, 19, 17)
0...1...2...3...4...5...6...7...8...9...10	Bounce #4 added RGB(5, 1, 1)
0...1...2...3...4...5...6...7...8...9...10	Bounce #5 added RGB(1, 0, 0)
0...1...2...3...4...5...6...7...8...9...10	Bounce #6 added RGB(0, 0, 0)
Build Patch/Sample Hash Table(s).....Done<0.0009 sec>
0...1...2...3...4...5...6...7...8...9...10FinalLightFace Done
0 of 0 (0% of) surface lights went in leaf ambient cubes.
0...1...2...3...4...5...6...7...8...9...10Writing leaf ambient...done
Ready to Finish

Object names       Objects/Maxobjs  Memory / Maxmem  Fullness 
------------       ---------------  ---------------  -------- 
models                   1/1024           48/49152    ( 0.1%) 
brushes                 14/8192          168/98304    ( 0.2%) 
brushsides             100/65536         800/524288   ( 0.2%) 
planes                 146/65536        2920/1310720  ( 0.2%) 
vertexes               249/65536        2988/786432   ( 0.4%) 
nodes                  162/65536        5184/2097152  ( 0.2%) 
texinfos                25/12288        1800/884736   ( 0.2%) 
texdata                  5/2048          160/65536    ( 0.2%) 
dispinfos                0/0               0/0        ( 0.0%) 
disp_verts               0/0               0/0        ( 0.0%) 
disp_tris                0/0               0/0        ( 0.0%) 
disp_lmsamples           0/0               0/0        ( 0.0%) 
faces                  191/65536       10696/3670016  ( 0.3%) 
hdr faces                0/65536           0/3670016  ( 0.0%) 
origfaces               58/65536        3248/3670016  ( 0.1%) 
leaves                 164/65536        5248/2097152  ( 0.3%) 
leaffaces              250/65536         500/131072   ( 0.4%) 
leafbrushes             72/65536         144/131072   ( 0.1%) 
areas                    2/256            16/2048     ( 0.8%) 
surfedges             1076/512000       4304/2048000  ( 0.2%) 
edges                  559/256000       2236/1024000  ( 0.2%) 
LDR worldlights          2/8192          176/720896   ( 0.0%) 
HDR worldlights          0/8192            0/720896   ( 0.0%) 
leafwaterdata            0/32768           0/393216   ( 0.0%) 
waterstrips              2/32768          20/327680   ( 0.0%) 
waterverts               0/65536           0/786432   ( 0.0%) 
waterindices            24/65536          48/131072   ( 0.0%) 
cubemapsamples           0/1024            0/16384    ( 0.0%) 
overlays                 0/512             0/180224   ( 0.0%) 
LDR lightdata         [variable]      126464/0        ( 0.0%) 
HDR lightdata         [variable]           0/0        ( 0.0%) 
visdata               [variable]        2217/16777216 ( 0.0%) 
entdata               [variable]        1234/393216   ( 0.3%) 
LDR ambient table      164/65536         656/262144   ( 0.3%) 
HDR ambient table      164/65536         656/262144   ( 0.3%) 
LDR leaf ambient       725/65536       20300/1835008  ( 1.1%) 
HDR leaf ambient       164/65536        4592/1835008  ( 0.3%) 
occluders                0/0               0/0        ( 0.0%) 
occluder polygons        0/0               0/0        ( 0.0%) 
occluder vert ind        0/0               0/0        ( 0.0%) 
detail props          [variable]           1/12       ( 8.3%) 
static props          [variable]           1/12       ( 8.3%) 
pakfile               [variable]      105687/0        ( 0.0%) 
physics               [variable]        6156/4194304  ( 0.1%) 
physics terrain       [variable]           2/1048576  ( 0.0%) 

Level flags = 0

Total triangle count: 446
Writing e:\misc\3d\neotokyo\mountain lab\ntre_cliff_ctg.bsp
0 seconds elapsed



Using shader api: shaderapiempty.dll
materialPath: G:\Games\Steam\steamapps\common\Source SDK Base 2013 Multiplayer\sourcetest\materials
Loading E:\Misc\3D\neotokyo\mountain lab\ntre_cliff_ctg.vmf
ConVarRef mat_reduceparticles doesn't point to an existing ConVar
Could not locate 'GameData' key in g:\games\steam\steamapps\common\source sdk base 2013 multiplayer\sourcetest\gameinfo.txt
fixing up env_cubemap materials on brush sides...
0...1...2...3...4...5...6...7...8...9...100...1...2...3...4...5...6...7...8...9...10Processing areas...done (0)
Building Faces...done (0)
FixTjuncs...
PruneNodes...
WriteBSP...
done (0)
writing E:\Misc\3D\neotokyo\mountain lab\ntre_cliff_ctg.prt...Building visibility clusters...
done (0)
Creating default LDR cubemaps for env_cubemap using skybox materials:
   skybox/sky_day01_01*.vmt
 ! Run buildcubemaps in the engine to get the correct cube maps.
Creating default HDR cubemaps for env_cubemap using skybox materials:
   skybox/sky_day01_01*.vmt
 ! Run buildcubemaps in the engine to get the correct cube maps.
Finding displacement neighbors...
Finding lightmap sample positions...
Displacement Alpha : 0...1...2...3...4...5...6...7...8...9...10
Building Physics collision data...
done (0) (6156 bytes)
Placing detail props : 0...1...2...3...4...5...6...7...8...9...10
Compacting texture/material tables...
Reduced 28 texinfos to 25
Reduced 5 texdatas to 5 (100 bytes to 100)
Writing E:\Misc\3D\neotokyo\mountain lab\ntre_cliff_ctg.bsp
MSG_FILEWRITE - Filesystem was asked to write to 'E:\Misc\3D\neotokyo\mountain lab\ntre_cliff_ctg.bsp', but we don't own that location. Allowing.
Wrote ZIP buffer, estimated size 105901, actual size 105687
0 seconds elapsed



8 threads
reading e:\misc\3d\neotokyo\mountain lab\ntre_cliff_ctg.bsp
reading e:\misc\3d\neotokyo\mountain lab\ntre_cliff_ctg.prt
  78 portalclusters
 248 numportals
0...1...2...3...4...5...6...7...8...9...100...1...2...3...4...5...6...7...8...9...10Optimized: 5 visible clusters (0.10%)
Total clusters visible: 4935
Average clusters visible: 63
Building PAS...
Average clusters audible: 78
visdatasize:2188  compressed from 2496
writing e:\misc\3d\neotokyo\mountain lab\ntre_cliff_ctg.bsp
MSG_FILEWRITE - Filesystem was asked to write to 'e:\misc\3d\neotokyo\mountain lab\ntre_cliff_ctg.bsp', but we don't own that location. Allowing.
0 seconds elapsed



Could not find lights.rad in lights.rad.
Trying VRAD BIN directory instead...
Warning: Couldn't open texlight file G:\Games\Steam\steamapps\common\Source SDK Base 2013 Multiplayer\bin\x64\lights.rad.
Loading e:\misc\3d\neotokyo\mountain lab\ntre_cliff_ctg.bsp
189 faces
414686 square feet [59714792.00 square inches]
0 Displacements
0 Square Feet [0.00 Square Inches]
189 patches before subdivision
4445 patches after subdivision
2 direct lights
0...1...2...3...4...5...6...7...8...9...100...1...2...3...4...5...6...7...8...9...10transfers 88116, max 286
transfer lists:   0.7 megs
0...1...2...3...4...5...6...7...8...9...10	Bounce #1 added RGB(2191, 2054, 2002)
0...1...2...3...4...5...6...7...8...9...10	Bounce #2 added RGB(153, 80, 55)
0...1...2...3...4...5...6...7...8...9...10	Bounce #3 added RGB(39, 25, 23)
0...1...2...3...4...5...6...7...8...9...10	Bounce #4 added RGB(5, 1, 1)
0...1...2...3...4...5...6...7...8...9...10	Bounce #5 added RGB(1, 1, 1)
0...1...2...3...4...5...6...7...8...9...10	Bounce #6 added RGB(0, 0, 0)
Build Patch/Sample Hash Table(s).....Done<0.0009 sec>
0...1...2...3...4...5...6...7...8...9...10FinalLightFace Done
0 of 0 (0% of) surface lights went in leaf ambient cubes.
0...1...2...3...4...5...6...7...8...9...10Writing leaf ambient...done
Ready to Finish

Object names       Objects/Maxobjs  Memory / Maxmem  Fullness 
------------       ---------------  ---------------  -------- 
models                   1/1024           48/49152    ( 0.1%) 
brushes                 14/8192          168/98304    ( 0.2%) 
brushsides             100/65536         800/524288   ( 0.2%) 
planes                 146/65536        2920/1310720  ( 0.2%) 
vertexes               253/65536        3036/786432   ( 0.4%) 
nodes                  159/65536        5088/2097152  ( 0.2%) 
texinfos                25/12288        1800/884736   ( 0.2%) 
texdata                  5/2048          160/65536    ( 0.2%) 
dispinfos                0/0               0/0        ( 0.0%) 
disp_verts               0/0               0/0        ( 0.0%) 
disp_tris                0/0               0/0        ( 0.0%) 
disp_lmsamples           0/0               0/0        ( 0.0%) 
faces                  189/65536       10584/3670016  ( 0.3%) 
hdr faces                0/65536           0/3670016  ( 0.0%) 
origfaces               58/65536        3248/3670016  ( 0.1%) 
leaves                 161/65536        5152/2097152  ( 0.2%) 
leaffaces              223/65536         446/131072   ( 0.3%) 
leafbrushes             70/65536         140/131072   ( 0.1%) 
areas                    2/256            16/2048     ( 0.8%) 
surfedges             1079/512000       4316/2048000  ( 0.2%) 
edges                  568/256000       2272/1024000  ( 0.2%) 
LDR worldlights          2/8192          176/720896   ( 0.0%) 
HDR worldlights          0/8192            0/720896   ( 0.0%) 
leafwaterdata            0/32768           0/393216   ( 0.0%) 
waterstrips              6/32768          60/327680   ( 0.0%) 
waterverts               0/65536           0/786432   ( 0.0%) 
waterindices            75/65536         150/131072   ( 0.1%) 
cubemapsamples           0/1024            0/16384    ( 0.0%) 
overlays                 0/512             0/180224   ( 0.0%) 
LDR lightdata         [variable]      129332/0        ( 0.0%) 
HDR lightdata         [variable]           0/0        ( 0.0%) 
visdata               [variable]        2188/16777216 ( 0.0%) 
entdata               [variable]        1236/393216   ( 0.3%) 
LDR ambient table      161/65536         644/262144   ( 0.2%) 
HDR ambient table      161/65536         644/262144   ( 0.2%) 
LDR leaf ambient       752/65536       21056/1835008  ( 1.1%) 
HDR leaf ambient       161/65536        4508/1835008  ( 0.2%) 
occluders                0/0               0/0        ( 0.0%) 
occluder polygons        0/0               0/0        ( 0.0%) 
occluder vert ind        0/0               0/0        ( 0.0%) 
detail props          [variable]           1/12       ( 8.3%) 
static props          [variable]           1/12       ( 8.3%) 
pakfile               [variable]      105687/0        ( 0.0%) 
physics               [variable]        6156/4194304  ( 0.1%) 
physics terrain       [variable]           2/1048576  ( 0.0%) 

Level flags = 0

Total triangle count: 453
Writing e:\misc\3d\neotokyo\mountain lab\ntre_cliff_ctg.bsp
0 seconds elapsed



Using shader api: shaderapiempty.dll
materialPath: G:\Games\Steam\steamapps\common\Source SDK Base 2013 Multiplayer\sourcetest\materials
Loading E:\Misc\3D\neotokyo\mountain lab\ntre_cliff_ctg.vmf
ConVarRef mat_reduceparticles doesn't point to an existing ConVar
Could not locate 'GameData' key in g:\games\steam\steamapps\common\source sdk base 2013 multiplayer\sourcetest\gameinfo.txt
fixing up env_cubemap materials on brush sides...
0...1...2...3...4...5...6...7...8...9...100...1...2...3...4...5...6...7...8...9...10Processing areas...done (0)
Building Faces...done (0)
FixTjuncs...
PruneNodes...
WriteBSP...
done (0)
writing E:\Misc\3D\neotokyo\mountain lab\ntre_cliff_ctg.prt...Building visibility clusters...
done (0)
Creating default LDR cubemaps for env_cubemap using skybox materials:
   skybox/sky_day01_01*.vmt
 ! Run buildcubemaps in the engine to get the correct cube maps.
Creating default HDR cubemaps for env_cubemap using skybox materials:
   skybox/sky_day01_01*.vmt
 ! Run buildcubemaps in the engine to get the correct cube maps.
Finding displacement neighbors...
Finding lightmap sample positions...
Displacement Alpha : 0...1...2...3...4...5...6...7...8...9...10
Building Physics collision data...
done (0) (7346 bytes)
Error! To use model "models/nt/props_tech/windspeedmeter.mdl"
      with prop_static, it must be compiled with $staticprop!
Error loading studio model "models/nt/props_tech/windspeedmeter.mdl"!
Placing detail props : 0...1...2...3...4...5...6...7...8...9...10
Compacting texture/material tables...
Reduced 41 texinfos to 36
Reduced 6 texdatas to 6 (118 bytes to 118)
Writing E:\Misc\3D\neotokyo\mountain lab\ntre_cliff_ctg.bsp
MSG_FILEWRITE - Filesystem was asked to write to 'E:\Misc\3D\neotokyo\mountain lab\ntre_cliff_ctg.bsp', but we don't own that location. Allowing.
Wrote ZIP buffer, estimated size 105901, actual size 105687
0 seconds elapsed



8 threads
reading e:\misc\3d\neotokyo\mountain lab\ntre_cliff_ctg.bsp
reading e:\misc\3d\neotokyo\mountain lab\ntre_cliff_ctg.prt
 114 portalclusters
 355 numportals
0...1...2...3...4...5...6...7...8...9...100...1...2...3...4...5...6...7...8...9...10Optimized: 1 visible clusters (0.01%)
Total clusters visible: 10345
Average clusters visible: 90
Building PAS...
Average clusters audible: 114
visdatasize:4340  compressed from 3648
writing e:\misc\3d\neotokyo\mountain lab\ntre_cliff_ctg.bsp
MSG_FILEWRITE - Filesystem was asked to write to 'e:\misc\3d\neotokyo\mountain lab\ntre_cliff_ctg.bsp', but we don't own that location. Allowing.
0 seconds elapsed



Could not find lights.rad in lights.rad.
Trying VRAD BIN directory instead...
Warning: Couldn't open texlight file G:\Games\Steam\steamapps\common\Source SDK Base 2013 Multiplayer\bin\x64\lights.rad.
Loading e:\misc\3d\neotokyo\mountain lab\ntre_cliff_ctg.bsp
279 faces
659585 square feet [94980360.00 square inches]
0 Displacements
0 Square Feet [0.00 Square Inches]
279 patches before subdivision
7739 patches after subdivision
2 direct lights
0...1...2...3...4...5...6...7...8...9...100...1...2...3...4...5...6...7...8...9...10transfers 99474, max 348
transfer lists:   0.8 megs
0...1...2...3...4...5...6...7...8...9...10	Bounce #1 added RGB(1536, 1387, 1330)
0...1...2...3...4...5...6...7...8...9...10	Bounce #2 added RGB(133, 47, 17)
0...1...2...3...4...5...6...7...8...9...10	Bounce #3 added RGB(19, 4, 2)
0...1...2...3...4...5...6...7...8...9...10	Bounce #4 added RGB(4, 0, 0)
0...1...2...3...4...5...6...7...8...9...10	Bounce #5 added RGB(1, 0, 0)
Build Patch/Sample Hash Table(s).....Done<0.0018 sec>
0...1...2...3...4...5...6...7...8...9...10FinalLightFace Done
0 of 0 (0% of) surface lights went in leaf ambient cubes.
0...1...2...3...4...5...6...7...8...9...10Writing leaf ambient...done
Ready to Finish

Object names       Objects/Maxobjs  Memory / Maxmem  Fullness 
------------       ---------------  ---------------  -------- 
models                   1/1024           48/49152    ( 0.1%) 
brushes                 17/8192          204/98304    ( 0.2%) 
brushsides             121/65536         968/524288   ( 0.2%) 
planes                 180/65536        3600/1310720  ( 0.3%) 
vertexes               363/65536        4356/786432   ( 0.6%) 
nodes                  230/65536        7360/2097152  ( 0.4%) 
texinfos                36/12288        2592/884736   ( 0.3%) 
texdata                  6/2048          192/65536    ( 0.3%) 
dispinfos                0/0               0/0        ( 0.0%) 
disp_verts               0/0               0/0        ( 0.0%) 
disp_tris                0/0               0/0        ( 0.0%) 
disp_lmsamples           0/0               0/0        ( 0.0%) 
faces                  279/65536       15624/3670016  ( 0.4%) 
hdr faces                0/65536           0/3670016  ( 0.0%) 
origfaces               72/65536        4032/3670016  ( 0.1%) 
leaves                 232/65536        7424/2097152  ( 0.4%) 
leaffaces              322/65536         644/131072   ( 0.5%) 
leafbrushes            103/65536         206/131072   ( 0.2%) 
areas                    2/256            16/2048     ( 0.8%) 
surfedges             1503/512000       6012/2048000  ( 0.3%) 
edges                  805/256000       3220/1024000  ( 0.3%) 
LDR worldlights          2/8192          176/720896   ( 0.0%) 
HDR worldlights          0/8192            0/720896   ( 0.0%) 
leafwaterdata            0/32768           0/393216   ( 0.0%) 
waterstrips             11/32768         110/327680   ( 0.0%) 
waterverts               0/65536           0/786432   ( 0.0%) 
waterindices           132/65536         264/131072   ( 0.2%) 
cubemapsamples           0/1024            0/16384    ( 0.0%) 
overlays                 0/512             0/180224   ( 0.0%) 
LDR lightdata         [variable]      223124/0        ( 0.0%) 
HDR lightdata         [variable]           0/0        ( 0.0%) 
visdata               [variable]        4340/16777216 ( 0.0%) 
entdata               [variable]        1236/393216   ( 0.3%) 
LDR ambient table      232/65536         928/262144   ( 0.4%) 
HDR ambient table      232/65536         928/262144   ( 0.4%) 
LDR leaf ambient      1098/65536       30744/1835008  ( 1.7%) 
HDR leaf ambient       232/65536        6496/1835008  ( 0.4%) 
occluders                0/0               0/0        ( 0.0%) 
occluder polygons        0/0               0/0        ( 0.0%) 
occluder vert ind        0/0               0/0        ( 0.0%) 
detail props          [variable]           1/12       ( 8.3%) 
static props          [variable]           1/1080     ( 0.1%) 
pakfile               [variable]      105687/0        ( 0.0%) 
physics               [variable]        7346/4194304  ( 0.2%) 
physics terrain       [variable]           2/1048576  ( 0.0%) 

Level flags = 0

Total triangle count: 649
Writing e:\misc\3d\neotokyo\mountain lab\ntre_cliff_ctg.bsp
1 second elapsed



Using shader api: shaderapiempty.dll
materialPath: G:\Games\Steam\steamapps\common\Source SDK Base 2013 Multiplayer\sourcetest\materials
Loading E:\Misc\3D\neotokyo\mountain lab\ntre_cliff_ctg.vmf
ConVarRef mat_reduceparticles doesn't point to an existing ConVar
Brush 12602: bounds out of range
Could not locate 'GameData' key in g:\games\steam\steamapps\common\source sdk base 2013 multiplayer\sourcetest\gameinfo.txt
fixing up env_cubemap materials on brush sides...
0...1...2...3...4...5...6...7...8...9...10WARNING: BSP node with unbounded volume (material: <NO BRUSH>, near (-2056.000000, 3080.000000, 288.000000))
WARNING: BSP node with unbounded volume (material: <NO BRUSH>, near (-2056.000000, 3080.000000, 288.000000))
WARNING: BSP node with unbounded volume (material: <NO BRUSH>, near (1024.000000, 1024.000000, -65535.996094))
WARNING: BSP node with unbounded volume (material: <NO BRUSH>, near (1024.000000, 3080.000000, 288.000000))
WARNING: BSP node with unbounded volume (material: <NO BRUSH>, near (3072.000000, 3072.000000, -65535.996094))
WARNING: BSP node with unbounded volume (material: <NO BRUSH>, near (1024.000000, 3072.000000, -65535.996094))
WARNING: BSP node with unbounded volume (material: <NO BRUSH>, near (3072.000000, 3080.000000, 288.000000))
WARNING: BSP node with unbounded volume (material: <NO BRUSH>, near (1024.000000, 3080.000000, 288.000000))
WARNING: BSP node with unbounded volume (material: <NO BRUSH>, near (1024.000000, 3072.000000, -65535.996094))
WARNING: BSP node with unbounded volume (material: <NO BRUSH>, near (3072.000000, 1024.000000, -65535.996094))
WARNING: BSP node with unbounded volume (material: <NO BRUSH>, near (3072.000000, 3072.000000, 288.000000))
WARNING: BSP node with unbounded volume (material: <NO BRUSH>, near (3072.000000, 2048.000000, -65535.996094))
WARNING: BSP node with unbounded volume (material: <NO BRUSH>, near (3072.000000, 2048.000000, -65535.996094))
WARNING: BSP node with unbounded volume (material: <NO BRUSH>, near (1024.000000, 3072.000000, -65535.996094))
WARNING: BSP node with unbounded volume (material: DEV/GRAYGRID, near (2048.000000, 2048.000000, -65535.996094))
WARNING: BSP node with unbounded volume (material: <NO BRUSH>, near (2048.000000, 3072.000000, 288.000000))
WARNING: BSP node with unbounded volume (material: TOOLS/TOOLSSKYBOX, near (2048.000000, 2800.000000, -65535.996094))



Using shader api: shaderapiempty.dll
materialPath: G:\Games\Steam\steamapps\common\Source SDK Base 2013 Multiplayer\sourcetest\materials
Loading E:\Misc\3D\neotokyo\mountain lab\ntre_cliff_ctg.vmf
ConVarRef mat_reduceparticles doesn't point to an existing ConVar
Brush 12598: bounds out of range
Brush 12602: bounds out of range
Could not locate 'GameData' key in g:\games\steam\steamapps\common\source sdk base 2013 multiplayer\sourcetest\gameinfo.txt
fixing up env_cubemap materials on brush sides...
0...1...2...3...4...5...6...7...8...9...10WARNING: BSP node with unbounded volume (material: <NO BRUSH>, near (-2056.000000, 3080.000000, 288.000000))
WARNING: BSP node with unbounded volume (material: <NO BRUSH>, near (-2056.000000, 3080.000000, 288.000000))
WARNING: BSP node with unbounded volume (material: <NO BRUSH>, near (1024.000000, 1024.000000, -65535.996094))
WARNING: BSP node with unbounded volume (material: <NO BRUSH>, near (1024.000000, 3080.000000, 288.000000))
WARNING: BSP node with unbounded volume (material: <NO BRUSH>, near (3072.000000, 3072.000000, -65535.996094))
WARNING: BSP node with unbounded volume (material: <NO BRUSH>, near (1024.000000, 3072.000000, -65535.996094))
WARNING: BSP node with unbounded volume (material: <NO BRUSH>, near (3072.000000, 3080.000000, 288.000000))
WARNING: BSP node with unbounded volume (material: <NO BRUSH>, near (1024.000000, 3080.000000, 288.000000))
WARNING: BSP node with unbounded volume (material: <NO BRUSH>, near (1024.000000, 3072.000000, -65535.996094))
WARNING: BSP node with unbounded volume (material: <NO BRUSH>, near (3072.000000, 1024.000000, -65535.996094))
WARNING: BSP node with unbounded volume (material: <NO BRUSH>, near (3072.000000, 3072.000000, 288.000000))
WARNING: BSP node with unbounded volume (material: <NO BRUSH>, near (3072.000000, 2048.000000, -65535.996094))
WARNING: BSP node with unbounded volume (material: <NO BRUSH>, near (3072.000000, 2048.000000, -65535.996094))
WARNING: BSP node with unbounded volume (material: <NO BRUSH>, near (1024.000000, 3072.000000, -65535.996094))
WARNING: BSP node with unbounded volume (material: DEV/GRAYGRID, near (2048.000000, 2048.000000, -65535.996094))
WARNING: BSP node with unbounded volume (material: <NO BRUSH>, near (2048.000000, 3072.000000, 288.000000))
WARNING: BSP node with unbounded volume (material: TOOLS/TOOLSSKYBOX, near (2048.000000, 2800.000000, -65535.996094))



Using shader api: shaderapiempty.dll
materialPath: G:\Games\Steam\steamapps\common\Source SDK Base 2013 Multiplayer\sourcetest\materials
Loading E:\Misc\3D\neotokyo\mountain lab\ntre_cliff_ctg.vmf
ConVarRef mat_reduceparticles doesn't point to an existing ConVar
Brush 12598: bounds out of range
Brush 12602: bounds out of range
Could not locate 'GameData' key in g:\games\steam\steamapps\common\source sdk base 2013 multiplayer\sourcetest\gameinfo.txt
fixing up env_cubemap materials on brush sides...
0...1...2...3...4...5...6...7...8...9...10WARNING: BSP node with unbounded volume (material: <NO BRUSH>, near (-2056.000000, 3080.000000, 288.000000))
WARNING: BSP node with unbounded volume (material: <NO BRUSH>, near (-2056.000000, 3080.000000, 288.000000))
WARNING: BSP node with unbounded volume (material: <NO BRUSH>, near (1024.000000, 1024.000000, -65535.996094))
WARNING: BSP node with unbounded volume (material: <NO BRUSH>, near (1024.000000, 3080.000000, 288.000000))
WARNING: BSP node with unbounded volume (material: <NO BRUSH>, near (3072.000000, 3072.000000, -65535.996094))
WARNING: BSP node with unbounded volume (material: <NO BRUSH>, near (1024.000000, 3072.000000, -65535.996094))
WARNING: BSP node with unbounded volume (material: <NO BRUSH>, near (3072.000000, 3080.000000, 288.000000))
WARNING: BSP node with unbounded volume (material: <NO BRUSH>, near (1024.000000, 3080.000000, 288.000000))
WARNING: BSP node with unbounded volume (material: <NO BRUSH>, near (1024.000000, 3072.000000, -65535.996094))
WARNING: BSP node with unbounded volume (material: <NO BRUSH>, near (3072.000000, 1024.000000, -65535.996094))
WARNING: BSP node with unbounded volume (material: <NO BRUSH>, near (3072.000000, 3072.000000, 288.000000))
WARNING: BSP node with unbounded volume (material: <NO BRUSH>, near (3072.000000, 2048.000000, -65535.996094))
WARNING: BSP node with unbounded volume (material: <NO BRUSH>, near (3072.000000, 2048.000000, -65535.996094))
WARNING: BSP node with unbounded volume (material: <NO BRUSH>, near (1024.000000, 3072.000000, -65535.996094))
WARNING: BSP node with unbounded volume (material: DEV/GRAYGRID, near (2048.000000, 2048.000000, -65535.996094))
WARNING: BSP node with unbounded volume (material: <NO BRUSH>, near (2048.000000, 3072.000000, 288.000000))
WARNING: BSP node with unbounded volume (material: TOOLS/TOOLSSKYBOX, near (2048.000000, 2800.000000, -65535.996094))



Using shader api: shaderapiempty.dll
materialPath: G:\Games\Steam\steamapps\common\Source SDK Base 2013 Multiplayer\sourcetest\materials
Loading E:\Misc\3D\neotokyo\mountain lab\ntre_cliff_ctg.vmf
ConVarRef mat_reduceparticles doesn't point to an existing ConVar
Could not locate 'GameData' key in g:\games\steam\steamapps\common\source sdk base 2013 multiplayer\sourcetest\gameinfo.txt
fixing up env_cubemap materials on brush sides...
0...1...2...3...4...5...6...7...8...9...100...1...2...3...4...5...6...7...8...9...10Processing areas...done (0)
Building Faces...done (0)
FixTjuncs...
PruneNodes...
WriteBSP...
done (0)
writing E:\Misc\3D\neotokyo\mountain lab\ntre_cliff_ctg.prt...Building visibility clusters...
done (0)
Creating default LDR cubemaps for env_cubemap using skybox materials:
   skybox/sky_day01_01*.vmt
 ! Run buildcubemaps in the engine to get the correct cube maps.
Creating default HDR cubemaps for env_cubemap using skybox materials:
   skybox/sky_day01_01*.vmt
 ! Run buildcubemaps in the engine to get the correct cube maps.
Finding displacement neighbors...
Finding lightmap sample positions...
Displacement Alpha : 0...1...2...3...4...5...6...7...8...9...10
Building Physics collision data...
done (0) (10014 bytes)
Error! To use model "models/nt/props_tech/windspeedmeter.mdl"
      with prop_static, it must be compiled with $staticprop!
Error loading studio model "models/nt/props_tech/windspeedmeter.mdl"!
Placing detail props : 0...1...2...3...4...5...6...7...8...9...10
Compacting texture/material tables...
Reduced 78 texinfos to 66
Reduced 9 texdatas to 9 (187 bytes to 187)
Writing E:\Misc\3D\neotokyo\mountain lab\ntre_cliff_ctg.bsp
MSG_FILEWRITE - Filesystem was asked to write to 'E:\Misc\3D\neotokyo\mountain lab\ntre_cliff_ctg.bsp', but we don't own that location. Allowing.
Wrote ZIP buffer, estimated size 105901, actual size 105687
0 seconds elapsed



8 threads
reading e:\misc\3d\neotokyo\mountain lab\ntre_cliff_ctg.bsp
reading e:\misc\3d\neotokyo\mountain lab\ntre_cliff_ctg.prt
 138 portalclusters
 440 numportals
0...1...2...3...4...5...6...7...8...9...100...1...2...3...4...5...6...7...8...9...10Optimized: 9 visible clusters (0.06%)
Total clusters visible: 14999
Average clusters visible: 108
Building PAS...
Average clusters audible: 138
visdatasize:6030  compressed from 6624
writing e:\misc\3d\neotokyo\mountain lab\ntre_cliff_ctg.bsp
MSG_FILEWRITE - Filesystem was asked to write to 'e:\misc\3d\neotokyo\mountain lab\ntre_cliff_ctg.bsp', but we don't own that location. Allowing.
0 seconds elapsed



Could not find lights.rad in lights.rad.
Trying VRAD BIN directory instead...
Warning: Couldn't open texlight file G:\Games\Steam\steamapps\common\Source SDK Base 2013 Multiplayer\bin\x64\lights.rad.
Loading e:\misc\3d\neotokyo\mountain lab\ntre_cliff_ctg.bsp
322 faces
659778 square feet [95008160.00 square inches]
0 Displacements
0 Square Feet [0.00 Square Inches]
322 patches before subdivision
9438 patches after subdivision
2 direct lights
0...1...2...3...4...5...6...7...8...9...100...1...2...3...4...5...6...7...8...9...10transfers 147025, max 351
transfer lists:   1.1 megs
0...1...2...3...4...5...6...7...8...9...10	Bounce #1 added RGB(1570, 1421, 1360)
0...1...2...3...4...5...6...7...8...9...10	Bounce #2 added RGB(132, 46, 16)
0...1...2...3...4...5...6...7...8...9...10	Bounce #3 added RGB(19, 4, 1)
0...1...2...3...4...5...6...7...8...9...10	Bounce #4 added RGB(4, 0, 0)
0...1...2...3...4...5...6...7...8...9...10	Bounce #5 added RGB(1, 0, 0)
Build Patch/Sample Hash Table(s).....Done<0.0020 sec>
0...1...2...3...4...5...6...7...8...9...10FinalLightFace Done
0 of 0 (0% of) surface lights went in leaf ambient cubes.
0...1...2...3...4...5...6...7...8...9...10Writing leaf ambient...done
Ready to Finish

Object names       Objects/Maxobjs  Memory / Maxmem  Fullness 
------------       ---------------  ---------------  -------- 
models                   1/1024           48/49152    ( 0.1%) 
brushes                 27/8192          324/98304    ( 0.3%) 
brushsides             257/65536        2056/524288   ( 0.4%) 
planes                 334/65536        6680/1310720  ( 0.5%) 
vertexes               391/65536        4692/786432   ( 0.6%) 
nodes                  264/65536        8448/2097152  ( 0.4%) 
texinfos                66/12288        4752/884736   ( 0.5%) 
texdata                  9/2048          288/65536    ( 0.4%) 
dispinfos                0/0               0/0        ( 0.0%) 
disp_verts               0/0               0/0        ( 0.0%) 
disp_tris                0/0               0/0        ( 0.0%) 
disp_lmsamples           0/0               0/0        ( 0.0%) 
faces                  322/65536       18032/3670016  ( 0.5%) 
hdr faces                0/65536           0/3670016  ( 0.0%) 
origfaces               93/65536        5208/3670016  ( 0.1%) 
leaves                 266/65536        8512/2097152  ( 0.4%) 
leaffaces              428/65536         856/131072   ( 0.7%) 
leafbrushes            120/65536         240/131072   ( 0.2%) 
areas                    2/256            16/2048     ( 0.8%) 
surfedges             1720/512000       6880/2048000  ( 0.3%) 
edges                  921/256000       3684/1024000  ( 0.4%) 
LDR worldlights          2/8192          176/720896   ( 0.0%) 
HDR worldlights          0/8192            0/720896   ( 0.0%) 
leafwaterdata            0/32768           0/393216   ( 0.0%) 
waterstrips              7/32768          70/327680   ( 0.0%) 
waterverts               0/65536           0/786432   ( 0.0%) 
waterindices            78/65536         156/131072   ( 0.1%) 
cubemapsamples           0/1024            0/16384    ( 0.0%) 
overlays                 0/512             0/180224   ( 0.0%) 
LDR lightdata         [variable]      367828/0        ( 0.0%) 
HDR lightdata         [variable]           0/0        ( 0.0%) 
visdata               [variable]        6030/16777216 ( 0.0%) 
entdata               [variable]        1245/393216   ( 0.3%) 
LDR ambient table      266/65536        1064/262144   ( 0.4%) 
HDR ambient table      266/65536        1064/262144   ( 0.4%) 
LDR leaf ambient      1395/65536       39060/1835008  ( 2.1%) 
HDR leaf ambient       266/65536        7448/1835008  ( 0.4%) 
occluders                0/0               0/0        ( 0.0%) 
occluder polygons        0/0               0/0        ( 0.0%) 
occluder vert ind        0/0               0/0        ( 0.0%) 
detail props          [variable]           1/12       ( 8.3%) 
static props          [variable]           1/1084     ( 0.1%) 
pakfile               [variable]      105687/0        ( 0.0%) 
physics               [variable]       10014/4194304  ( 0.2%) 
physics terrain       [variable]           2/1048576  ( 0.0%) 

Level flags = 0

Total triangle count: 708
Writing e:\misc\3d\neotokyo\mountain lab\ntre_cliff_ctg.bsp
1 second elapsed



Using shader api: shaderapiempty.dll
materialPath: G:\Games\Steam\steamapps\common\Source SDK Base 2013 Multiplayer\sourcetest\materials
Loading E:\Misc\3D\neotokyo\mountain lab\ntre_cliff_ctg.vmf
ConVarRef mat_reduceparticles doesn't point to an existing ConVar
Could not locate 'GameData' key in g:\games\steam\steamapps\common\source sdk base 2013 multiplayer\sourcetest\gameinfo.txt
fixing up env_cubemap materials on brush sides...
0...1...2...3...4...5...6...7...8...9...100...1...2...3...4...5...6...7...8...9...10Processing areas...done (0)
Building Faces...done (0)
FixTjuncs...
PruneNodes...
WriteBSP...
done (0)
writing E:\Misc\3D\neotokyo\mountain lab\ntre_cliff_ctg.prt...Building visibility clusters...
done (0)
Creating default LDR cubemaps for env_cubemap using skybox materials:
   skybox/sky_day01_01*.vmt
 ! Run buildcubemaps in the engine to get the correct cube maps.
Creating default HDR cubemaps for env_cubemap using skybox materials:
   skybox/sky_day01_01*.vmt
 ! Run buildcubemaps in the engine to get the correct cube maps.
Finding displacement neighbors...
Finding lightmap sample positions...
Displacement Alpha : 0...1...2...3...4...5...6...7...8...9...10
Building Physics collision data...
done (0) (10606 bytes)
Error! To use model "models/nt/props_tech/windspeedmeter.mdl"
      with prop_static, it must be compiled with $staticprop!
Error loading studio model "models/nt/props_tech/windspeedmeter.mdl"!
Placing detail props : 0...1...2...3...4...5...6...7...8...9...10
Compacting texture/material tables...
Reduced 83 texinfos to 70
Reduced 9 texdatas to 9 (187 bytes to 187)
Writing E:\Misc\3D\neotokyo\mountain lab\ntre_cliff_ctg.bsp
MSG_FILEWRITE - Filesystem was asked to write to 'E:\Misc\3D\neotokyo\mountain lab\ntre_cliff_ctg.bsp', but we don't own that location. Allowing.
Wrote ZIP buffer, estimated size 105901, actual size 105687
0 seconds elapsed



8 threads
reading e:\misc\3d\neotokyo\mountain lab\ntre_cliff_ctg.bsp
reading e:\misc\3d\neotokyo\mountain lab\ntre_cliff_ctg.prt
 141 portalclusters
 440 numportals
0...1...2...3...4...5...6...7...8...9...100...1...2...3...4...5...6...7...8...9...10Optimized: 11 visible clusters (0.07%)
Total clusters visible: 15018
Average clusters visible: 106
Building PAS...
Average clusters audible: 141
visdatasize:6165  compressed from 6768
writing e:\misc\3d\neotokyo\mountain lab\ntre_cliff_ctg.bsp
MSG_FILEWRITE - Filesystem was asked to write to 'e:\misc\3d\neotokyo\mountain lab\ntre_cliff_ctg.bsp', but we don't own that location. Allowing.
0 seconds elapsed



Could not find lights.rad in lights.rad.
Trying VRAD BIN directory instead...
Warning: Couldn't open texlight file G:\Games\Steam\steamapps\common\Source SDK Base 2013 Multiplayer\bin\x64\lights.rad.
Loading e:\misc\3d\neotokyo\mountain lab\ntre_cliff_ctg.bsp
340 faces
659827 square feet [95015200.00 square inches]
0 Displacements
0 Square Feet [0.00 Square Inches]
340 patches before subdivision
9490 patches after subdivision
2 direct lights
0...1...2...3...4...5...6...7...8...9...100...1...2...3...4...5...6...7...8...9...10transfers 161409, max 363
transfer lists:   1.2 megs
0...1...2...3...4...5...6...7...8...9...10	Bounce #1 added RGB(1631, 1483, 1420)
0...1...2...3...4...5...6...7...8...9...10	Bounce #2 added RGB(134, 47, 17)
0...1...2...3...4...5...6...7...8...9...10	Bounce #3 added RGB(19, 4, 1)
0...1...2...3...4...5...6...7...8...9...10	Bounce #4 added RGB(4, 0, 0)
0...1...2...3...4...5...6...7...8...9...10	Bounce #5 added RGB(1, 0, 0)
Build Patch/Sample Hash Table(s).....Done<0.0019 sec>
0...1...2...3...4...5...6...7...8...9...10FinalLightFace Done
0 of 0 (0% of) surface lights went in leaf ambient cubes.
0...1...2...3...4...5...6...7...8...9...10Writing leaf ambient...done
Ready to Finish

Object names       Objects/Maxobjs  Memory / Maxmem  Fullness 
------------       ---------------  ---------------  -------- 
models                   1/1024           48/49152    ( 0.1%) 
brushes                 29/8192          348/98304    ( 0.4%) 
brushsides             277/65536        2216/524288   ( 0.4%) 
planes                 358/65536        7160/1310720  ( 0.5%) 
vertexes               416/65536        4992/786432   ( 0.6%) 
nodes                  277/65536        8864/2097152  ( 0.4%) 
texinfos                70/12288        5040/884736   ( 0.6%) 
texdata                  9/2048          288/65536    ( 0.4%) 
dispinfos                0/0               0/0        ( 0.0%) 
disp_verts               0/0               0/0        ( 0.0%) 
disp_tris                0/0               0/0        ( 0.0%) 
disp_lmsamples           0/0               0/0        ( 0.0%) 
faces                  340/65536       19040/3670016  ( 0.5%) 
hdr faces                0/65536           0/3670016  ( 0.0%) 
origfaces               97/65536        5432/3670016  ( 0.1%) 
leaves                 279/65536        8928/2097152  ( 0.4%) 
leaffaces              463/65536         926/131072   ( 0.7%) 
leafbrushes            132/65536         264/131072   ( 0.2%) 
areas                    2/256            16/2048     ( 0.8%) 
surfedges             1816/512000       7264/2048000  ( 0.4%) 
edges                  977/256000       3908/1024000  ( 0.4%) 
LDR worldlights          2/8192          176/720896   ( 0.0%) 
HDR worldlights          0/8192            0/720896   ( 0.0%) 
leafwaterdata            0/32768           0/393216   ( 0.0%) 
waterstrips             12/32768         120/327680   ( 0.0%) 
waterverts               0/65536           0/786432   ( 0.0%) 
waterindices           147/65536         294/131072   ( 0.2%) 
cubemapsamples           0/1024            0/16384    ( 0.0%) 
overlays                 0/512             0/180224   ( 0.0%) 
LDR lightdata         [variable]      369512/0        ( 0.0%) 
HDR lightdata         [variable]           0/0        ( 0.0%) 
visdata               [variable]        6165/16777216 ( 0.0%) 
entdata               [variable]        1245/393216   ( 0.3%) 
LDR ambient table      279/65536        1116/262144   ( 0.4%) 
HDR ambient table      279/65536        1116/262144   ( 0.4%) 
LDR leaf ambient      1367/65536       38276/1835008  ( 2.1%) 
HDR leaf ambient       279/65536        7812/1835008  ( 0.4%) 
occluders                0/0               0/0        ( 0.0%) 
occluder polygons        0/0               0/0        ( 0.0%) 
occluder vert ind        0/0               0/0        ( 0.0%) 
detail props          [variable]           1/12       ( 8.3%) 
static props          [variable]           1/1080     ( 0.1%) 
pakfile               [variable]      105687/0        ( 0.0%) 
physics               [variable]       10606/4194304  ( 0.3%) 
physics terrain       [variable]           2/1048576  ( 0.0%) 

Level flags = 0

Total triangle count: 752
Writing e:\misc\3d\neotokyo\mountain lab\ntre_cliff_ctg.bsp
1 second elapsed



Using shader api: shaderapiempty.dll
materialPath: G:\Games\Steam\steamapps\common\Source SDK Base 2013 Multiplayer\sourcetest\materials
Loading E:\Misc\3D\neotokyo\mountain lab\ntre_cliff_ctg.vmf
ConVarRef mat_reduceparticles doesn't point to an existing ConVar
Could not locate 'GameData' key in g:\games\steam\steamapps\common\source sdk base 2013 multiplayer\sourcetest\gameinfo.txt
fixing up env_cubemap materials on brush sides...
0...1...2...3...4...5...6...7...8...9...100...1...2...3...4...5...6...7...8...9...10Processing areas...done (0)
Building Faces...done (0)
Chop Details...done (0)
Find Visible Detail Sides...done (0)
Merging details...done (0)
FixTjuncs...
PruneNodes...
WriteBSP...
done (0)
writing E:\Misc\3D\neotokyo\mountain lab\ntre_cliff_ctg.prt...Building visibility clusters...
done (0)
Creating default LDR cubemaps for env_cubemap using skybox materials:
   skybox/sky_day01_01*.vmt
 ! Run buildcubemaps in the engine to get the correct cube maps.
Creating default HDR cubemaps for env_cubemap using skybox materials:
   skybox/sky_day01_01*.vmt
 ! Run buildcubemaps in the engine to get the correct cube maps.
Finding displacement neighbors...
Finding lightmap sample positions...
Displacement Alpha : 0...1...2...3...4...5...6...7...8...9...10
Building Physics collision data...
done (0) (26209 bytes)
Error! To use model "models/nt/props_tech/windspeedmeter.mdl"
      with prop_static, it must be compiled with $staticprop!
Error loading studio model "models/nt/props_tech/windspeedmeter.mdl"!
Placing detail props : 0...1...2...3...4...5...6...7...8...9...10
Compacting texture/material tables...
Reduced 224 texinfos to 175
Reduced 10 texdatas to 9 (209 bytes to 187)
Writing E:\Misc\3D\neotokyo\mountain lab\ntre_cliff_ctg.bsp
MSG_FILEWRITE - Filesystem was asked to write to 'E:\Misc\3D\neotokyo\mountain lab\ntre_cliff_ctg.bsp', but we don't own that location. Allowing.
Wrote ZIP buffer, estimated size 105901, actual size 105687
0 seconds elapsed



8 threads
reading e:\misc\3d\neotokyo\mountain lab\ntre_cliff_ctg.bsp
reading e:\misc\3d\neotokyo\mountain lab\ntre_cliff_ctg.prt
 253 portalclusters
 849 numportals
0...1...2...3...4...5...6...7...8...9...100...1...2...3...4...5...6...7...8...9...10Optimized: 148 visible clusters (0.32%)
Total clusters visible: 46463
Average clusters visible: 183
Building PAS...
Average clusters audible: 253
visdatasize:18076  compressed from 16192
writing e:\misc\3d\neotokyo\mountain lab\ntre_cliff_ctg.bsp
MSG_FILEWRITE - Filesystem was asked to write to 'e:\misc\3d\neotokyo\mountain lab\ntre_cliff_ctg.bsp', but we don't own that location. Allowing.
29 seconds elapsed



Could not find lights.rad in lights.rad.
Trying VRAD BIN directory instead...
Warning: Couldn't open texlight file G:\Games\Steam\steamapps\common\Source SDK Base 2013 Multiplayer\bin\x64\lights.rad.
Loading e:\misc\3d\neotokyo\mountain lab\ntre_cliff_ctg.bsp
630 faces
668380 square feet [96246848.00 square inches]
0 Displacements
0 Square Feet [0.00 Square Inches]
630 patches before subdivision
12108 patches after subdivision
2 direct lights
0...1...2...3...4...5...6...7...8...9...100...1...2...3...4...5...6...7...8...9...10transfers 391930, max 373
transfer lists:   3.0 megs
0...1...2...3...4...5...6...7...8...9...10	Bounce #1 added RGB(9906, 9715, 9641)
0...1...2...3...4...5...6...7...8...9...10	Bounce #2 added RGB(642, 542, 509)
0...1...2...3...4...5...6...7...8...9...10	Bounce #3 added RGB(58, 41, 38)
0...1...2...3...4...5...6...7...8...9...10	Bounce #4 added RGB(7, 3, 3)
0...1...2...3...4...5...6...7...8...9...10	Bounce #5 added RGB(1, 0, 0)
0...1...2...3...4...5...6...7...8...9...10	Bounce #6 added RGB(0, 0, 0)
Build Patch/Sample Hash Table(s).....Done<0.0022 sec>
0...1...2...3...4...5...6...7...8...9...10FinalLightFace Done
0 of 0 (0% of) surface lights went in leaf ambient cubes.
0...1...2...3...4...5...6...7...8...9...10Writing leaf ambient...done
Ready to Finish

Object names       Objects/Maxobjs  Memory / Maxmem  Fullness 
------------       ---------------  ---------------  -------- 
models                   1/1024           48/49152    ( 0.1%) 
brushes                 77/8192          924/98304    ( 0.9%) 
brushsides             613/65536        4904/524288   ( 0.9%) 
planes                 538/65536       10760/1310720  ( 0.8%) 
vertexes               818/65536        9816/786432   ( 1.2%) 
nodes                  484/65536       15488/2097152  ( 0.7%) 
texinfos               175/12288       12600/884736   ( 1.4%) 
texdata                  9/2048          288/65536    ( 0.4%) 
dispinfos                0/0               0/0        ( 0.0%) 
disp_verts               0/0               0/0        ( 0.0%) 
disp_tris                0/0               0/0        ( 0.0%) 
disp_lmsamples           0/0               0/0        ( 0.0%) 
faces                  630/65536       35280/3670016  ( 1.0%) 
hdr faces                0/65536           0/3670016  ( 0.0%) 
origfaces              242/65536       13552/3670016  ( 0.4%) 
leaves                 486/65536       15552/2097152  ( 0.7%) 
leaffaces              750/65536        1500/131072   ( 1.1%) 
leafbrushes            234/65536         468/131072   ( 0.4%) 
areas                    2/256            16/2048     ( 0.8%) 
surfedges             3781/512000      15124/2048000  ( 0.7%) 
edges                 2076/256000       8304/1024000  ( 0.8%) 
LDR worldlights          2/8192          176/720896   ( 0.0%) 
HDR worldlights          0/8192            0/720896   ( 0.0%) 
leafwaterdata            0/32768           0/393216   ( 0.0%) 
waterstrips             37/32768         370/327680   ( 0.1%) 
waterverts               0/65536           0/786432   ( 0.0%) 
waterindices           609/65536        1218/131072   ( 0.9%) 
cubemapsamples           0/1024            0/16384    ( 0.0%) 
overlays                 0/512             0/180224   ( 0.0%) 
LDR lightdata         [variable]      413416/0        ( 0.0%) 
HDR lightdata         [variable]           0/0        ( 0.0%) 
visdata               [variable]       18076/16777216 ( 0.1%) 
entdata               [variable]        1245/393216   ( 0.3%) 
LDR ambient table      486/65536        1944/262144   ( 0.7%) 
HDR ambient table      486/65536        1944/262144   ( 0.7%) 
LDR leaf ambient      2740/65536       76720/1835008  ( 4.2%) 
HDR leaf ambient       486/65536       13608/1835008  ( 0.7%) 
occluders                0/0               0/0        ( 0.0%) 
occluder polygons        0/0               0/0        ( 0.0%) 
occluder vert ind        0/0               0/0        ( 0.0%) 
detail props          [variable]           1/12       ( 8.3%) 
static props          [variable]           1/1768     ( 0.1%) 
pakfile               [variable]      105687/0        ( 0.0%) 
physics               [variable]       26209/4194304  ( 0.6%) 
physics terrain       [variable]           2/1048576  ( 0.0%) 

Level flags = 0

Total triangle count: 1579
Writing e:\misc\3d\neotokyo\mountain lab\ntre_cliff_ctg.bsp
1 second elapsed



Using shader api: shaderapiempty.dll
materialPath: G:\Games\Steam\steamapps\common\Source SDK Base 2013 Multiplayer\sourcetest\materials
Loading E:\Misc\3D\neotokyo\mountain lab\ntre_cliff_ctg.vmf
ConVarRef mat_reduceparticles doesn't point to an existing ConVar
Could not locate 'GameData' key in g:\games\steam\steamapps\common\source sdk base 2013 multiplayer\sourcetest\gameinfo.txt
fixing up env_cubemap materials on brush sides...
0...1...2...3...4...5...6...7...8...9...100...1...2...3...4...5...6...7...8...9...10Processing areas...done (0)
Building Faces...done (0)
Chop Details...done (0)
Find Visible Detail Sides...done (0)
Merging details...done (0)
FixTjuncs...
PruneNodes...
WriteBSP...
done (0)
writing E:\Misc\3D\neotokyo\mountain lab\ntre_cliff_ctg.prt...Building visibility clusters...
done (0)
Creating default LDR cubemaps for env_cubemap using skybox materials:
   skybox/sky_day01_01*.vmt
 ! Run buildcubemaps in the engine to get the correct cube maps.
Creating default HDR cubemaps for env_cubemap using skybox materials:
   skybox/sky_day01_01*.vmt
 ! Run buildcubemaps in the engine to get the correct cube maps.
Finding displacement neighbors...
Finding lightmap sample positions...
Displacement Alpha : 0...1...2...3...4...5...6...7...8...9...10
Building Physics collision data...
done (0) (26193 bytes)
Error! To use model "models/nt/props_tech/windspeedmeter.mdl"
      with prop_static, it must be compiled with $staticprop!
Error loading studio model "models/nt/props_tech/windspeedmeter.mdl"!
Placing detail props : 0...1...2...3...4...5...6...7...8...9...10
Compacting texture/material tables...
Reduced 213 texinfos to 166
Reduced 10 texdatas to 9 (209 bytes to 187)
Writing E:\Misc\3D\neotokyo\mountain lab\ntre_cliff_ctg.bsp
MSG_FILEWRITE - Filesystem was asked to write to 'E:\Misc\3D\neotokyo\mountain lab\ntre_cliff_ctg.bsp', but we don't own that location. Allowing.
Wrote ZIP buffer, estimated size 105901, actual size 105687
0 seconds elapsed



8 threads
reading e:\misc\3d\neotokyo\mountain lab\ntre_cliff_ctg.bsp
reading e:\misc\3d\neotokyo\mountain lab\ntre_cliff_ctg.prt
 257 portalclusters
 855 numportals
0...1...2...3...4...5...6...7...8...9...100...1...2...3...4...5...6...7...8...9...10Optimized: 208 visible clusters (0.42%)
Total clusters visible: 49551
Average clusters visible: 192
Building PAS...
Average clusters audible: 257
visdatasize:18865  compressed from 20560
writing e:\misc\3d\neotokyo\mountain lab\ntre_cliff_ctg.bsp
MSG_FILEWRITE - Filesystem was asked to write to 'e:\misc\3d\neotokyo\mountain lab\ntre_cliff_ctg.bsp', but we don't own that location. Allowing.
18 seconds elapsed



Could not find lights.rad in lights.rad.
Trying VRAD BIN directory instead...
Warning: Couldn't open texlight file G:\Games\Steam\steamapps\common\Source SDK Base 2013 Multiplayer\bin\x64\lights.rad.
Loading e:\misc\3d\neotokyo\mountain lab\ntre_cliff_ctg.bsp
652 faces
666855 square feet [96027240.00 square inches]
0 Displacements
0 Square Feet [0.00 Square Inches]
652 patches before subdivision
12392 patches after subdivision
2 direct lights
0...1...2...3...4...5...6...7...8...9...100...1...2...3...4...5...6...7...8...9...10transfers 419305, max 393
transfer lists:   3.2 megs
0...1...2...3...4...5...6...7...8...9...10	Bounce #1 added RGB(10177, 9990, 9916)
0...1...2...3...4...5...6...7...8...9...10	Bounce #2 added RGB(635, 534, 501)
0...1...2...3...4...5...6...7...8...9...10	Bounce #3 added RGB(58, 41, 39)
0...1...2...3...4...5...6...7...8...9...10	Bounce #4 added RGB(7, 3, 3)
0...1...2...3...4...5...6...7...8...9...10	Bounce #5 added RGB(1, 0, 0)
0...1...2...3...4...5...6...7...8...9...10	Bounce #6 added RGB(0, 0, 0)
Build Patch/Sample Hash Table(s).....Done<0.0022 sec>
0...1...2...3...4...5...6...7...8...9...10FinalLightFace Done
0 of 0 (0% of) surface lights went in leaf ambient cubes.
0...1...2...3...4...5...6...7...8...9...10Writing leaf ambient...done
Ready to Finish

Object names       Objects/Maxobjs  Memory / Maxmem  Fullness 
------------       ---------------  ---------------  -------- 
models                   1/1024           48/49152    ( 0.1%) 
brushes                 77/8192          924/98304    ( 0.9%) 
brushsides             617/65536        4936/524288   ( 0.9%) 
planes                 552/65536       11040/1310720  ( 0.8%) 
vertexes               840/65536       10080/786432   ( 1.3%) 
nodes                  489/65536       15648/2097152  ( 0.7%) 
texinfos               166/12288       11952/884736   ( 1.4%) 
texdata                  9/2048          288/65536    ( 0.4%) 
dispinfos                0/0               0/0        ( 0.0%) 
disp_verts               0/0               0/0        ( 0.0%) 
disp_tris                0/0               0/0        ( 0.0%) 
disp_lmsamples           0/0               0/0        ( 0.0%) 
faces                  652/65536       36512/3670016  ( 1.0%) 
hdr faces                0/65536           0/3670016  ( 0.0%) 
origfaces              242/65536       13552/3670016  ( 0.4%) 
leaves                 491/65536       15712/2097152  ( 0.7%) 
leaffaces              758/65536        1516/131072   ( 1.2%) 
leafbrushes            233/65536         466/131072   ( 0.4%) 
areas                    2/256            16/2048     ( 0.8%) 
surfedges             3870/512000      15480/2048000  ( 0.8%) 
edges                 2119/256000       8476/1024000  ( 0.8%) 
LDR worldlights          2/8192          176/720896   ( 0.0%) 
HDR worldlights          0/8192            0/720896   ( 0.0%) 
leafwaterdata            0/32768           0/393216   ( 0.0%) 
waterstrips             35/32768         350/327680   ( 0.1%) 
waterverts               0/65536           0/786432   ( 0.0%) 
waterindices           594/65536        1188/131072   ( 0.9%) 
cubemapsamples           0/1024            0/16384    ( 0.0%) 
overlays                 0/512             0/180224   ( 0.0%) 
LDR lightdata         [variable]      413816/0        ( 0.0%) 
HDR lightdata         [variable]           0/0        ( 0.0%) 
visdata               [variable]       18865/16777216 ( 0.1%) 
entdata               [variable]        1252/393216   ( 0.3%) 
LDR ambient table      491/65536        1964/262144   ( 0.7%) 
HDR ambient table      491/65536        1964/262144   ( 0.7%) 
LDR leaf ambient      2666/65536       74648/1835008  ( 4.1%) 
HDR leaf ambient       491/65536       13748/1835008  ( 0.7%) 
occluders                0/0               0/0        ( 0.0%) 
occluder polygons        0/0               0/0        ( 0.0%) 
occluder vert ind        0/0               0/0        ( 0.0%) 
detail props          [variable]           1/12       ( 8.3%) 
static props          [variable]           1/1772     ( 0.1%) 
pakfile               [variable]      105687/0        ( 0.0%) 
physics               [variable]       26193/4194304  ( 0.6%) 
physics terrain       [variable]           2/1048576  ( 0.0%) 

Level flags = 0

Total triangle count: 1624
Writing e:\misc\3d\neotokyo\mountain lab\ntre_cliff_ctg.bsp
1 second elapsed



Using shader api: shaderapiempty.dll
materialPath: G:\Games\Steam\steamapps\common\Source SDK Base 2013 Multiplayer\sourcetest\materials
Loading E:\Misc\3D\neotokyo\mountain lab\ntre_cliff_ctg.vmf
ConVarRef mat_reduceparticles doesn't point to an existing ConVar
Could not locate 'GameData' key in g:\games\steam\steamapps\common\source sdk base 2013 multiplayer\sourcetest\gameinfo.txt
fixing up env_cubemap materials on brush sides...
0...1...2...3...4...5...6...7...8...9...100...1...2...3...4...5...6...7...8...9...10Processing areas...done (0)
Building Faces...done (0)
Chop Details...done (0)
Find Visible Detail Sides...done (0)
Merging details...done (0)
FixTjuncs...
PruneNodes...
WriteBSP...
done (0)
writing E:\Misc\3D\neotokyo\mountain lab\ntre_cliff_ctg.prt...Building visibility clusters...
done (0)
Creating default LDR cubemaps for env_cubemap using skybox materials:
   skybox/sky_day01_01*.vmt
 ! Run buildcubemaps in the engine to get the correct cube maps.
Creating default HDR cubemaps for env_cubemap using skybox materials:
   skybox/sky_day01_01*.vmt
 ! Run buildcubemaps in the engine to get the correct cube maps.
Finding displacement neighbors...
Finding lightmap sample positions...
Displacement Alpha : 0...1...2...3...4...5...6...7...8...9...10
Building Physics collision data...
done (0) (43113 bytes)
Error! To use model "models/nt/props_tech/windspeedmeter.mdl"
      with prop_static, it must be compiled with $staticprop!
Error loading studio model "models/nt/props_tech/windspeedmeter.mdl"!
Placing detail props : 0...1...2...3...4...5...6...7...8...9...10
Compacting texture/material tables...
Reduced 336 texinfos to 262
Reduced 10 texdatas to 9 (209 bytes to 187)
Writing E:\Misc\3D\neotokyo\mountain lab\ntre_cliff_ctg.bsp
MSG_FILEWRITE - Filesystem was asked to write to 'E:\Misc\3D\neotokyo\mountain lab\ntre_cliff_ctg.bsp', but we don't own that location. Allowing.
Wrote ZIP buffer, estimated size 105901, actual size 105687
0 seconds elapsed



8 threads
reading e:\misc\3d\neotokyo\mountain lab\ntre_cliff_ctg.bsp
reading e:\misc\3d\neotokyo\mountain lab\ntre_cliff_ctg.prt
 423 portalclusters
1494 numportals
0...1...2...3...4...5...6...7...8...9...100...1...2...3...4...5...6...7...8...9...10Optimized: 611 visible clusters (0.50%)
Total clusters visible: 123056
Average clusters visible: 290
Building PAS...
Average clusters audible: 422
visdatasize:47758  compressed from 47376
writing e:\misc\3d\neotokyo\mountain lab\ntre_cliff_ctg.bsp
MSG_FILEWRITE - Filesystem was asked to write to 'e:\misc\3d\neotokyo\mountain lab\ntre_cliff_ctg.bsp', but we don't own that location. Allowing.
53 seconds elapsed



Could not find lights.rad in lights.rad.
Trying VRAD BIN directory instead...
Warning: Couldn't open texlight file G:\Games\Steam\steamapps\common\Source SDK Base 2013 Multiplayer\bin\x64\lights.rad.
Loading e:\misc\3d\neotokyo\mountain lab\ntre_cliff_ctg.bsp
1109 faces
1200667 square feet [172896048.00 square inches]
0 Displacements
0 Square Feet [0.00 Square Inches]
1109 patches before subdivision
19957 patches after subdivision
2 direct lights
0...1...2...3...4...5...6...7...8...9...100...1...2...3...4...5...6...7...8...9...10transfers 1562046, max 526
transfer lists:  11.9 megs
0...1...2...3...4...5...6...7...8...9...10	Bounce #1 added RGB(24047, 23805, 23741)
0...1...2...3...4...5...6...7...8...9...10	Bounce #2 added RGB(1506, 1393, 1365)
0...1...2...3...4...5...6...7...8...9...10	Bounce #3 added RGB(236, 215, 212)
0...1...2...3...4...5...6...7...8...9...10	Bounce #4 added RGB(20, 17, 16)
0...1...2...3...4...5...6...7...8...9...10	Bounce #5 added RGB(4, 3, 3)
0...1...2...3...4...5...6...7...8...9...10	Bounce #6 added RGB(0, 0, 0)
Build Patch/Sample Hash Table(s).....Done<0.0037 sec>
0...1...2...3...4...5...6...7...8...9...10FinalLightFace Done
0 of 0 (0% of) surface lights went in leaf ambient cubes.
0...1...2...3...4...5...6...7...8...9...10Writing leaf ambient...done
Ready to Finish

Object names       Objects/Maxobjs  Memory / Maxmem  Fullness 
------------       ---------------  ---------------  -------- 
models                   1/1024           48/49152    ( 0.1%) 
brushes                128/8192         1536/98304    ( 1.6%) 
brushsides             958/65536        7664/524288   ( 1.5%) 
planes                 674/65536       13480/1310720  ( 1.0%) 
vertexes              1398/65536       16776/786432   ( 2.1%) 
nodes                  807/65536       25824/2097152  ( 1.2%) 
texinfos               262/12288       18864/884736   ( 2.1%) 
texdata                  9/2048          288/65536    ( 0.4%) 
dispinfos                0/0               0/0        ( 0.0%) 
disp_verts               0/0               0/0        ( 0.0%) 
disp_tris                0/0               0/0        ( 0.0%) 
disp_lmsamples           0/0               0/0        ( 0.0%) 
faces                 1109/65536       62104/3670016  ( 1.7%) 
hdr faces                0/65536           0/3670016  ( 0.0%) 
origfaces              447/65536       25032/3670016  ( 0.7%) 
leaves                 809/65536       25888/2097152  ( 1.2%) 
leaffaces             1233/65536        2466/131072   ( 1.9%) 
leafbrushes            385/65536         770/131072   ( 0.6%) 
areas                    2/256            16/2048     ( 0.8%) 
surfedges             6739/512000      26956/2048000  ( 1.3%) 
edges                 3654/256000      14616/1024000  ( 1.4%) 
LDR worldlights          2/8192          176/720896   ( 0.0%) 
HDR worldlights          0/8192            0/720896   ( 0.0%) 
leafwaterdata            0/32768           0/393216   ( 0.0%) 
waterstrips             75/32768         750/327680   ( 0.2%) 
waterverts               0/65536           0/786432   ( 0.0%) 
waterindices          1167/65536        2334/131072   ( 1.8%) 
cubemapsamples           0/1024            0/16384    ( 0.0%) 
overlays                 0/512             0/180224   ( 0.0%) 
LDR lightdata         [variable]      641128/0        ( 0.0%) 
HDR lightdata         [variable]           0/0        ( 0.0%) 
visdata               [variable]       47758/16777216 ( 0.3%) 
entdata               [variable]        2154/393216   ( 0.5%) 
LDR ambient table      809/65536        3236/262144   ( 1.2%) 
HDR ambient table      809/65536        3236/262144   ( 1.2%) 
LDR leaf ambient      4535/65536      126980/1835008  ( 6.9%) 
HDR leaf ambient       809/65536       22652/1835008  ( 1.2%) 
occluders                0/0               0/0        ( 0.0%) 
occluder polygons        0/0               0/0        ( 0.0%) 
occluder vert ind        0/0               0/0        ( 0.0%) 
detail props          [variable]           1/12       ( 8.3%) 
static props          [variable]           1/1752     ( 0.1%) 
pakfile               [variable]      105687/0        ( 0.0%) 
physics               [variable]       43113/4194304  ( 1.0%) 
physics terrain       [variable]           2/1048576  ( 0.0%) 

Level flags = 0

Total triangle count: 2777
Writing e:\misc\3d\neotokyo\mountain lab\ntre_cliff_ctg.bsp
2 seconds elapsed



Using shader api: shaderapiempty.dll
materialPath: G:\Games\Steam\steamapps\common\Source SDK Base 2013 Multiplayer\sourcetest\materials
Loading E:\Misc\3D\neotokyo\mountain lab\ntre_cliff_ctg.vmf
ConVarRef mat_reduceparticles doesn't point to an existing ConVar
Could not locate 'GameData' key in g:\games\steam\steamapps\common\source sdk base 2013 multiplayer\sourcetest\gameinfo.txt
fixing up env_cubemap materials on brush sides...
0...1...2...3...4...5...6...7...8...9...100...1...2...3...4...5...6...7...8...9...10Processing areas...done (0)
Building Faces...done (0)
Chop Details...done (0)
Find Visible Detail Sides...done (0)
Merging details...done (0)
FixTjuncs...
PruneNodes...
WriteBSP...
done (0)
writing E:\Misc\3D\neotokyo\mountain lab\ntre_cliff_ctg.prt...Building visibility clusters...
done (0)
Creating default LDR cubemaps for env_cubemap using skybox materials:
   skybox/sky_day01_01*.vmt
 ! Run buildcubemaps in the engine to get the correct cube maps.
Creating default HDR cubemaps for env_cubemap using skybox materials:
   skybox/sky_day01_01*.vmt
 ! Run buildcubemaps in the engine to get the correct cube maps.
Finding displacement neighbors...
Finding lightmap sample positions...
Displacement Alpha : 0...1...2...3...4...5...6...7...8...9...10
Building Physics collision data...
done (0) (54412 bytes)
Error! To use model "models/nt/props_tech/windspeedmeter.mdl"
      with prop_static, it must be compiled with $staticprop!
Error loading studio model "models/nt/props_tech/windspeedmeter.mdl"!
Placing detail props : 0...1...2...3...4...5...6...7...8...9...10
Compacting texture/material tables...
Reduced 453 texinfos to 338
Reduced 12 texdatas to 10 (276 bytes to 209)
Writing E:\Misc\3D\neotokyo\mountain lab\ntre_cliff_ctg.bsp
MSG_FILEWRITE - Filesystem was asked to write to 'E:\Misc\3D\neotokyo\mountain lab\ntre_cliff_ctg.bsp', but we don't own that location. Allowing.
Wrote ZIP buffer, estimated size 212222, actual size 211606
0 seconds elapsed



8 threads
reading e:\misc\3d\neotokyo\mountain lab\ntre_cliff_ctg.bsp
reading e:\misc\3d\neotokyo\mountain lab\ntre_cliff_ctg.prt
 493 portalclusters
1657 numportals
0...1...2...3...4...5...6...7...8...9...100...1...2...3...4...5...6...7...8...9...10Optimized: 744 visible clusters (0.55%)
Total clusters visible: 136305
Average clusters visible: 276
Building PAS...
Average clusters audible: 492
visdatasize:64155  compressed from 63104
writing e:\misc\3d\neotokyo\mountain lab\ntre_cliff_ctg.bsp
MSG_FILEWRITE - Filesystem was asked to write to 'e:\misc\3d\neotokyo\mountain lab\ntre_cliff_ctg.bsp', but we don't own that location. Allowing.
35 seconds elapsed



Could not find lights.rad in lights.rad.
Trying VRAD BIN directory instead...
Warning: Couldn't open texlight file G:\Games\Steam\steamapps\common\Source SDK Base 2013 Multiplayer\bin\x64\lights.rad.
Loading e:\misc\3d\neotokyo\mountain lab\ntre_cliff_ctg.bsp
1427 faces
1232911 square feet [177539312.00 square inches]
0 Displacements
0 Square Feet [0.00 Square Inches]
1427 patches before subdivision
24903 patches after subdivision
2 direct lights
0...1...2...3...4...5...6...7...8...9...100...1...2...3...4...5...6...7...8...9...10transfers 2106765, max 557
transfer lists:  16.1 megs
0...1...2...3...4...5...6...7...8...9...10	Bounce #1 added RGB(34310, 28049, 25691)
0...1...2...3...4...5...6...7...8...9...10	Bounce #2 added RGB(2961, 1739, 1387)
0...1...2...3...4...5...6...7...8...9...10	Bounce #3 added RGB(439, 248, 222)
0...1...2...3...4...5...6...7...8...9...10	Bounce #4 added RGB(53, 20, 18)
0...1...2...3...4...5...6...7...8...9...10	Bounce #5 added RGB(10, 4, 4)
0...1...2...3...4...5...6...7...8...9...10	Bounce #6 added RGB(1, 0, 0)
0...1...2...3...4...5...6...7...8...9...10	Bounce #7 added RGB(0, 0, 0)
Build Patch/Sample Hash Table(s).....Done<0.0073 sec>
0...1...2...3...4...5...6...7...8...9...10FinalLightFace Done
0 of 0 (0% of) surface lights went in leaf ambient cubes.
0...1...2...3...4...5...6...7...8...9...10Writing leaf ambient...done
Ready to Finish

Object names       Objects/Maxobjs  Memory / Maxmem  Fullness 
------------       ---------------  ---------------  -------- 
models                   1/1024           48/49152    ( 0.1%) 
brushes                163/8192         1956/98304    ( 2.0%) 
brushsides            1214/65536        9712/524288   ( 1.9%) 
planes                 770/65536       15400/1310720  ( 1.2%) 
vertexes              1738/65536       20856/786432   ( 2.7%) 
nodes                  951/65536       30432/2097152  ( 1.5%) 
texinfos               338/12288       24336/884736   ( 2.8%) 
texdata                 10/2048          320/65536    ( 0.5%) 
dispinfos                0/0               0/0        ( 0.0%) 
disp_verts               0/0               0/0        ( 0.0%) 
disp_tris                0/0               0/0        ( 0.0%) 
disp_lmsamples           0/0               0/0        ( 0.0%) 
faces                 1427/65536       79912/3670016  ( 2.2%) 
hdr faces                0/65536           0/3670016  ( 0.0%) 
origfaces              611/65536       34216/3670016  ( 0.9%) 
leaves                 953/65536       30496/2097152  ( 1.5%) 
leaffaces             1615/65536        3230/131072   ( 2.5%) 
leafbrushes            467/65536         934/131072   ( 0.7%) 
areas                    2/256            16/2048     ( 0.8%) 
surfedges             8771/512000      35084/2048000  ( 1.7%) 
edges                 4702/256000      18808/1024000  ( 1.8%) 
LDR worldlights          2/8192          176/720896   ( 0.0%) 
HDR worldlights          0/8192            0/720896   ( 0.0%) 
leafwaterdata            0/32768           0/393216   ( 0.0%) 
waterstrips            101/32768        1010/327680   ( 0.3%) 
waterverts               0/65536           0/786432   ( 0.0%) 
waterindices          1434/65536        2868/131072   ( 2.2%) 
cubemapsamples           0/1024            0/16384    ( 0.0%) 
overlays                 0/512             0/180224   ( 0.0%) 
LDR lightdata         [variable]      804576/0        ( 0.0%) 
HDR lightdata         [variable]           0/0        ( 0.0%) 
visdata               [variable]       64155/16777216 ( 0.4%) 
entdata               [variable]        3036/393216   ( 0.8%) 
LDR ambient table      953/65536        3812/262144   ( 1.5%) 
HDR ambient table      953/65536        3812/262144   ( 1.5%) 
LDR leaf ambient      5913/65536      165564/1835008  ( 9.0%) 
HDR leaf ambient       953/65536       26684/1835008  ( 1.5%) 
occluders                0/0               0/0        ( 0.0%) 
occluder polygons        0/0               0/0        ( 0.0%) 
occluder vert ind        0/0               0/0        ( 0.0%) 
detail props          [variable]           1/12       ( 8.3%) 
static props          [variable]           1/1750     ( 0.1%) 
pakfile               [variable]      211606/0        ( 0.0%) 
physics               [variable]       54412/4194304  ( 1.3%) 
physics terrain       [variable]           2/1048576  ( 0.0%) 

Level flags = 0

Total triangle count: 3555
Writing e:\misc\3d\neotokyo\mountain lab\ntre_cliff_ctg.bsp
3 seconds elapsed



Using shader api: shaderapiempty.dll
materialPath: G:\Games\Steam\steamapps\common\Source SDK Base 2013 Multiplayer\sourcetest\materials
Loading E:\Misc\3D\neotokyo\mountain lab\ntre_cliff_ctg.vmf
ConVarRef mat_reduceparticles doesn't point to an existing ConVar
Could not locate 'GameData' key in g:\games\steam\steamapps\common\source sdk base 2013 multiplayer\sourcetest\gameinfo.txt
fixing up env_cubemap materials on brush sides...
0...1...2...3...4...5...6...7...8...9...100...1...2...3...4...5...6...7...8...9...10Processing areas...done (0)
Building Faces...done (0)
Chop Details...done (0)
Find Visible Detail Sides...done (0)
Merging details...done (0)
FixTjuncs...
PruneNodes...
WriteBSP...
done (0)
writing E:\Misc\3D\neotokyo\mountain lab\ntre_cliff_ctg.prt...Building visibility clusters...
done (0)
Creating default LDR cubemaps for env_cubemap using skybox materials:
   skybox/sky_day01_01*.vmt
 ! Run buildcubemaps in the engine to get the correct cube maps.
Creating default HDR cubemaps for env_cubemap using skybox materials:
   skybox/sky_day01_01*.vmt
 ! Run buildcubemaps in the engine to get the correct cube maps.
Finding displacement neighbors...
Finding lightmap sample positions...
Displacement Alpha : 0...1...2...3...4...5...6...7...8...9...10
Building Physics collision data...
done (0) (72052 bytes)
Error! To use model "models/nt/props_tech/windspeedmeter.mdl"
      with prop_static, it must be compiled with $staticprop!
Error loading studio model "models/nt/props_tech/windspeedmeter.mdl"!
Placing detail props : 0...1...2...3...4...5...6...7...8...9...10
Water found with no water_lod_control entity, creating a default one.
Compacting texture/material tables...
Reduced 603 texinfos to 454
Reduced 17 texdatas to 14 (407 bytes to 294)
Writing E:\Misc\3D\neotokyo\mountain lab\ntre_cliff_ctg.bsp
MSG_FILEWRITE - Filesystem was asked to write to 'E:\Misc\3D\neotokyo\mountain lab\ntre_cliff_ctg.bsp', but we don't own that location. Allowing.
Wrote ZIP buffer, estimated size 212653, actual size 211903
0 seconds elapsed



8 threads
reading e:\misc\3d\neotokyo\mountain lab\ntre_cliff_ctg.bsp
reading e:\misc\3d\neotokyo\mountain lab\ntre_cliff_ctg.prt
 619 portalclusters
2138 numportals
0...1...2...3...4...5...6...7...8...9...100...1...2...3...4...5...6...7...8...9...10Optimized: 1375 visible clusters (0.69%)
Total clusters visible: 198052
Average clusters visible: 319
Building PAS...
Average clusters audible: 617
visdatasize:100490  compressed from 99040
writing e:\misc\3d\neotokyo\mountain lab\ntre_cliff_ctg.bsp
MSG_FILEWRITE - Filesystem was asked to write to 'e:\misc\3d\neotokyo\mountain lab\ntre_cliff_ctg.bsp', but we don't own that location. Allowing.
2 minutes, 28 seconds elapsed



Could not find lights.rad in lights.rad.
Trying VRAD BIN directory instead...
Warning: Couldn't open texlight file G:\Games\Steam\steamapps\common\Source SDK Base 2013 Multiplayer\bin\x64\lights.rad.
Loading e:\misc\3d\neotokyo\mountain lab\ntre_cliff_ctg.bsp
1813 faces
1262067 square feet [181737648.00 square inches]
0 Displacements
0 Square Feet [0.00 Square Inches]
1813 patches before subdivision
30733 patches after subdivision
2 direct lights
0...1...2...3...4...5...6...7...8...9...100...1...2...3...4...5...6...7...8...9...10transfers 3079898, max 664
transfer lists:  23.5 megs
0...1...2...3...4...5...6...7...8...9...10	Bounce #1 added RGB(47013, 39575, 36460)
0...1...2...3...4...5...6...7...8...9...10	Bounce #2 added RGB(4546, 3313, 2944)
0...1...2...3...4...5...6...7...8...9...10	Bounce #3 added RGB(1074, 844, 813)
0...1...2...3...4...5...6...7...8...9...10	Bounce #4 added RGB(180, 146, 144)
0...1...2...3...4...5...6...7...8...9...10	Bounce #5 added RGB(64, 58, 59)
0...1...2...3...4...5...6...7...8...9...10	Bounce #6 added RGB(14, 13, 13)
0...1...2...3...4...5...6...7...8...9...10	Bounce #7 added RGB(5, 5, 6)
0...1...2...3...4...5...6...7...8...9...10	Bounce #8 added RGB(1, 1, 1)
0...1...2...3...4...5...6...7...8...9...10	Bounce #9 added RGB(1, 1, 1)
Build Patch/Sample Hash Table(s).....Done<0.0049 sec>
0...1...2...3...4...5...6...7...8...9...10FinalLightFace Done
0 of 0 (0% of) surface lights went in leaf ambient cubes.
0...1...2...3...4...5...6...7...8...9...10Writing leaf ambient...done
Ready to Finish

Object names       Objects/Maxobjs  Memory / Maxmem  Fullness 
------------       ---------------  ---------------  -------- 
models                   1/1024           48/49152    ( 0.1%) 
brushes                216/8192         2592/98304    ( 2.6%) 
brushsides            1569/65536       12552/524288   ( 2.4%) 
planes                 882/65536       17640/1310720  ( 1.3%) 
vertexes              2209/65536       26508/786432   ( 3.4%) 
nodes                 1181/65536       37792/2097152  ( 1.8%) 
texinfos               454/12288       32688/884736   ( 3.7%) 
texdata                 14/2048          448/65536    ( 0.7%) 
dispinfos                0/0               0/0        ( 0.0%) 
disp_verts               0/0               0/0        ( 0.0%) 
disp_tris                0/0               0/0        ( 0.0%) 
disp_lmsamples           0/0               0/0        ( 0.0%) 
faces                 1813/65536      101528/3670016  ( 2.8%) 
hdr faces                0/65536           0/3670016  ( 0.0%) 
origfaces              839/65536       46984/3670016  ( 1.3%) 
leaves                1183/65536       37856/2097152  ( 1.8%) 
leaffaces             2045/65536        4090/131072   ( 3.1%) 
leafbrushes            576/65536        1152/131072   ( 0.9%) 
areas                    2/256            16/2048     ( 0.8%) 
surfedges            11477/512000      45908/2048000  ( 2.2%) 
edges                 6153/256000      24612/1024000  ( 2.4%) 
LDR worldlights          2/8192          176/720896   ( 0.0%) 
HDR worldlights          0/8192            0/720896   ( 0.0%) 
leafwaterdata            1/32768          12/393216   ( 0.0%) 
waterstrips            143/32768        1430/327680   ( 0.4%) 
waterverts               0/65536           0/786432   ( 0.0%) 
waterindices          2115/65536        4230/131072   ( 3.2%) 
cubemapsamples           0/1024            0/16384    ( 0.0%) 
overlays                 0/512             0/180224   ( 0.0%) 
LDR lightdata         [variable]      925088/0        ( 0.0%) 
HDR lightdata         [variable]           0/0        ( 0.0%) 
visdata               [variable]      100490/16777216 ( 0.6%) 
entdata               [variable]        3136/393216   ( 0.8%) 
LDR ambient table     1183/65536        4732/262144   ( 1.8%) 
HDR ambient table     1183/65536        4732/262144   ( 1.8%) 
LDR leaf ambient      7675/65536      214900/1835008  (11.7%) 
HDR leaf ambient      1183/65536       33124/1835008  ( 1.8%) 
occluders                0/0               0/0        ( 0.0%) 
occluder polygons        0/0               0/0        ( 0.0%) 
occluder vert ind        0/0               0/0        ( 0.0%) 
detail props          [variable]           1/12       ( 8.3%) 
static props          [variable]           1/1754     ( 0.1%) 
pakfile               [variable]      211903/0        ( 0.0%) 
physics               [variable]       72052/4194304  ( 1.7%) 
physics terrain       [variable]           2/1048576  ( 0.0%) 

Level flags = 0

Total triangle count: 4611
Writing e:\misc\3d\neotokyo\mountain lab\ntre_cliff_ctg.bsp
3 seconds elapsed



Using shader api: shaderapiempty.dll
materialPath: G:\Games\Steam\steamapps\common\Source SDK Base 2013 Multiplayer\sourcetest\materials
Loading E:\Misc\3D\neotokyo\mountain lab\ntre_cliff_ctg.vmf
ConVarRef mat_reduceparticles doesn't point to an existing ConVar
Could not locate 'GameData' key in g:\games\steam\steamapps\common\source sdk base 2013 multiplayer\sourcetest\gameinfo.txt
fixing up env_cubemap materials on brush sides...
0...1...2...3...4...5...6...7...8...9...100...1...2...3...4...5...6...7...8...9...10Processing areas...done (0)
Building Faces...done (0)
Chop Details...done (0)
Find Visible Detail Sides...done (0)
Merging details...done (0)
FixTjuncs...
PruneNodes...
WriteBSP...
done (0)
writing E:\Misc\3D\neotokyo\mountain lab\ntre_cliff_ctg.prt...Building visibility clusters...
done (0)
Creating default LDR cubemaps for env_cubemap using skybox materials:
   skybox/sky_day01_01*.vmt
 ! Run buildcubemaps in the engine to get the correct cube maps.
Creating default HDR cubemaps for env_cubemap using skybox materials:
   skybox/sky_day01_01*.vmt
 ! Run buildcubemaps in the engine to get the correct cube maps.
Finding displacement neighbors...
Finding lightmap sample positions...
Displacement Alpha : 0...1...2...3...4...5...6...7...8...9...10
Building Physics collision data...
done (0) (75196 bytes)
Error! To use model "models/nt/props_tech/windspeedmeter.mdl"
      with prop_static, it must be compiled with $staticprop!
Error loading studio model "models/nt/props_tech/windspeedmeter.mdl"!
Placing detail props : 0...1...2...3...4...5...6...7...8...9...10
Water found with no water_lod_control entity, creating a default one.
Compacting texture/material tables...
Reduced 650 texinfos to 492
Reduced 17 texdatas to 14 (407 bytes to 294)
Writing E:\Misc\3D\neotokyo\mountain lab\ntre_cliff_ctg.bsp
MSG_FILEWRITE - Filesystem was asked to write to 'E:\Misc\3D\neotokyo\mountain lab\ntre_cliff_ctg.bsp', but we don't own that location. Allowing.
Wrote ZIP buffer, estimated size 212653, actual size 211903
0 seconds elapsed



8 threads
reading e:\misc\3d\neotokyo\mountain lab\ntre_cliff_ctg.bsp
reading e:\misc\3d\neotokyo\mountain lab\ntre_cliff_ctg.prt
 639 portalclusters
2239 numportals
0...1...2...3...4...5...6...7...8...9...100...1...2...3...4...5...6...7...8...9...10Optimized: 1417 visible clusters (0.66%)
Total clusters visible: 214006
Average clusters visible: 334
Building PAS...
Average clusters audible: 637
visdatasize:105874  compressed from 102240
writing e:\misc\3d\neotokyo\mountain lab\ntre_cliff_ctg.bsp
MSG_FILEWRITE - Filesystem was asked to write to 'e:\misc\3d\neotokyo\mountain lab\ntre_cliff_ctg.bsp', but we don't own that location. Allowing.
5 minutes, 34 seconds elapsed



Could not find lights.rad in lights.rad.
Trying VRAD BIN directory instead...
Warning: Couldn't open texlight file G:\Games\Steam\steamapps\common\Source SDK Base 2013 Multiplayer\bin\x64\lights.rad.
Loading e:\misc\3d\neotokyo\mountain lab\ntre_cliff_ctg.bsp
1864 faces
1262245 square feet [181763312.00 square inches]
0 Displacements
0 Square Feet [0.00 Square Inches]
1864 patches before subdivision
30944 patches after subdivision
2 direct lights
0...1...2...3...4...5...6...7...8...9...100...1...2...3...4...5...6...7...8...9...10transfers 3161435, max 683
transfer lists:  24.1 megs
0...1...2...3...4...5...6...7...8...9...10	Bounce #1 added RGB(47976, 40349, 37150)
0...1...2...3...4...5...6...7...8...9...10	Bounce #2 added RGB(4663, 3382, 2996)
0...1...2...3...4...5...6...7...8...9...10	Bounce #3 added RGB(1090, 849, 817)
0...1...2...3...4...5...6...7...8...9...10	Bounce #4 added RGB(183, 146, 144)
0...1...2...3...4...5...6...7...8...9...10	Bounce #5 added RGB(64, 59, 59)
0...1...2...3...4...5...6...7...8...9...10	Bounce #6 added RGB(14, 13, 13)
0...1...2...3...4...5...6...7...8...9...10	Bounce #7 added RGB(5, 5, 6)
0...1...2...3...4...5...6...7...8...9...10	Bounce #8 added RGB(1, 1, 1)
0...1...2...3...4...5...6...7...8...9...10	Bounce #9 added RGB(1, 1, 1)
Build Patch/Sample Hash Table(s).....Done<0.0050 sec>
0...1...2...3...4...5...6...7...8...9...10FinalLightFace Done
0 of 0 (0% of) surface lights went in leaf ambient cubes.
0...1...2...3...4...5...6...7...8...9...10Writing leaf ambient...done
Ready to Finish

Object names       Objects/Maxobjs  Memory / Maxmem  Fullness 
------------       ---------------  ---------------  -------- 
models                   1/1024           48/49152    ( 0.1%) 
brushes                227/8192         2724/98304    ( 2.8%) 
brushsides            1641/65536       13128/524288   ( 2.5%) 
planes                 902/65536       18040/1310720  ( 1.4%) 
vertexes              2263/65536       27156/786432   ( 3.5%) 
nodes                 1212/65536       38784/2097152  ( 1.8%) 
texinfos               492/12288       35424/884736   ( 4.0%) 
texdata                 14/2048          448/65536    ( 0.7%) 
dispinfos                0/0               0/0        ( 0.0%) 
disp_verts               0/0               0/0        ( 0.0%) 
disp_tris                0/0               0/0        ( 0.0%) 
disp_lmsamples           0/0               0/0        ( 0.0%) 
faces                 1864/65536      104384/3670016  ( 2.8%) 
hdr faces                0/65536           0/3670016  ( 0.0%) 
origfaces              887/65536       49672/3670016  ( 1.4%) 
leaves                1214/65536       38848/2097152  ( 1.9%) 
leaffaces             2086/65536        4172/131072   ( 3.2%) 
leafbrushes            588/65536        1176/131072   ( 0.9%) 
areas                    2/256            16/2048     ( 0.8%) 
surfedges            11845/512000      47380/2048000  ( 2.3%) 
edges                 6344/256000      25376/1024000  ( 2.5%) 
LDR worldlights          2/8192          176/720896   ( 0.0%) 
HDR worldlights          0/8192            0/720896   ( 0.0%) 
leafwaterdata            1/32768          12/393216   ( 0.0%) 
waterstrips            144/32768        1440/327680   ( 0.4%) 
waterverts               0/65536           0/786432   ( 0.0%) 
waterindices          2136/65536        4272/131072   ( 3.3%) 
cubemapsamples           0/1024            0/16384    ( 0.0%) 
overlays                 0/512             0/180224   ( 0.0%) 
LDR lightdata         [variable]      935256/0        ( 0.0%) 
HDR lightdata         [variable]           0/0        ( 0.0%) 
visdata               [variable]      105874/16777216 ( 0.6%) 
entdata               [variable]        3136/393216   ( 0.8%) 
LDR ambient table     1214/65536        4856/262144   ( 1.9%) 
HDR ambient table     1214/65536        4856/262144   ( 1.9%) 
LDR leaf ambient      7962/65536      222936/1835008  (12.1%) 
HDR leaf ambient      1214/65536       33992/1835008  ( 1.9%) 
occluders                0/0               0/0        ( 0.0%) 
occluder polygons        0/0               0/0        ( 0.0%) 
occluder vert ind        0/0               0/0        ( 0.0%) 
detail props          [variable]           1/12       ( 8.3%) 
static props          [variable]           1/1754     ( 0.1%) 
pakfile               [variable]      211903/0        ( 0.0%) 
physics               [variable]       75196/4194304  ( 1.8%) 
physics terrain       [variable]           2/1048576  ( 0.0%) 

Level flags = 0

Total triangle count: 4705
Writing e:\misc\3d\neotokyo\mountain lab\ntre_cliff_ctg.bsp
4 seconds elapsed



Using shader api: shaderapiempty.dll
materialPath: G:\Games\Steam\steamapps\common\Source SDK Base 2013 Multiplayer\sourcetest\materials
Loading E:\Misc\3D\neotokyo\mountain lab\ntre_cliff_ctg.vmf
ConVarRef mat_reduceparticles doesn't point to an existing ConVar
Could not locate 'GameData' key in g:\games\steam\steamapps\common\source sdk base 2013 multiplayer\sourcetest\gameinfo.txt
fixing up env_cubemap materials on brush sides...
0...1...2...3...4...5...6...7...8...9...100...1...2...3...4...5...6...7...8...9...10Processing areas...done (0)
Building Faces...done (0)
Chop Details...done (0)
Find Visible Detail Sides...done (0)
Merging details...done (0)
FixTjuncs...
PruneNodes...
WriteBSP...
done (0)
writing E:\Misc\3D\neotokyo\mountain lab\ntre_cliff_ctg.prt...Building visibility clusters...
done (0)
Creating default LDR cubemaps for env_cubemap using skybox materials:
   skybox/sky_day01_01*.vmt
 ! Run buildcubemaps in the engine to get the correct cube maps.
Creating default HDR cubemaps for env_cubemap using skybox materials:
   skybox/sky_day01_01*.vmt
 ! Run buildcubemaps in the engine to get the correct cube maps.
Finding displacement neighbors...
Finding lightmap sample positions...
Displacement Alpha : 0...1...2...3...4...5...6...7...8...9...10
Building Physics collision data...
done (0) (76268 bytes)
Error! To use model "models/nt/props_tech/windspeedmeter.mdl"
      with prop_static, it must be compiled with $staticprop!
Error loading studio model "models/nt/props_tech/windspeedmeter.mdl"!
Placing detail props : 0...1...2...3...4...5...6...7...8...9...10
Water found with no water_lod_control entity, creating a default one.
Compacting texture/material tables...
Reduced 684 texinfos to 527
Reduced 16 texdatas to 13 (388 bytes to 275)
Writing E:\Misc\3D\neotokyo\mountain lab\ntre_cliff_ctg.bsp
MSG_FILEWRITE - Filesystem was asked to write to 'E:\Misc\3D\neotokyo\mountain lab\ntre_cliff_ctg.bsp', but we don't own that location. Allowing.
Wrote ZIP buffer, estimated size 212653, actual size 211903
0 seconds elapsed



8 threads
reading e:\misc\3d\neotokyo\mountain lab\ntre_cliff_ctg.bsp
reading e:\misc\3d\neotokyo\mountain lab\ntre_cliff_ctg.prt
 638 portalclusters
2251 numportals
0...1...2...3...4...5...6...7...8...9...100...1...2...3...4...5...6...7...8...9...10Optimized: 1436 visible clusters (0.66%)
Total clusters visible: 217684
Average clusters visible: 341
Building PAS...
Average clusters audible: 636
visdatasize:106106  compressed from 102080
writing e:\misc\3d\neotokyo\mountain lab\ntre_cliff_ctg.bsp
MSG_FILEWRITE - Filesystem was asked to write to 'e:\misc\3d\neotokyo\mountain lab\ntre_cliff_ctg.bsp', but we don't own that location. Allowing.
6 minutes, 57 seconds elapsed



Could not find lights.rad in lights.rad.
Trying VRAD BIN directory instead...
Warning: Couldn't open texlight file G:\Games\Steam\steamapps\common\Source SDK Base 2013 Multiplayer\bin\x64\lights.rad.
Loading e:\misc\3d\neotokyo\mountain lab\ntre_cliff_ctg.bsp
1885 faces
1262273 square feet [181767440.00 square inches]
0 Displacements
0 Square Feet [0.00 Square Inches]
1885 patches before subdivision
30977 patches after subdivision
2 direct lights
0...1...2...3...4...5...6...7...8...9...100...1...2...3...4...5...6...7...8...9...10transfers 3187062, max 679
transfer lists:  24.3 megs
0...1...2...3...4...5...6...7...8...9...10	Bounce #1 added RGB(48435, 40737, 37504)
0...1...2...3...4...5...6...7...8...9...10	Bounce #2 added RGB(4700, 3412, 3023)
0...1...2...3...4...5...6...7...8...9...10	Bounce #3 added RGB(1095, 854, 821)
0...1...2...3...4...5...6...7...8...9...10	Bounce #4 added RGB(183, 147, 144)
0...1...2...3...4...5...6...7...8...9...10	Bounce #5 added RGB(65, 59, 59)
0...1...2...3...4...5...6...7...8...9...10	Bounce #6 added RGB(14, 13, 13)
0...1...2...3...4...5...6...7...8...9...10	Bounce #7 added RGB(5, 5, 6)
0...1...2...3...4...5...6...7...8...9...10	Bounce #8 added RGB(1, 1, 1)
0...1...2...3...4...5...6...7...8...9...10	Bounce #9 added RGB(1, 1, 1)
Build Patch/Sample Hash Table(s).....Done<0.0054 sec>
0...1...2...3...4...5...6...7...8...9...10FinalLightFace Done
0 of 0 (0% of) surface lights went in leaf ambient cubes.
0...1...2...3...4...5...6...7...8...9...10Writing leaf ambient...done
Ready to Finish

Object names       Objects/Maxobjs  Memory / Maxmem  Fullness 
------------       ---------------  ---------------  -------- 
models                   1/1024           48/49152    ( 0.1%) 
brushes                231/8192         2772/98304    ( 2.8%) 
brushsides            1672/65536       13376/524288   ( 2.6%) 
planes                 912/65536       18240/1310720  ( 1.4%) 
vertexes              2290/65536       27480/786432   ( 3.5%) 
nodes                 1222/65536       39104/2097152  ( 1.9%) 
texinfos               527/12288       37944/884736   ( 4.3%) 
texdata                 13/2048          416/65536    ( 0.6%) 
dispinfos                0/0               0/0        ( 0.0%) 
disp_verts               0/0               0/0        ( 0.0%) 
disp_tris                0/0               0/0        ( 0.0%) 
disp_lmsamples           0/0               0/0        ( 0.0%) 
faces                 1885/65536      105560/3670016  ( 2.9%) 
hdr faces                0/65536           0/3670016  ( 0.0%) 
origfaces              899/65536       50344/3670016  ( 1.4%) 
leaves                1224/65536       39168/2097152  ( 1.9%) 
leaffaces             2115/65536        4230/131072   ( 3.2%) 
leafbrushes            599/65536        1198/131072   ( 0.9%) 
areas                    2/256            16/2048     ( 0.8%) 
surfedges            11979/512000      47916/2048000  ( 2.3%) 
edges                 6425/256000      25700/1024000  ( 2.5%) 
LDR worldlights          2/8192          176/720896   ( 0.0%) 
HDR worldlights          0/8192            0/720896   ( 0.0%) 
leafwaterdata            1/32768          12/393216   ( 0.0%) 
waterstrips            148/32768        1480/327680   ( 0.5%) 
waterverts               0/65536           0/786432   ( 0.0%) 
waterindices          2208/65536        4416/131072   ( 3.4%) 
cubemapsamples           0/1024            0/16384    ( 0.0%) 
overlays                 0/512             0/180224   ( 0.0%) 
LDR lightdata         [variable]      939464/0        ( 0.0%) 
HDR lightdata         [variable]           0/0        ( 0.0%) 
visdata               [variable]      106106/16777216 ( 0.6%) 
entdata               [variable]        3136/393216   ( 0.8%) 
LDR ambient table     1224/65536        4896/262144   ( 1.9%) 
HDR ambient table     1224/65536        4896/262144   ( 1.9%) 
LDR leaf ambient      7896/65536      221088/1835008  (12.0%) 
HDR leaf ambient      1224/65536       34272/1835008  ( 1.9%) 
occluders                0/0               0/0        ( 0.0%) 
occluder polygons        0/0               0/0        ( 0.0%) 
occluder vert ind        0/0               0/0        ( 0.0%) 
detail props          [variable]           1/12       ( 8.3%) 
static props          [variable]           1/1754     ( 0.1%) 
pakfile               [variable]      211903/0        ( 0.0%) 
physics               [variable]       76268/4194304  ( 1.8%) 
physics terrain       [variable]           2/1048576  ( 0.0%) 

Level flags = 0

Total triangle count: 4759
Writing e:\misc\3d\neotokyo\mountain lab\ntre_cliff_ctg.bsp
4 seconds elapsed



Using shader api: shaderapiempty.dll
materialPath: G:\Games\Steam\steamapps\common\Source SDK Base 2013 Multiplayer\sourcetest\materials
Loading E:\Misc\3D\neotokyo\mountain lab\ntre_cliff_ctg.vmf
ConVarRef mat_reduceparticles doesn't point to an existing ConVar
Could not locate 'GameData' key in g:\games\steam\steamapps\common\source sdk base 2013 multiplayer\sourcetest\gameinfo.txt
fixing up env_cubemap materials on brush sides...
0...1...2...3...4...5...6...7...8...9...100...1...2...3...4...5...6...7...8...9...10Processing areas...done (0)
Building Faces...done (0)
Chop Details...done (0)
Find Visible Detail Sides...done (0)
Merging details...done (0)
FixTjuncs...
PruneNodes...
WriteBSP...
done (0)
writing E:\Misc\3D\neotokyo\mountain lab\ntre_cliff_ctg.prt...Building visibility clusters...
done (0)
Creating default LDR cubemaps for env_cubemap using skybox materials:
   skybox/sky_day01_01*.vmt
 ! Run buildcubemaps in the engine to get the correct cube maps.
Creating default HDR cubemaps for env_cubemap using skybox materials:
   skybox/sky_day01_01*.vmt
 ! Run buildcubemaps in the engine to get the correct cube maps.
Finding displacement neighbors...
Finding lightmap sample positions...
Displacement Alpha : 0...1...2...3...4...5...6...7...8...9...10
Building Physics collision data...
done (0) (116812 bytes)
Placing detail props : 0...1...2...3...4...5...6...7...8...9...10
Water found with no water_lod_control entity, creating a default one.
Compacting texture/material tables...
Reduced 1039 texinfos to 797
Reduced 17 texdatas to 14 (409 bytes to 296)
Writing E:\Misc\3D\neotokyo\mountain lab\ntre_cliff_ctg.bsp
MSG_FILEWRITE - Filesystem was asked to write to 'E:\Misc\3D\neotokyo\mountain lab\ntre_cliff_ctg.bsp', but we don't own that location. Allowing.
Wrote ZIP buffer, estimated size 212653, actual size 211903
0 seconds elapsed



8 threads
reading e:\misc\3d\neotokyo\mountain lab\ntre_cliff_ctg.bsp
reading e:\misc\3d\neotokyo\mountain lab\ntre_cliff_ctg.prt
 876 portalclusters
3073 numportals
0...1...2...3...4...5...6...7...8...9...100...1...2...3...4...5...6...7...8...9...10Optimized: 3529 visible clusters (0.90%)
Total clusters visible: 394169
Average clusters visible: 449
Building PAS...
Average clusters audible: 874
visdatasize:195775  compressed from 196224
writing e:\misc\3d\neotokyo\mountain lab\ntre_cliff_ctg.bsp
MSG_FILEWRITE - Filesystem was asked to write to 'e:\misc\3d\neotokyo\mountain lab\ntre_cliff_ctg.bsp', but we don't own that location. Allowing.
27 minutes, 23 seconds elapsed



Could not find lights.rad in lights.rad.
Trying VRAD BIN directory instead...
Warning: Couldn't open texlight file G:\Games\Steam\steamapps\common\Source SDK Base 2013 Multiplayer\bin\x64\lights.rad.
Loading e:\misc\3d\neotokyo\mountain lab\ntre_cliff_ctg.bsp
2664 faces
1 degenerate faces
1320838 square feet [190200800.00 square inches]
0 Displacements
0 Square Feet [0.00 Square Inches]
2663 patches before subdivision
40543 patches after subdivision
2 direct lights
0...1...2...3...4...5...6...7...8...9...100...1...2...3...4...5...6...7...8...9...10transfers 4691865, max 1008
transfer lists:  35.8 megs
0...1...2...3...4...5...6...7...8...9...10	Bounce #1 added RGB(66181, 57859, 54359)
0...1...2...3...4...5...6...7...8...9...10	Bounce #2 added RGB(5702, 4240, 3784)
0...1...2...3...4...5...6...7...8...9...10	Bounce #3 added RGB(1249, 980, 940)
0...1...2...3...4...5...6...7...8...9...10	Bounce #4 added RGB(181, 139, 136)
0...1...2...3...4...5...6...7...8...9...10	Bounce #5 added RGB(62, 55, 55)
0...1...2...3...4...5...6...7...8...9...10	Bounce #6 added RGB(12, 11, 11)
0...1...2...3...4...5...6...7...8...9...10	Bounce #7 added RGB(5, 5, 5)
0...1...2...3...4...5...6...7...8...9...10	Bounce #8 added RGB(1, 1, 1)
0...1...2...3...4...5...6...7...8...9...10	Bounce #9 added RGB(0, 0, 0)
Build Patch/Sample Hash Table(s).....Done<0.0065 sec>
0...1...2...3...4...5...6...7...8...9...10FinalLightFace Done
0 of 0 (0% of) surface lights went in leaf ambient cubes.
0...1...2...3...4...5...6...7...8...9...10Writing leaf ambient...done
Ready to Finish

Object names       Objects/Maxobjs  Memory / Maxmem  Fullness 
------------       ---------------  ---------------  -------- 
models                   1/1024           48/49152    ( 0.1%) 
brushes                355/8192         4260/98304    ( 4.3%) 
brushsides            2494/65536       19952/524288   ( 3.8%) 
planes                1160/65536       23200/1310720  ( 1.8%) 
vertexes              3253/65536       39036/786432   ( 5.0%) 
nodes                 1649/65536       52768/2097152  ( 2.5%) 
texinfos               797/12288       57384/884736   ( 6.5%) 
texdata                 14/2048          448/65536    ( 0.7%) 
dispinfos                0/0               0/0        ( 0.0%) 
disp_verts               0/0               0/0        ( 0.0%) 
disp_tris                0/0               0/0        ( 0.0%) 
disp_lmsamples           0/0               0/0        ( 0.0%) 
faces                 2664/65536      149184/3670016  ( 4.1%) 
hdr faces                0/65536           0/3670016  ( 0.0%) 
origfaces             1383/65536       77448/3670016  ( 2.1%) 
leaves                1651/65536       52832/2097152  ( 2.5%) 
leaffaces             3110/65536        6220/131072   ( 4.7%) 
leafbrushes            799/65536        1598/131072   ( 1.2%) 
areas                    2/256            16/2048     ( 0.8%) 
surfedges            17472/512000      69888/2048000  ( 3.4%) 
edges                 9455/256000      37820/1024000  ( 3.7%) 
LDR worldlights          2/8192          176/720896   ( 0.0%) 
HDR worldlights          0/8192            0/720896   ( 0.0%) 
leafwaterdata            1/32768          12/393216   ( 0.0%) 
waterstrips            211/32768        2110/327680   ( 0.6%) 
waterverts               0/65536           0/786432   ( 0.0%) 
waterindices          3384/65536        6768/131072   ( 5.2%) 
cubemapsamples           0/1024            0/16384    ( 0.0%) 
overlays                 0/512             0/180224   ( 0.0%) 
LDR lightdata         [variable]     1186756/0        ( 0.0%) 
HDR lightdata         [variable]           0/0        ( 0.0%) 
visdata               [variable]      195775/16777216 ( 1.2%) 
entdata               [variable]        4458/393216   ( 1.1%) 
LDR ambient table     1651/65536        6604/262144   ( 2.5%) 
HDR ambient table     1651/65536        6604/262144   ( 2.5%) 
LDR leaf ambient     10233/65536      286524/1835008  (15.6%) 
HDR leaf ambient      1651/65536       46228/1835008  ( 2.5%) 
occluders                0/0               0/0        ( 0.0%) 
occluder polygons        0/0               0/0        ( 0.0%) 
occluder vert ind        0/0               0/0        ( 0.0%) 
detail props          [variable]           1/12       ( 8.3%) 
static props          [variable]           1/2170     ( 0.0%) 
pakfile               [variable]      211903/0        ( 0.0%) 
physics               [variable]      116812/4194304  ( 2.8%) 
physics terrain       [variable]           2/1048576  ( 0.0%) 

Level flags = 0

Total triangle count: 6816
Writing e:\misc\3d\neotokyo\mountain lab\ntre_cliff_ctg.bsp
5 seconds elapsed



Using shader api: shaderapiempty.dll
materialPath: G:\Games\Steam\steamapps\common\Source SDK Base 2013 Multiplayer\sourcetest\materials
Loading E:\Misc\3D\neotokyo\mountain lab\ntre_cliff_ctg.vmf
ConVarRef mat_reduceparticles doesn't point to an existing ConVar
Could not locate 'GameData' key in g:\games\steam\steamapps\common\source sdk base 2013 multiplayer\sourcetest\gameinfo.txt
fixing up env_cubemap materials on brush sides...
0...1...2...3...4...5...6...7...8...9...100...1...2...3...4...5...6...7...8...9...10Processing areas...done (0)
Building Faces...done (0)
Chop Details...done (0)
Find Visible Detail Sides...done (0)
Merging details...done (0)
FixTjuncs...
PruneNodes...
WriteBSP...
done (0)
writing E:\Misc\3D\neotokyo\mountain lab\ntre_cliff_ctg.prt...Building visibility clusters...
done (0)
Creating default LDR cubemaps for env_cubemap using skybox materials:
   skybox/sky_day01_01*.vmt
 ! Run buildcubemaps in the engine to get the correct cube maps.
Creating default HDR cubemaps for env_cubemap using skybox materials:
   skybox/sky_day01_01*.vmt
 ! Run buildcubemaps in the engine to get the correct cube maps.
Finding displacement neighbors...
Finding lightmap sample positions...
Displacement Alpha : 0...1...2...3...4...5...6...7...8...9...10
Building Physics collision data...
done (0) (168460 bytes)
Error! prop_static using model "models/props_c17/shelfunit01a.mdl", which must be used on a dynamic entity (i.e. prop_physics). Deleted.
Error loading studio model "models/props_c17/shelfunit01a.mdl"!
Placing detail props : 0...1...2...3...4...5...6...7...8...9...10
Water found with no water_lod_control entity, creating a default one.
Compacting texture/material tables...
Reduced 1332 texinfos to 1016
Reduced 17 texdatas to 14 (409 bytes to 296)
Writing E:\Misc\3D\neotokyo\mountain lab\ntre_cliff_ctg.bsp
MSG_FILEWRITE - Filesystem was asked to write to 'E:\Misc\3D\neotokyo\mountain lab\ntre_cliff_ctg.bsp', but we don't own that location. Allowing.
Wrote ZIP buffer, estimated size 212653, actual size 211903
0 seconds elapsed



8 threads
reading e:\misc\3d\neotokyo\mountain lab\ntre_cliff_ctg.bsp
reading e:\misc\3d\neotokyo\mountain lab\ntre_cliff_ctg.prt
1147 portalclusters
3860 numportals
0...1...2...3...4...5...6...7...8...9...100...1...2...3...4...5...6...7...8...9...10Optimized: 6896 visible clusters (1.22%)
Total clusters visible: 562975
Average clusters visible: 490
Building PAS...
Average clusters audible: 1144
visdatasize:325887  compressed from 330336
writing e:\misc\3d\neotokyo\mountain lab\ntre_cliff_ctg.bsp
MSG_FILEWRITE - Filesystem was asked to write to 'e:\misc\3d\neotokyo\mountain lab\ntre_cliff_ctg.bsp', but we don't own that location. Allowing.
41 minutes, 53 seconds elapsed



Could not find lights.rad in lights.rad.
Trying VRAD BIN directory instead...
Warning: Couldn't open texlight file G:\Games\Steam\steamapps\common\Source SDK Base 2013 Multiplayer\bin\x64\lights.rad.
Loading e:\misc\3d\neotokyo\mountain lab\ntre_cliff_ctg.bsp
3574 faces
1 degenerate faces
1370423 square feet [197341040.00 square inches]
0 Displacements
0 Square Feet [0.00 Square Inches]
3573 patches before subdivision
49035 patches after subdivision
2 direct lights
0...1...2...3...4...5...6...7...8...9...100...1...2...3...4...5...6...7...8...9...10transfers 5878128, max 1108
transfer lists:  44.8 megs
0...1...2...3...4...5...6...7...8...9...10	Bounce #1 added RGB(72238, 62632, 58584)
0...1...2...3...4...5...6...7...8...9...10	Bounce #2 added RGB(6083, 4497, 3989)
0...1...2...3...4...5...6...7...8...9...10	Bounce #3 added RGB(1234, 932, 884)
0...1...2...3...4...5...6...7...8...9...10	Bounce #4 added RGB(160, 112, 107)
0...1...2...3...4...5...6...7...8...9...10	Bounce #5 added RGB(51, 43, 42)
0...1...2...3...4...5...6...7...8...9...10	Bounce #6 added RGB(8, 7, 7)
0...1...2...3...4...5...6...7...8...9...10	Bounce #7 added RGB(3, 3, 3)
0...1...2...3...4...5...6...7...8...9...10	Bounce #8 added RGB(1, 1, 1)
Build Patch/Sample Hash Table(s).....Done<0.0078 sec>
0...1...2...3...4...5...6...7...8...9...10FinalLightFace Done
0 of 0 (0% of) surface lights went in leaf ambient cubes.
0...1...2...3...4...5...6...7...8...9...10Writing leaf ambient...done
Ready to Finish

Object names       Objects/Maxobjs  Memory / Maxmem  Fullness 
------------       ---------------  ---------------  -------- 
models                   1/1024           48/49152    ( 0.1%) 
brushes                511/8192         6132/98304    ( 6.2%) 
brushsides            3515/65536       28120/524288   ( 5.4%) 
planes                1358/65536       27160/1310720  ( 2.1%) 
vertexes              4387/65536       52644/786432   ( 6.7%) 
nodes                 2129/65536       68128/2097152  ( 3.2%) 
texinfos              1016/12288       73152/884736   ( 8.3%) 
texdata                 14/2048          448/65536    ( 0.7%) 
dispinfos                0/0               0/0        ( 0.0%) 
disp_verts               0/0               0/0        ( 0.0%) 
disp_tris                0/0               0/0        ( 0.0%) 
disp_lmsamples           0/0               0/0        ( 0.0%) 
faces                 3574/65536      200144/3670016  ( 5.5%) 
hdr faces                0/65536           0/3670016  ( 0.0%) 
origfaces             1980/65536      110880/3670016  ( 3.0%) 
leaves                2131/65536       68192/2097152  ( 3.3%) 
leaffaces             4136/65536        8272/131072   ( 6.3%) 
leafbrushes           1032/65536        2064/131072   ( 1.6%) 
areas                    2/256            16/2048     ( 0.8%) 
surfedges            24093/512000      96372/2048000  ( 4.7%) 
edges                13143/256000      52572/1024000  ( 5.1%) 
LDR worldlights          2/8192          176/720896   ( 0.0%) 
HDR worldlights          0/8192            0/720896   ( 0.0%) 
leafwaterdata            1/32768          12/393216   ( 0.0%) 
waterstrips            285/32768        2850/327680   ( 0.9%) 
waterverts               0/65536           0/786432   ( 0.0%) 
waterindices          4584/65536        9168/131072   ( 7.0%) 
cubemapsamples           0/1024            0/16384    ( 0.0%) 
overlays                 0/512             0/180224   ( 0.0%) 
LDR lightdata         [variable]     1392776/0        ( 0.0%) 
HDR lightdata         [variable]           0/0        ( 0.0%) 
visdata               [variable]      325887/16777216 ( 1.9%) 
entdata               [variable]        4482/393216   ( 1.1%) 
LDR ambient table     2131/65536        8524/262144   ( 3.3%) 
HDR ambient table     2131/65536        8524/262144   ( 3.3%) 
LDR leaf ambient     13112/65536      367136/1835008  (20.0%) 
HDR leaf ambient      2131/65536       59668/1835008  ( 3.3%) 
occluders                0/0               0/0        ( 0.0%) 
occluder polygons        0/0               0/0        ( 0.0%) 
occluder vert ind        0/0               0/0        ( 0.0%) 
detail props          [variable]           1/12       ( 8.3%) 
static props          [variable]           1/3722     ( 0.0%) 
pakfile               [variable]      211903/0        ( 0.0%) 
physics               [variable]      168460/4194304  ( 4.0%) 
physics terrain       [variable]           2/1048576  ( 0.0%) 

Level flags = 0

Total triangle count: 9288
Writing e:\misc\3d\neotokyo\mountain lab\ntre_cliff_ctg.bsp
6 seconds elapsed



Using shader api: shaderapiempty.dll
materialPath: G:\Games\Steam\steamapps\common\Source SDK Base 2013 Multiplayer\sourcetest\materials
Loading E:\Misc\3D\neotokyo\mountain lab\ntre_cliff_ctg.vmf
Could not locate 'GameData' key in g:\games\steam\steamapps\common\source sdk base 2013 multiplayer\sourcetest\gameinfo.txt
fixing up env_cubemap materials on brush sides...
0...1...2...3...4...5...6...7...8...9...100...1...2...3...4...5...6...7...8...9...10Processing areas...done (0)
Building Faces...done (0)
Chop Details...done (0)
Find Visible Detail Sides...done (0)
Merging details...done (0)
FixTjuncs...
PruneNodes...
WriteBSP...
done (0)
writing E:\Misc\3D\neotokyo\mountain lab\ntre_cliff_ctg.prt...Building visibility clusters...
done (0)
Creating default LDR cubemaps for env_cubemap using skybox materials:
   skybox/sky_day01_01*.vmt
 ! Run buildcubemaps in the engine to get the correct cube maps.
Creating default HDR cubemaps for env_cubemap using skybox materials:
   skybox/sky_day01_01*.vmt
 ! Run buildcubemaps in the engine to get the correct cube maps.
Finding displacement neighbors...
Finding lightmap sample positions...
Displacement Alpha : 0...1...2...3...4...5...6...7...8...9...10
Building Physics collision data...
done (0) (168927 bytes)
Error! prop_static using model "models/props_c17/shelfunit01a.mdl", which must be used on a dynamic entity (i.e. prop_physics). Deleted.
Error loading studio model "models/props_c17/shelfunit01a.mdl"!
Placing detail props : 0...1...2...3...4...5...6...7...8...9...10
Water found with no water_lod_control entity, creating a default one.
Compacting texture/material tables...
Reduced 1328 texinfos to 801
Reduced 15 texdatas to 12 (375 bytes to 262)
Writing E:\Misc\3D\neotokyo\mountain lab\ntre_cliff_ctg.bsp
MSG_FILEWRITE - Filesystem was asked to write to 'E:\Misc\3D\neotokyo\mountain lab\ntre_cliff_ctg.bsp', but we don't own that location. Allowing.
Wrote ZIP buffer, estimated size 212653, actual size 211903
0 seconds elapsed



8 threads
reading e:\misc\3d\neotokyo\mountain lab\ntre_cliff_ctg.bsp
reading e:\misc\3d\neotokyo\mountain lab\ntre_cliff_ctg.prt
1068 portalclusters
3620 numportals
0...1...2...3...4...5...6...7...8...9...100...1...2...3...4...5...6...7...8...9...10Optimized: 5813 visible clusters (1.09%)
Total clusters visible: 535387
Average clusters visible: 501
Building PAS...
Average clusters audible: 1067
visdatasize:287957  compressed from 290496
writing e:\misc\3d\neotokyo\mountain lab\ntre_cliff_ctg.bsp
MSG_FILEWRITE - Filesystem was asked to write to 'e:\misc\3d\neotokyo\mountain lab\ntre_cliff_ctg.bsp', but we don't own that location. Allowing.
1 hour, 13 minutes, 19 seconds elapsed



Could not find lights.rad in lights.rad.
Trying VRAD BIN directory instead...
Warning: Couldn't open texlight file G:\Games\Steam\steamapps\common\Source SDK Base 2013 Multiplayer\bin\x64\lights.rad.
Loading e:\misc\3d\neotokyo\mountain lab\ntre_cliff_ctg.bsp
2291 faces
1 degenerate faces
1045405 square feet [150538432.00 square inches]
0 Displacements
0 Square Feet [0.00 Square Inches]
2290 patches before subdivision
23166 patches after subdivision
2 direct lights
0...1...2...3...4...5...6...7...8...9...100...1...2...3...4...5...6...7...8...9...10transfers 1422108, max 846
transfer lists:  10.8 megs
0...1...2...3...4...5...6...7...8...9...10	Bounce #1 added RGB(34361, 26566, 23199)
0...1...2...3...4...5...6...7...8...9...10	Bounce #2 added RGB(3394, 2123, 1714)
0...1...2...3...4...5...6...7...8...9...10	Bounce #3 added RGB(650, 412, 377)
0...1...2...3...4...5...6...7...8...9...10	Bounce #4 added RGB(139, 103, 101)
0...1...2...3...4...5...6...7...8...9...10	Bounce #5 added RGB(52, 47, 48)
0...1...2...3...4...5...6...7...8...9...10	Bounce #6 added RGB(15, 15, 15)
0...1...2...3...4...5...6...7...8...9...10	Bounce #7 added RGB(7, 7, 7)
0...1...2...3...4...5...6...7...8...9...10	Bounce #8 added RGB(2, 2, 2)
0...1...2...3...4...5...6...7...8...9...10	Bounce #9 added RGB(1, 1, 1)
0...1...2...3...4...5...6...7...8...9...10	Bounce #10 added RGB(0, 0, 0)
Build Patch/Sample Hash Table(s).....Done<0.0032 sec>
0...1...2...3...4...5...6...7...8...9...10FinalLightFace Done
0 of 0 (0% of) surface lights went in leaf ambient cubes.
0...1...2...3...4...5...6...7...8...9...10Writing leaf ambient...done
Ready to Finish

Object names       Objects/Maxobjs  Memory / Maxmem  Fullness 
------------       ---------------  ---------------  -------- 
models                   1/1024           48/49152    ( 0.1%) 
brushes                513/8192         6156/98304    ( 6.3%) 
brushsides            3527/65536       28216/524288   ( 5.4%) 
planes                1342/65536       26840/1310720  ( 2.0%) 
vertexes              3950/65536       47400/786432   ( 6.0%) 
nodes                 1995/65536       63840/2097152  ( 3.0%) 
texinfos               801/12288       57672/884736   ( 6.5%) 
texdata                 12/2048          384/65536    ( 0.6%) 
dispinfos                0/0               0/0        ( 0.0%) 
disp_verts               0/0               0/0        ( 0.0%) 
disp_tris                0/0               0/0        ( 0.0%) 
disp_lmsamples           0/0               0/0        ( 0.0%) 
faces                 2291/65536      128296/3670016  ( 3.5%) 
hdr faces                0/65536           0/3670016  ( 0.0%) 
origfaces             1333/65536       74648/3670016  ( 2.0%) 
leaves                1997/65536       63904/2097152  ( 3.0%) 
leaffaces             2616/65536        5232/131072   ( 4.0%) 
leafbrushes            979/65536        1958/131072   ( 1.5%) 
areas                    2/256            16/2048     ( 0.8%) 
surfedges            15668/512000      62672/2048000  ( 3.1%) 
edges                 9608/256000      38432/1024000  ( 3.8%) 
LDR worldlights          2/8192          176/720896   ( 0.0%) 
HDR worldlights          0/8192            0/720896   ( 0.0%) 
leafwaterdata            1/32768          12/393216   ( 0.0%) 
waterstrips            246/32768        2460/327680   ( 0.8%) 
waterverts               0/65536           0/786432   ( 0.0%) 
waterindices          4047/65536        8094/131072   ( 6.2%) 
cubemapsamples           0/1024            0/16384    ( 0.0%) 
overlays                 0/512             0/180224   ( 0.0%) 
LDR lightdata         [variable]      746452/0        ( 0.0%) 
HDR lightdata         [variable]           0/0        ( 0.0%) 
visdata               [variable]      287957/16777216 ( 1.7%) 
entdata               [variable]        4482/393216   ( 1.1%) 
LDR ambient table     1997/65536        7988/262144   ( 3.0%) 
HDR ambient table     1997/65536        7988/262144   ( 3.0%) 
LDR leaf ambient     11319/65536      316932/1835008  (17.3%) 
HDR leaf ambient      1997/65536       55916/1835008  ( 3.0%) 
occluders                0/0               0/0        ( 0.0%) 
occluder polygons        0/0               0/0        ( 0.0%) 
occluder vert ind        0/0               0/0        ( 0.0%) 
detail props          [variable]           1/12       ( 8.3%) 
static props          [variable]           1/3722     ( 0.0%) 
pakfile               [variable]      211903/0        ( 0.0%) 
physics               [variable]      168927/4194304  ( 4.0%) 
physics terrain       [variable]           2/1048576  ( 0.0%) 

Level flags = 0

Total triangle count: 5930
Writing e:\misc\3d\neotokyo\mountain lab\ntre_cliff_ctg.bsp
4 seconds elapsed



Using shader api: shaderapiempty.dll
materialPath: G:\Games\Steam\steamapps\common\Source SDK Base 2013 Multiplayer\sourcetest\materials
Loading E:\Misc\3D\neotokyo\mountain lab\ntre_cliff_ctg.vmf
Could not locate 'GameData' key in g:\games\steam\steamapps\common\source sdk base 2013 multiplayer\sourcetest\gameinfo.txt
fixing up env_cubemap materials on brush sides...
0...1...2...3...4...5...6...7...8...9...100...1...2...3...4...5...6...7...8...9...10Processing areas...done (0)
Building Faces...done (0)
Chop Details...done (0)
Find Visible Detail Sides...done (0)
Merging details...done (0)
FixTjuncs...
PruneNodes...
WriteBSP...
done (0)
writing E:\Misc\3D\neotokyo\mountain lab\ntre_cliff_ctg.prt...Building visibility clusters...
done (0)
Creating default LDR cubemaps for env_cubemap using skybox materials:
   skybox/sky_day01_01*.vmt
 ! Run buildcubemaps in the engine to get the correct cube maps.
Creating default HDR cubemaps for env_cubemap using skybox materials:
   skybox/sky_day01_01*.vmt
 ! Run buildcubemaps in the engine to get the correct cube maps.
Finding displacement neighbors...
Finding lightmap sample positions...
Displacement Alpha : 0...1...2...3...4...5...6...7...8...9...10
Building Physics collision data...
done (0) (205895 bytes)
Error! prop_static using model "models/props_c17/shelfunit01a.mdl", which must be used on a dynamic entity (i.e. prop_physics). Deleted.
Error loading studio model "models/props_c17/shelfunit01a.mdl"!
Placing detail props : 0...1...2...3...4...5...6...7...8...9...10
Water found with no water_lod_control entity, creating a default one.
Compacting texture/material tables...
Reduced 1562 texinfos to 917
Reduced 16 texdatas to 12 (402 bytes to 262)
Writing E:\Misc\3D\neotokyo\mountain lab\ntre_cliff_ctg.bsp
MSG_FILEWRITE - Filesystem was asked to write to 'E:\Misc\3D\neotokyo\mountain lab\ntre_cliff_ctg.bsp', but we don't own that location. Allowing.
Wrote ZIP buffer, estimated size 212653, actual size 211903
0 seconds elapsed



8 threads
reading e:\misc\3d\neotokyo\mountain lab\ntre_cliff_ctg.bsp
reading e:\misc\3d\neotokyo\mountain lab\ntre_cliff_ctg.prt
1250 portalclusters
4187 numportals
0...1...2...3...4...5...6...7...8...9...100...1...2...3...4...5...6...7...8...9...10Optimized: 7317 visible clusters (1.21%)
Total clusters visible: 603129
Average clusters visible: 482
Building PAS...
Average clusters audible: 1248
visdatasize:380796  compressed from 400000
writing e:\misc\3d\neotokyo\mountain lab\ntre_cliff_ctg.bsp
MSG_FILEWRITE - Filesystem was asked to write to 'e:\misc\3d\neotokyo\mountain lab\ntre_cliff_ctg.bsp', but we don't own that location. Allowing.
47 minutes, 14 seconds elapsed



Could not find lights.rad in lights.rad.
Trying VRAD BIN directory instead...
Warning: Couldn't open texlight file G:\Games\Steam\steamapps\common\Source SDK Base 2013 Multiplayer\bin\x64\lights.rad.
Loading e:\misc\3d\neotokyo\mountain lab\ntre_cliff_ctg.bsp
2622 faces
1 degenerate faces
1067176 square feet [153673424.00 square inches]
0 Displacements
0 Square Feet [0.00 Square Inches]
2621 patches before subdivision
27525 patches after subdivision
5 direct lights
0...1...2...3...4...5...6...7...8...9...100...1...2...3...4...5...6...7...8...9...10transfers 1743044, max 919
transfer lists:  13.3 megs
0...1...2...3...4...5...6...7...8...9...10	Bounce #1 added RGB(40548, 35804, 28407)
0...1...2...3...4...5...6...7...8...9...10	Bounce #2 added RGB(4127, 3062, 2070)
0...1...2...3...4...5...6...7...8...9...10	Bounce #3 added RGB(791, 523, 400)
0...1...2...3...4...5...6...7...8...9...10	Bounce #4 added RGB(161, 116, 103)
0...1...2...3...4...5...6...7...8...9...10	Bounce #5 added RGB(57, 49, 48)
0...1...2...3...4...5...6...7...8...9...10	Bounce #6 added RGB(16, 15, 15)
0...1...2...3...4...5...6...7...8...9...10	Bounce #7 added RGB(7, 7, 7)
0...1...2...3...4...5...6...7...8...9...10	Bounce #8 added RGB(2, 2, 2)
0...1...2...3...4...5...6...7...8...9...10	Bounce #9 added RGB(1, 1, 1)
0...1...2...3...4...5...6...7...8...9...10	Bounce #10 added RGB(0, 0, 0)
Build Patch/Sample Hash Table(s).....Done<0.0039 sec>
0...1...2...3...4...5...6...7...8...9...10FinalLightFace Done
0 of 0 (0% of) surface lights went in leaf ambient cubes.
0...1...2...3...4...5...6...7...8...9...10Writing leaf ambient...done
Ready to Finish

Object names       Objects/Maxobjs  Memory / Maxmem  Fullness 
------------       ---------------  ---------------  -------- 
models                   1/1024           48/49152    ( 0.1%) 
brushes                620/8192         7440/98304    ( 7.6%) 
brushsides            4202/65536       33616/524288   ( 6.4%) 
planes                1482/65536       29640/1310720  ( 2.3%) 
vertexes              4673/65536       56076/786432   ( 7.1%) 
nodes                 2297/65536       73504/2097152  ( 3.5%) 
texinfos               917/12288       66024/884736   ( 7.5%) 
texdata                 12/2048          384/65536    ( 0.6%) 
dispinfos                0/0               0/0        ( 0.0%) 
disp_verts               0/0               0/0        ( 0.0%) 
disp_tris                0/0               0/0        ( 0.0%) 
disp_lmsamples           0/0               0/0        ( 0.0%) 
faces                 2622/65536      146832/3670016  ( 4.0%) 
hdr faces                0/65536           0/3670016  ( 0.0%) 
origfaces             1553/65536       86968/3670016  ( 2.4%) 
leaves                2299/65536       73568/2097152  ( 3.5%) 
leaffaces             3027/65536        6054/131072   ( 4.6%) 
leafbrushes           1115/65536        2230/131072   ( 1.7%) 
areas                    2/256            16/2048     ( 0.8%) 
surfedges            18243/512000      72972/2048000  ( 3.6%) 
edges                11213/256000      44852/1024000  ( 4.4%) 
LDR worldlights          5/8192          440/720896   ( 0.1%) 
HDR worldlights          0/8192            0/720896   ( 0.0%) 
leafwaterdata            1/32768          12/393216   ( 0.0%) 
waterstrips            307/32768        3070/327680   ( 0.9%) 
waterverts               0/65536           0/786432   ( 0.0%) 
waterindices          5112/65536       10224/131072   ( 7.8%) 
cubemapsamples           0/1024            0/16384    ( 0.0%) 
overlays                 0/512             0/180224   ( 0.0%) 
LDR lightdata         [variable]      831648/0        ( 0.0%) 
HDR lightdata         [variable]           0/0        ( 0.0%) 
visdata               [variable]      380796/16777216 ( 2.3%) 
entdata               [variable]        5409/393216   ( 1.4%) 
LDR ambient table     2299/65536        9196/262144   ( 3.5%) 
HDR ambient table     2299/65536        9196/262144   ( 3.5%) 
LDR leaf ambient     12940/65536      362320/1835008  (19.7%) 
HDR leaf ambient      2299/65536       64372/1835008  ( 3.5%) 
occluders                0/0               0/0        ( 0.0%) 
occluder polygons        0/0               0/0        ( 0.0%) 
occluder vert ind        0/0               0/0        ( 0.0%) 
detail props          [variable]           1/12       ( 8.3%) 
static props          [variable]           1/4218     ( 0.0%) 
pakfile               [variable]      211903/0        ( 0.0%) 
physics               [variable]      205895/4194304  ( 4.9%) 
physics terrain       [variable]           2/1048576  ( 0.0%) 

Level flags = 0

Total triangle count: 6961
Writing e:\misc\3d\neotokyo\mountain lab\ntre_cliff_ctg.bsp
5 seconds elapsed



Using shader api: shaderapiempty.dll
materialPath: G:\Games\Steam\steamapps\common\Source SDK Base 2013 Multiplayer\sourcetest\materials
Loading E:\Misc\3D\neotokyo\mountain lab\ntre_cliff_ctg.vmf
Could not locate 'GameData' key in g:\games\steam\steamapps\common\source sdk base 2013 multiplayer\sourcetest\gameinfo.txt
fixing up env_cubemap materials on brush sides...
0...1...2...3...4...5...6...7...8...9...100...1...2...3...4...5...6...7...8...9...10Processing areas...done (0)
Building Faces...done (0)
Chop Details...done (0)
Find Visible Detail Sides...done (0)
Merging details...done (0)
FixTjuncs...
PruneNodes...
WriteBSP...
done (0)
writing E:\Misc\3D\neotokyo\mountain lab\ntre_cliff_ctg.prt...Building visibility clusters...
done (0)
Creating default LDR cubemaps for env_cubemap using skybox materials:
   skybox/sky_day01_01*.vmt
 ! Run buildcubemaps in the engine to get the correct cube maps.
Creating default HDR cubemaps for env_cubemap using skybox materials:
   skybox/sky_day01_01*.vmt
 ! Run buildcubemaps in the engine to get the correct cube maps.
Finding displacement neighbors...
Finding lightmap sample positions...
Displacement Alpha : 0...1...2...3...4...5...6...7...8...9...10
Building Physics collision data...
done (0) (265543 bytes)
Error! prop_static using model "models/props_c17/shelfunit01a.mdl", which must be used on a dynamic entity (i.e. prop_physics). Deleted.
Error loading studio model "models/props_c17/shelfunit01a.mdl"!
Placing detail props : 0...1...2...3...4...5...6...7...8...9...10
Water found with no water_lod_control entity, creating a default one.
Compacting texture/material tables...
Reduced 1957 texinfos to 1034
Reduced 16 texdatas to 12 (402 bytes to 262)
Writing E:\Misc\3D\neotokyo\mountain lab\ntre_cliff_ctg.bsp
MSG_FILEWRITE - Filesystem was asked to write to 'E:\Misc\3D\neotokyo\mountain lab\ntre_cliff_ctg.bsp', but we don't own that location. Allowing.
Wrote ZIP buffer, estimated size 212653, actual size 211903
0 seconds elapsed



8 threads
reading e:\misc\3d\neotokyo\mountain lab\ntre_cliff_ctg.bsp
reading e:\misc\3d\neotokyo\mountain lab\ntre_cliff_ctg.prt
1551 portalclusters
4801 numportals
0...1...2...3...4...5...6...7...8...9...10Optimized: 166132 visible clusters (9.65%)
Total clusters visible: 1722431
Average clusters visible: 1110
Building PAS...
Average clusters audible: 1549
visdatasize:597189  compressed from 620400
writing e:\misc\3d\neotokyo\mountain lab\ntre_cliff_ctg.bsp
MSG_FILEWRITE - Filesystem was asked to write to 'e:\misc\3d\neotokyo\mountain lab\ntre_cliff_ctg.bsp', but we don't own that location. Allowing.
0 seconds elapsed



Could not find lights.rad in lights.rad.
Trying VRAD BIN directory instead...
Warning: Couldn't open texlight file G:\Games\Steam\steamapps\common\Source SDK Base 2013 Multiplayer\bin\x64\lights.rad.
Loading e:\misc\3d\neotokyo\mountain lab\ntre_cliff_ctg.bsp
3079 faces
1114169 square feet [160440432.00 square inches]
0 Displacements
0 Square Feet [0.00 Square Inches]
3079 patches before subdivision
34423 patches after subdivision
56 direct lights
0...1...2...3...4...5...6...7...8...9...100...1...2...3...4...5...6...7...8...9...10transfers 2653912, max 476
transfer lists:  20.2 megs
0...1...2...3...4...5...6...7...8...9...10	Bounce #1 added RGB(73643, 143858, 55848)
0...1...2...3...4...5...6...7...8...9...10	Bounce #2 added RGB(12553, 16898, 3690)
0...1...2...3...4...5...6...7...8...9...10	Bounce #3 added RGB(3397, 2438, 468)
0...1...2...3...4...5...6...7...8...9...10	Bounce #4 added RGB(749, 350, 96)
0...1...2...3...4...5...6...7...8...9...10	Bounce #5 added RGB(220, 74, 39)
0...1...2...3...4...5...6...7...8...9...10	Bounce #6 added RGB(58, 17, 12)
0...1...2...3...4...5...6...7...8...9...10	Bounce #7 added RGB(19, 6, 6)
0...1...2...3...4...5...6...7...8...9...10	Bounce #8 added RGB(6, 2, 2)
0...1...2...3...4...5...6...7...8...9...10	Bounce #9 added RGB(2, 1, 1)
0...1...2...3...4...5...6...7...8...9...10	Bounce #10 added RGB(1, 0, 0)
Build Patch/Sample Hash Table(s).....Done<0.0048 sec>
0...1...2...3...4...5...6...7...8...9...10FinalLightFace Done
0 of 0 (0% of) surface lights went in leaf ambient cubes.
0...1...2...3...4...5...6...7...8...9...10Writing leaf ambient...done
Ready to Finish

Object names       Objects/Maxobjs  Memory / Maxmem  Fullness 
------------       ---------------  ---------------  -------- 
models                   1/1024           48/49152    ( 0.1%) 
brushes                796/8192         9552/98304    ( 9.7%) 
brushsides            5279/65536       42232/524288   ( 8.1%) 
planes                1582/65536       31640/1310720  ( 2.4%) 
vertexes              5857/65536       70284/786432   ( 8.9%) 
nodes                 2832/65536       90624/2097152  ( 4.3%) 
texinfos              1034/12288       74448/884736   ( 8.4%) 
texdata                 12/2048          384/65536    ( 0.6%) 
dispinfos                0/0               0/0        ( 0.0%) 
disp_verts               0/0               0/0        ( 0.0%) 
disp_tris                0/0               0/0        ( 0.0%) 
disp_lmsamples           0/0               0/0        ( 0.0%) 
faces                 3079/65536      172424/3670016  ( 4.7%) 
hdr faces                0/65536           0/3670016  ( 0.0%) 
origfaces             1788/65536      100128/3670016  ( 2.7%) 
leaves                2834/65536       90688/2097152  ( 4.3%) 
leaffaces             3701/65536        7402/131072   ( 5.6%) 
leafbrushes           1367/65536        2734/131072   ( 2.1%) 
areas                    2/256            16/2048     ( 0.8%) 
surfedges            21770/512000      87080/2048000  ( 4.3%) 
edges                13167/256000      52668/1024000  ( 5.1%) 
LDR worldlights         56/8192         4928/720896   ( 0.7%) 
HDR worldlights          0/8192            0/720896   ( 0.0%) 
leafwaterdata            1/32768          12/393216   ( 0.0%) 
waterstrips            450/32768        4500/327680   ( 1.4%) 
waterverts               0/65536           0/786432   ( 0.0%) 
waterindices          7500/65536       15000/131072   (11.4%) 
cubemapsamples           0/1024            0/16384    ( 0.0%) 
overlays                 0/512             0/180224   ( 0.0%) 
LDR lightdata         [variable]      995620/0        ( 0.0%) 
HDR lightdata         [variable]           0/0        ( 0.0%) 
visdata               [variable]      597189/16777216 ( 3.6%) 
entdata               [variable]       21521/393216   ( 5.5%) 
LDR ambient table     2834/65536       11336/262144   ( 4.3%) 
HDR ambient table     2834/65536       11336/262144   ( 4.3%) 
LDR leaf ambient     16198/65536      453544/1835008  (24.7%) 
HDR leaf ambient      2834/65536       79352/1835008  ( 4.3%) 
occluders                0/0               0/0        ( 0.0%) 
occluder polygons        0/0               0/0        ( 0.0%) 
occluder vert ind        0/0               0/0        ( 0.0%) 
detail props          [variable]           1/12       ( 8.3%) 
static props          [variable]           1/4200     ( 0.0%) 
pakfile               [variable]      211903/0        ( 0.0%) 
physics               [variable]      265543/4194304  ( 6.3%) 
physics terrain       [variable]           2/1048576  ( 0.0%) 

Level flags = 0

Total triangle count: 8625
Writing e:\misc\3d\neotokyo\mountain lab\ntre_cliff_ctg.bsp
7 seconds elapsed



Using shader api: shaderapiempty.dll
materialPath: G:\Games\Steam\steamapps\common\Source SDK Base 2013 Multiplayer\sourcetest\materials
Loading E:\Misc\3D\neotokyo\mountain lab\ntre_cliff_ctg.vmf
Could not locate 'GameData' key in g:\games\steam\steamapps\common\source sdk base 2013 multiplayer\sourcetest\gameinfo.txt
Patching WVT material: maps/ntre_cliff_ctg/nature/nijo_grasstogravel2_ivy_wvt_patch
fixing up env_cubemap materials on brush sides...
0...1...2...3...4...5...6...7...8...9...100...1...2...3...4...5...6...7...8...9...10Processing areas...done (0)
Building Faces...done (0)
Chop Details...done (0)
Find Visible Detail Sides...done (0)
Merging details...done (0)
FixTjuncs...
PruneNodes...
WriteBSP...
done (0)
writing E:\Misc\3D\neotokyo\mountain lab\ntre_cliff_ctg.prt...Building visibility clusters...
done (0)
Creating default LDR cubemaps for env_cubemap using skybox materials:
   skybox/sky_day01_01*.vmt
 ! Run buildcubemaps in the engine to get the correct cube maps.
Creating default HDR cubemaps for env_cubemap using skybox materials:
   skybox/sky_day01_01*.vmt
 ! Run buildcubemaps in the engine to get the correct cube maps.
Finding displacement neighbors...
Finding lightmap sample positions...
Displacement Alpha : 0...1...2...3...4...5...6...7...8...9...10
Building Physics collision data...
done (0) (278568 bytes)
Error! prop_static using model "models/props_c17/shelfunit01a.mdl", which must be used on a dynamic entity (i.e. prop_physics). Deleted.
Error loading studio model "models/props_c17/shelfunit01a.mdl"!
Placing detail props : 0...1...2...3...4...5...6...7...8...9...10
Water found with no water_lod_control entity, creating a default one.
Compacting texture/material tables...
Reduced 2077 texinfos to 1106
Reduced 20 texdatas to 15 (534 bytes to 363)
Writing E:\Misc\3D\neotokyo\mountain lab\ntre_cliff_ctg.bsp
MSG_FILEWRITE - Filesystem was asked to write to 'E:\Misc\3D\neotokyo\mountain lab\ntre_cliff_ctg.bsp', but we don't own that location. Allowing.
Wrote ZIP buffer, estimated size 213244, actual size 212360
0 seconds elapsed



8 threads
reading e:\misc\3d\neotokyo\mountain lab\ntre_cliff_ctg.bsp
reading e:\misc\3d\neotokyo\mountain lab\ntre_cliff_ctg.prt
1707 portalclusters
5342 numportals
0...1...2...3...4...5...6...7...8...9...10Optimized: 196457 visible clusters (9.22%)
Total clusters visible: 2130377
Average clusters visible: 1248
Building PAS...
Average clusters audible: 1705
visdatasize:724771  compressed from 737424
writing e:\misc\3d\neotokyo\mountain lab\ntre_cliff_ctg.bsp
MSG_FILEWRITE - Filesystem was asked to write to 'e:\misc\3d\neotokyo\mountain lab\ntre_cliff_ctg.bsp', but we don't own that location. Allowing.
0 seconds elapsed



Could not find lights.rad in lights.rad.
Trying VRAD BIN directory instead...
Warning: Couldn't open texlight file G:\Games\Steam\steamapps\common\Source SDK Base 2013 Multiplayer\bin\x64\lights.rad.
Loading e:\misc\3d\neotokyo\mountain lab\ntre_cliff_ctg.bsp
3446 faces
1129147 square feet [162597248.00 square inches]
0 Displacements
0 Square Feet [0.00 Square Inches]
3446 patches before subdivision
37646 patches after subdivision
58 direct lights
0...1...2...3...4...5...6...7...8...9...100...1...2...3...4...5...6...7...8...9...10transfers 3130946, max 549
transfer lists:  23.9 megs
0...1...2...3...4...5...6...7...8...9...10	Bounce #1 added RGB(80734, 155044, 59812)
0...1...2...3...4...5...6...7...8...9...10	Bounce #2 added RGB(11685, 17498, 3872)
0...1...2...3...4...5...6...7...8...9...10	Bounce #3 added RGB(3251, 2509, 468)
0...1...2...3...4...5...6...7...8...9...10	Bounce #4 added RGB(648, 355, 94)
0...1...2...3...4...5...6...7...8...9...10	Bounce #5 added RGB(188, 72, 37)
0...1...2...3...4...5...6...7...8...9...10	Bounce #6 added RGB(45, 16, 12)
0...1...2...3...4...5...6...7...8...9...10	Bounce #7 added RGB(14, 6, 5)
0...1...2...3...4...5...6...7...8...9...10	Bounce #8 added RGB(4, 2, 2)
0...1...2...3...4...5...6...7...8...9...10	Bounce #9 added RGB(1, 1, 1)
0...1...2...3...4...5...6...7...8...9...10	Bounce #10 added RGB(0, 0, 0)
Build Patch/Sample Hash Table(s).....Done<0.0052 sec>
0...1...2...3...4...5...6...7...8...9...10FinalLightFace Done
0 of 0 (0% of) surface lights went in leaf ambient cubes.
0...1...2...3...4...5...6...7...8...9...10Writing leaf ambient...done
Ready to Finish

Object names       Objects/Maxobjs  Memory / Maxmem  Fullness 
------------       ---------------  ---------------  -------- 
models                   1/1024           48/49152    ( 0.1%) 
brushes                831/8192         9972/98304    (10.1%) 
brushsides            5681/65536       45448/524288   ( 8.7%) 
planes                1842/65536       36840/1310720  ( 2.8%) 
vertexes              6314/65536       75768/786432   ( 9.6%) 
nodes                 3125/65536      100000/2097152  ( 4.8%) 
texinfos              1106/12288       79632/884736   ( 9.0%) 
texdata                 15/2048          480/65536    ( 0.7%) 
dispinfos                0/0               0/0        ( 0.0%) 
disp_verts               0/0               0/0        ( 0.0%) 
disp_tris                0/0               0/0        ( 0.0%) 
disp_lmsamples           0/0               0/0        ( 0.0%) 
faces                 3446/65536      192976/3670016  ( 5.3%) 
hdr faces                0/65536           0/3670016  ( 0.0%) 
origfaces             1882/65536      105392/3670016  ( 2.9%) 
leaves                3127/65536      100064/2097152  ( 4.8%) 
leaffaces             4106/65536        8212/131072   ( 6.3%) 
leafbrushes           1593/65536        3186/131072   ( 2.4%) 
areas                    2/256            16/2048     ( 0.8%) 
surfedges            23751/512000      95004/2048000  ( 4.6%) 
edges                14214/256000      56856/1024000  ( 5.6%) 
LDR worldlights         58/8192         5104/720896   ( 0.7%) 
HDR worldlights          0/8192            0/720896   ( 0.0%) 
leafwaterdata            1/32768          12/393216   ( 0.0%) 
waterstrips            460/32768        4600/327680   ( 1.4%) 
waterverts               0/65536           0/786432   ( 0.0%) 
waterindices          7728/65536       15456/131072   (11.8%) 
cubemapsamples           0/1024            0/16384    ( 0.0%) 
overlays                 0/512             0/180224   ( 0.0%) 
LDR lightdata         [variable]     1072384/0        ( 0.0%) 
HDR lightdata         [variable]           0/0        ( 0.0%) 
visdata               [variable]      724771/16777216 ( 4.3%) 
entdata               [variable]       22148/393216   ( 5.6%) 
LDR ambient table     3127/65536       12508/262144   ( 4.8%) 
HDR ambient table     3127/65536       12508/262144   ( 4.8%) 
LDR leaf ambient     17185/65536      481180/1835008  (26.2%) 
HDR leaf ambient      3127/65536       87556/1835008  ( 4.8%) 
occluders                0/0               0/0        ( 0.0%) 
occluder polygons        0/0               0/0        ( 0.0%) 
occluder vert ind        0/0               0/0        ( 0.0%) 
detail props          [variable]           1/12       ( 8.3%) 
static props          [variable]           1/4196     ( 0.0%) 
pakfile               [variable]      212360/0        ( 0.0%) 
physics               [variable]      278568/4194304  ( 6.6%) 
physics terrain       [variable]           2/1048576  ( 0.0%) 

Level flags = 0

Total triangle count: 9496
Writing e:\misc\3d\neotokyo\mountain lab\ntre_cliff_ctg.bsp
8 seconds elapsed



Using shader api: shaderapiempty.dll
materialPath: G:\Games\Steam\steamapps\common\Source SDK Base 2013 Multiplayer\sourcetest\materials
Loading E:\Misc\3D\neotokyo\mountain lab\ntre_cliff_ctg.vmf
Could not locate 'GameData' key in g:\games\steam\steamapps\common\source sdk base 2013 multiplayer\sourcetest\gameinfo.txt
Patching WVT material: maps/ntre_cliff_ctg/nature/nijo_grasstogravel2_ivy_wvt_patch
fixing up env_cubemap materials on brush sides...
0...1...2...3...4...5...6...7...8...9...100...1...2...3...4...5...6...7...8...9...10Processing areas...done (0)
Building Faces...done (0)
Chop Details...done (0)
Find Visible Detail Sides...done (0)
Merging details...done (0)
FixTjuncs...
PruneNodes...
WriteBSP...
done (0)
writing E:\Misc\3D\neotokyo\mountain lab\ntre_cliff_ctg.prt...Building visibility clusters...
done (0)
Creating default LDR cubemaps for env_cubemap using skybox materials:
   skybox/sky_day01_01*.vmt
 ! Run buildcubemaps in the engine to get the correct cube maps.
Creating default HDR cubemaps for env_cubemap using skybox materials:
   skybox/sky_day01_01*.vmt
 ! Run buildcubemaps in the engine to get the correct cube maps.
Finding displacement neighbors...
Finding lightmap sample positions...
Displacement Alpha : 0...1...2...3...4...5...6...7...8...9...10
Building Physics collision data...
done (0) (282608 bytes)
Error! prop_static using model "models/props_c17/shelfunit01a.mdl", which must be used on a dynamic entity (i.e. prop_physics). Deleted.
Error loading studio model "models/props_c17/shelfunit01a.mdl"!
Placing detail props : 0...1...2...3...4...5...6...7...8...9...10
Water found with no water_lod_control entity, creating a default one.
Compacting texture/material tables...
Reduced 2110 texinfos to 1115
Reduced 21 texdatas to 16 (562 bytes to 391)
Writing E:\Misc\3D\neotokyo\mountain lab\ntre_cliff_ctg.bsp
MSG_FILEWRITE - Filesystem was asked to write to 'E:\Misc\3D\neotokyo\mountain lab\ntre_cliff_ctg.bsp', but we don't own that location. Allowing.
Wrote ZIP buffer, estimated size 213244, actual size 212360
0 seconds elapsed



8 threads
reading e:\misc\3d\neotokyo\mountain lab\ntre_cliff_ctg.bsp
reading e:\misc\3d\neotokyo\mountain lab\ntre_cliff_ctg.prt
1748 portalclusters
5528 numportals
0...1...2...3...4...5...6...7...8...9...10Optimized: 210944 visible clusters (9.42%)
Total clusters visible: 2239899
Average clusters visible: 1281
Building PAS...
Average clusters audible: 1746
visdatasize:759516  compressed from 783104
writing e:\misc\3d\neotokyo\mountain lab\ntre_cliff_ctg.bsp
MSG_FILEWRITE - Filesystem was asked to write to 'e:\misc\3d\neotokyo\mountain lab\ntre_cliff_ctg.bsp', but we don't own that location. Allowing.
0 seconds elapsed



Could not find lights.rad in lights.rad.
Trying VRAD BIN directory instead...
Warning: Couldn't open texlight file G:\Games\Steam\steamapps\common\Source SDK Base 2013 Multiplayer\bin\x64\lights.rad.
Loading e:\misc\3d\neotokyo\mountain lab\ntre_cliff_ctg.bsp
3478 faces
1138000 square feet [163872112.00 square inches]
0 Displacements
0 Square Feet [0.00 Square Inches]
3478 patches before subdivision
38936 patches after subdivision
59 direct lights
0...1...2...3...4...5...6...7...8...9...100...1...2...3...4...5...6...7...8...9...10transfers 3157424, max 558
transfer lists:  24.1 megs
0...1...2...3...4...5...6...7...8...9...10	Bounce #1 added RGB(81821, 157463, 60573)
0...1...2...3...4...5...6...7...8...9...10	Bounce #2 added RGB(11832, 17796, 3908)
0...1...2...3...4...5...6...7...8...9...10	Bounce #3 added RGB(3311, 2554, 469)
0...1...2...3...4...5...6...7...8...9...10	Bounce #4 added RGB(657, 360, 94)
0...1...2...3...4...5...6...7...8...9...10	Bounce #5 added RGB(191, 73, 37)
0...1...2...3...4...5...6...7...8...9...10	Bounce #6 added RGB(46, 16, 12)
0...1...2...3...4...5...6...7...8...9...10	Bounce #7 added RGB(14, 6, 5)
0...1...2...3...4...5...6...7...8...9...10	Bounce #8 added RGB(4, 2, 2)
0...1...2...3...4...5...6...7...8...9...10	Bounce #9 added RGB(1, 1, 1)
0...1...2...3...4...5...6...7...8...9...10	Bounce #10 added RGB(0, 0, 0)
Build Patch/Sample Hash Table(s).....Done<0.0056 sec>
0...1...2...3...4...5...6...7...8...9...10FinalLightFace Done
0 of 0 (0% of) surface lights went in leaf ambient cubes.
0...1...2...3...4...5...6...7...8...9...10Writing leaf ambient...done
Ready to Finish

Object names       Objects/Maxobjs  Memory / Maxmem  Fullness 
------------       ---------------  ---------------  -------- 
models                   1/1024           48/49152    ( 0.1%) 
brushes                842/8192        10104/98304    (10.3%) 
brushsides            5780/65536       46240/524288   ( 8.8%) 
planes                1910/65536       38200/1310720  ( 2.9%) 
vertexes              6420/65536       77040/786432   ( 9.8%) 
nodes                 3194/65536      102208/2097152  ( 4.9%) 
texinfos              1115/12288       80280/884736   ( 9.1%) 
texdata                 16/2048          512/65536    ( 0.8%) 
dispinfos                0/0               0/0        ( 0.0%) 
disp_verts               0/0               0/0        ( 0.0%) 
disp_tris                0/0               0/0        ( 0.0%) 
disp_lmsamples           0/0               0/0        ( 0.0%) 
faces                 3478/65536      194768/3670016  ( 5.3%) 
hdr faces                0/65536           0/3670016  ( 0.0%) 
origfaces             1893/65536      106008/3670016  ( 2.9%) 
leaves                3196/65536      102272/2097152  ( 4.9%) 
leaffaces             4133/65536        8266/131072   ( 6.3%) 
leafbrushes           1629/65536        3258/131072   ( 2.5%) 
areas                    2/256            16/2048     ( 0.8%) 
surfedges            23914/512000      95656/2048000  ( 4.7%) 
edges                14329/256000      57316/1024000  ( 5.6%) 
LDR worldlights         59/8192         5192/720896   ( 0.7%) 
HDR worldlights          0/8192            0/720896   ( 0.0%) 
leafwaterdata            1/32768          12/393216   ( 0.0%) 
waterstrips            459/32768        4590/327680   ( 1.4%) 
waterverts               0/65536           0/786432   ( 0.0%) 
waterindices          7638/65536       15276/131072   (11.7%) 
cubemapsamples           0/1024            0/16384    ( 0.0%) 
overlays                 0/512             0/180224   ( 0.0%) 
LDR lightdata         [variable]     1179564/0        ( 0.0%) 
HDR lightdata         [variable]           0/0        ( 0.0%) 
visdata               [variable]      759516/16777216 ( 4.5%) 
entdata               [variable]       22464/393216   ( 5.7%) 
LDR ambient table     3196/65536       12784/262144   ( 4.9%) 
HDR ambient table     3196/65536       12784/262144   ( 4.9%) 
LDR leaf ambient     17704/65536      495712/1835008  (27.0%) 
HDR leaf ambient      3196/65536       89488/1835008  ( 4.9%) 
occluders                0/0               0/0        ( 0.0%) 
occluder polygons        0/0               0/0        ( 0.0%) 
occluder vert ind        0/0               0/0        ( 0.0%) 
detail props          [variable]           1/12       ( 8.3%) 
static props          [variable]           1/4202     ( 0.0%) 
pakfile               [variable]      212360/0        ( 0.0%) 
physics               [variable]      282608/4194304  ( 6.7%) 
physics terrain       [variable]           2/1048576  ( 0.0%) 

Level flags = 0

Total triangle count: 9552
Writing e:\misc\3d\neotokyo\mountain lab\ntre_cliff_ctg.bsp
8 seconds elapsed



Using shader api: shaderapiempty.dll
materialPath: G:\Games\Steam\steamapps\common\Source SDK Base 2013 Multiplayer\sourcetest\materials
Loading E:\Misc\3D\neotokyo\mountain lab\ntre_cliff_ctg.vmf
Could not locate 'GameData' key in g:\games\steam\steamapps\common\source sdk base 2013 multiplayer\sourcetest\gameinfo.txt
Patching WVT material: maps/ntre_cliff_ctg/nature/nijo_grasstogravel2_ivy_wvt_patch
fixing up env_cubemap materials on brush sides...
0...1...2...3...4...5...6...7...8...9...100...1...2...3...4...5...6...7...8...9...10Processing areas...done (0)
Building Faces...done (0)
Chop Details...done (0)
Find Visible Detail Sides...done (0)
Merging details...done (0)
FixTjuncs...
PruneNodes...
WriteBSP...
done (0)
writing E:\Misc\3D\neotokyo\mountain lab\ntre_cliff_ctg.prt...Building visibility clusters...
done (0)
Creating default LDR cubemaps for env_cubemap using skybox materials:
   skybox/sky_day01_01*.vmt
 ! Run buildcubemaps in the engine to get the correct cube maps.
Creating default HDR cubemaps for env_cubemap using skybox materials:
   skybox/sky_day01_01*.vmt
 ! Run buildcubemaps in the engine to get the correct cube maps.
Finding displacement neighbors...
Finding lightmap sample positions...
Displacement Alpha : 0...1...2...3...4...5...6...7...8...9...10
Building Physics collision data...
done (0) (286495 bytes)
Error! prop_static using model "models/props_c17/shelfunit01a.mdl", which must be used on a dynamic entity (i.e. prop_physics). Deleted.
Error loading studio model "models/props_c17/shelfunit01a.mdl"!
Placing detail props : 0...1...2...3...4...5...6...7...8...9...10
Water found with no water_lod_control entity, creating a default one.
Compacting texture/material tables...
Reduced 2137 texinfos to 1125
Reduced 23 texdatas to 18 (605 bytes to 434)
Writing E:\Misc\3D\neotokyo\mountain lab\ntre_cliff_ctg.bsp
MSG_FILEWRITE - Filesystem was asked to write to 'E:\Misc\3D\neotokyo\mountain lab\ntre_cliff_ctg.bsp', but we don't own that location. Allowing.
Wrote ZIP buffer, estimated size 213244, actual size 212360
0 seconds elapsed



8 threads
reading e:\misc\3d\neotokyo\mountain lab\ntre_cliff_ctg.bsp
reading e:\misc\3d\neotokyo\mountain lab\ntre_cliff_ctg.prt
1754 portalclusters
5532 numportals
0...1...2...3...4...5...6...7...8...9...10Optimized: 216430 visible clusters (9.63%)
Total clusters visible: 2246855
Average clusters visible: 1280
Building PAS...
Average clusters audible: 1752
visdatasize:766520  compressed from 785792
writing e:\misc\3d\neotokyo\mountain lab\ntre_cliff_ctg.bsp
MSG_FILEWRITE - Filesystem was asked to write to 'e:\misc\3d\neotokyo\mountain lab\ntre_cliff_ctg.bsp', but we don't own that location. Allowing.
0 seconds elapsed



Could not find lights.rad in lights.rad.
Trying VRAD BIN directory instead...
Warning: Couldn't open texlight file G:\Games\Steam\steamapps\common\Source SDK Base 2013 Multiplayer\bin\x64\lights.rad.
Loading e:\misc\3d\neotokyo\mountain lab\ntre_cliff_ctg.bsp
3537 faces
1140924 square feet [164293056.00 square inches]
0 Displacements
0 Square Feet [0.00 Square Inches]
3537 patches before subdivision
39211 patches after subdivision
59 direct lights
0...1...2...3...4...5...6...7...8...9...100...1...2...3...4...5...6...7...8...9...10transfers 3190873, max 568
transfer lists:  24.3 megs
0...1...2...3...4...5...6...7...8...9...10	Bounce #1 added RGB(82042, 157725, 60808)
0...1...2...3...4...5...6...7...8...9...10	Bounce #2 added RGB(11856, 17823, 3923)
0...1...2...3...4...5...6...7...8...9...10	Bounce #3 added RGB(3315, 2557, 471)
0...1...2...3...4...5...6...7...8...9...10	Bounce #4 added RGB(658, 361, 94)
0...1...2...3...4...5...6...7...8...9...10	Bounce #5 added RGB(191, 73, 37)
0...1...2...3...4...5...6...7...8...9...10	Bounce #6 added RGB(46, 16, 12)
0...1...2...3...4...5...6...7...8...9...10	Bounce #7 added RGB(14, 6, 5)
0...1...2...3...4...5...6...7...8...9...10	Bounce #8 added RGB(4, 2, 2)
0...1...2...3...4...5...6...7...8...9...10	Bounce #9 added RGB(1, 1, 1)
0...1...2...3...4...5...6...7...8...9...10	Bounce #10 added RGB(0, 0, 0)
Build Patch/Sample Hash Table(s).....Done<0.0079 sec>
0...1...2...3...4...5...6...7...8...9...10FinalLightFace Done
0 of 0 (0% of) surface lights went in leaf ambient cubes.
0...1...2...3...4...5...6...7...8...9...10Writing leaf ambient...done
Ready to Finish

Object names       Objects/Maxobjs  Memory / Maxmem  Fullness 
------------       ---------------  ---------------  -------- 
models                   1/1024           48/49152    ( 0.1%) 
brushes                852/8192        10224/98304    (10.4%) 
brushsides            5848/65536       46784/524288   ( 8.9%) 
planes                1934/65536       38680/1310720  ( 3.0%) 
vertexes              6501/65536       78012/786432   ( 9.9%) 
nodes                 3213/65536      102816/2097152  ( 4.9%) 
texinfos              1125/12288       81000/884736   ( 9.2%) 
texdata                 18/2048          576/65536    ( 0.9%) 
dispinfos                0/0               0/0        ( 0.0%) 
disp_verts               0/0               0/0        ( 0.0%) 
disp_tris                0/0               0/0        ( 0.0%) 
disp_lmsamples           0/0               0/0        ( 0.0%) 
faces                 3537/65536      198072/3670016  ( 5.4%) 
hdr faces                0/65536           0/3670016  ( 0.0%) 
origfaces             1916/65536      107296/3670016  ( 2.9%) 
leaves                3215/65536      102880/2097152  ( 4.9%) 
leaffaces             4199/65536        8398/131072   ( 6.4%) 
leafbrushes           1645/65536        3290/131072   ( 2.5%) 
areas                    2/256            16/2048     ( 0.8%) 
surfedges            24393/512000      97572/2048000  ( 4.8%) 
edges                14590/256000      58360/1024000  ( 5.7%) 
LDR worldlights         59/8192         5192/720896   ( 0.7%) 
HDR worldlights          0/8192            0/720896   ( 0.0%) 
leafwaterdata            1/32768          12/393216   ( 0.0%) 
waterstrips            467/32768        4670/327680   ( 1.4%) 
waterverts               0/65536           0/786432   ( 0.0%) 
waterindices          7830/65536       15660/131072   (11.9%) 
cubemapsamples           0/1024            0/16384    ( 0.0%) 
overlays                 0/512             0/180224   ( 0.0%) 
LDR lightdata         [variable]     1198904/0        ( 0.0%) 
HDR lightdata         [variable]           0/0        ( 0.0%) 
visdata               [variable]      766520/16777216 ( 4.6%) 
entdata               [variable]       22464/393216   ( 5.7%) 
LDR ambient table     3215/65536       12860/262144   ( 4.9%) 
HDR ambient table     3215/65536       12860/262144   ( 4.9%) 
LDR leaf ambient     17726/65536      496328/1835008  (27.0%) 
HDR leaf ambient      3215/65536       90020/1835008  ( 4.9%) 
occluders                0/0               0/0        ( 0.0%) 
occluder polygons        0/0               0/0        ( 0.0%) 
occluder vert ind        0/0               0/0        ( 0.0%) 
detail props          [variable]           1/12       ( 8.3%) 
static props          [variable]           1/4174     ( 0.0%) 
pakfile               [variable]      212360/0        ( 0.0%) 
physics               [variable]      286495/4194304  ( 6.8%) 
physics terrain       [variable]           2/1048576  ( 0.0%) 

Level flags = 0

Total triangle count: 9806
Writing e:\misc\3d\neotokyo\mountain lab\ntre_cliff_ctg.bsp
8 seconds elapsed



Using shader api: shaderapiempty.dll
materialPath: G:\Games\Steam\steamapps\common\Source SDK Base 2013 Multiplayer\sourcetest\materials
Loading E:\Misc\3D\neotokyo\mountain lab\ntre_cliff_ctg.vmf
Could not locate 'GameData' key in g:\games\steam\steamapps\common\source sdk base 2013 multiplayer\sourcetest\gameinfo.txt
Patching WVT material: maps/ntre_cliff_ctg/nature/nijo_grasstogravel2_ivy_wvt_patch
fixing up env_cubemap materials on brush sides...
0...1...2...3...4...5...6...7...8...9...100...1...2...3...4...5...6...7...8...9...10Processing areas...done (0)
Building Faces...done (0)
Chop Details...done (0)
Find Visible Detail Sides...done (0)
Merging details...done (0)
FixTjuncs...
PruneNodes...
WriteBSP...
done (0)
writing E:\Misc\3D\neotokyo\mountain lab\ntre_cliff_ctg.prt...Building visibility clusters...
done (0)
Creating default LDR cubemaps for env_cubemap using skybox materials:
   skybox/sky_day01_01*.vmt
 ! Run buildcubemaps in the engine to get the correct cube maps.
Creating default HDR cubemaps for env_cubemap using skybox materials:
   skybox/sky_day01_01*.vmt
 ! Run buildcubemaps in the engine to get the correct cube maps.
Finding displacement neighbors...
Finding lightmap sample positions...
Displacement Alpha : 0...1...2...3...4...5...6...7...8...9...10
Building Physics collision data...
WARNING: Map using power 4 displacements, terrain physics cannot be compressed, map will need additional memory and CPU.
done (0) (355437 bytes)
Error! prop_static using model "models/props_c17/shelfunit01a.mdl", which must be used on a dynamic entity (i.e. prop_physics). Deleted.
Error loading studio model "models/props_c17/shelfunit01a.mdl"!
Placing detail props : 0...1...2...3...4...5...6...7...8...9...10
Water found with no water_lod_control entity, creating a default one.
Compacting texture/material tables...
Reduced 2238 texinfos to 1173
Reduced 27 texdatas to 22 (701 bytes to 530)
Writing E:\Misc\3D\neotokyo\mountain lab\ntre_cliff_ctg.bsp
MSG_FILEWRITE - Filesystem was asked to write to 'E:\Misc\3D\neotokyo\mountain lab\ntre_cliff_ctg.bsp', but we don't own that location. Allowing.
Wrote ZIP buffer, estimated size 213244, actual size 212360
0 seconds elapsed



8 threads
reading e:\misc\3d\neotokyo\mountain lab\ntre_cliff_ctg.bsp
reading e:\misc\3d\neotokyo\mountain lab\ntre_cliff_ctg.prt
1856 portalclusters
5929 numportals
0...1...2...3...4...5...6...7...8...9...10Optimized: 244328 visible clusters (9.66%)
Total clusters visible: 2529327
Average clusters visible: 1362
Building PAS...
Average clusters audible: 1855
visdatasize:851474  compressed from 861184
writing e:\misc\3d\neotokyo\mountain lab\ntre_cliff_ctg.bsp
MSG_FILEWRITE - Filesystem was asked to write to 'e:\misc\3d\neotokyo\mountain lab\ntre_cliff_ctg.bsp', but we don't own that location. Allowing.
0 seconds elapsed



Could not find lights.rad in lights.rad.
Trying VRAD BIN directory instead...
Warning: Couldn't open texlight file G:\Games\Steam\steamapps\common\Source SDK Base 2013 Multiplayer\bin\x64\lights.rad.
Loading e:\misc\3d\neotokyo\mountain lab\ntre_cliff_ctg.bsp
3738 faces
1419553 square feet [204415744.00 square inches]
1 Displacements
7159 Square Feet [1030904.94 Square Inches]
3738 patches before subdivision
41852 patches after subdivision
59 direct lights
0...1...2...3...4...5...6...7...8...9...100...1...2...3...4...5...6...7...8...9...10transfers 3384151, max 641
transfer lists:  25.8 megs
0...1...2...3...4...5...6...7...8...9...10	Bounce #1 added RGB(83588, 158991, 62116)
0...1...2...3...4...5...6...7...8...9...10	Bounce #2 added RGB(12019, 17879, 3964)
0...1...2...3...4...5...6...7...8...9...10	Bounce #3 added RGB(3357, 2562, 472)
0...1...2...3...4...5...6...7...8...9...10	Bounce #4 added RGB(669, 361, 94)
0...1...2...3...4...5...6...7...8...9...10	Bounce #5 added RGB(195, 73, 37)
0...1...2...3...4...5...6...7...8...9...10	Bounce #6 added RGB(47, 16, 12)
0...1...2...3...4...5...6...7...8...9...10	Bounce #7 added RGB(15, 6, 5)
0...1...2...3...4...5...6...7...8...9...10	Bounce #8 added RGB(4, 2, 2)
0...1...2...3...4...5...6...7...8...9...10	Bounce #9 added RGB(1, 1, 1)
0...1...2...3...4...5...6...7...8...9...10	Bounce #10 added RGB(0, 0, 0)
Build Patch/Sample Hash Table(s).....Done<0.0060 sec>
0...1...2...3...4...5...6...7...8...9...10FinalLightFace Done
0 of 0 (0% of) surface lights went in leaf ambient cubes.
0...1...2...3...4...5...6...7...8...9...10Writing leaf ambient...done
Ready to Finish

Object names       Objects/Maxobjs  Memory / Maxmem  Fullness 
------------       ---------------  ---------------  -------- 
models                   1/1024           48/49152    ( 0.1%) 
brushes                882/8192        10584/98304    (10.8%) 
brushsides            6117/65536       48936/524288   ( 9.3%) 
planes                2118/65536       42360/1310720  ( 3.2%) 
vertexes              6869/65536       82428/786432   (10.5%) 
nodes                 3409/65536      109088/2097152  ( 5.2%) 
texinfos              1173/12288       84456/884736   ( 9.5%) 
texdata                 22/2048          704/65536    ( 1.1%) 
dispinfos                1/0             176/0        ( 0.0%) 
disp_verts             289/0            5780/0        ( 0.0%) 
disp_tris              512/0            1024/0        ( 0.0%) 
disp_lmsamples       19357/0           19357/0        ( 0.0%) 
faces                 3738/65536      209328/3670016  ( 5.7%) 
hdr faces                0/65536           0/3670016  ( 0.0%) 
origfaces             1992/65536      111552/3670016  ( 3.0%) 
leaves                3411/65536      109152/2097152  ( 5.2%) 
leaffaces             4432/65536        8864/131072   ( 6.8%) 
leafbrushes           1776/65536        3552/131072   ( 2.7%) 
areas                    2/256            16/2048     ( 0.8%) 
surfedges            25591/512000     102364/2048000  ( 5.0%) 
edges                15296/256000      61184/1024000  ( 6.0%) 
LDR worldlights         59/8192         5192/720896   ( 0.7%) 
HDR worldlights          0/8192            0/720896   ( 0.0%) 
leafwaterdata            1/32768          12/393216   ( 0.0%) 
waterstrips            492/32768        4920/327680   ( 1.5%) 
waterverts               0/65536           0/786432   ( 0.0%) 
waterindices          8241/65536       16482/131072   (12.6%) 
cubemapsamples           0/1024            0/16384    ( 0.0%) 
overlays                 0/512             0/180224   ( 0.0%) 
LDR lightdata         [variable]     1255888/0        ( 0.0%) 
HDR lightdata         [variable]           0/0        ( 0.0%) 
visdata               [variable]      851474/16777216 ( 5.1%) 
entdata               [variable]       22465/393216   ( 5.7%) 
LDR ambient table     3411/65536       13644/262144   ( 5.2%) 
HDR ambient table     3411/65536       13644/262144   ( 5.2%) 
LDR leaf ambient     18571/65536      519988/1835008  (28.3%) 
HDR leaf ambient      3411/65536       95508/1835008  ( 5.2%) 
occluders                0/0               0/0        ( 0.0%) 
occluder polygons        0/0               0/0        ( 0.0%) 
occluder vert ind        0/0               0/0        ( 0.0%) 
detail props          [variable]           1/12       ( 8.3%) 
static props          [variable]           1/4450     ( 0.0%) 
pakfile               [variable]      212360/0        ( 0.0%) 
physics               [variable]      355437/4194304  ( 8.5%) 
physics terrain       [variable]           0/1048576  ( 0.0%) 

Level flags = 0

Total triangle count: 10298
Writing e:\misc\3d\neotokyo\mountain lab\ntre_cliff_ctg.bsp
10 seconds elapsed



Using shader api: shaderapiempty.dll
materialPath: G:\Games\Steam\steamapps\common\Source SDK Base 2013 Multiplayer\sourcetest\materials
Loading E:\Misc\3D\neotokyo\mountain lab\ntre_cliff_ctg.vmf
Could not locate 'GameData' key in g:\games\steam\steamapps\common\source sdk base 2013 multiplayer\sourcetest\gameinfo.txt
Patching WVT material: maps/ntre_cliff_ctg/nature/nijo_grasstogravel2_ivy_wvt_patch
fixing up env_cubemap materials on brush sides...
0...1...2...3...4...5...6...7...8...9...100...1...2...3...4...5...6...7...8...9...10Processing areas...done (0)
Building Faces...done (0)
Chop Details...done (0)
Find Visible Detail Sides...done (0)
Merging details...done (0)
FixTjuncs...
PruneNodes...
WriteBSP...
done (0)
writing E:\Misc\3D\neotokyo\mountain lab\ntre_cliff_ctg.prt...Building visibility clusters...
done (0)
Creating default LDR cubemaps for env_cubemap using skybox materials:
   skybox/sky_day01_01*.vmt
 ! Run buildcubemaps in the engine to get the correct cube maps.
Creating default HDR cubemaps for env_cubemap using skybox materials:
   skybox/sky_day01_01*.vmt
 ! Run buildcubemaps in the engine to get the correct cube maps.
Finding displacement neighbors...
Finding lightmap sample positions...
Displacement Alpha : 0...1...2...3...4...5...6...7...8...9...10
Building Physics collision data...
WARNING: Map using power 4 displacements, terrain physics cannot be compressed, map will need additional memory and CPU.
done (0) (370125 bytes)
Error! prop_static using model "models/props_c17/shelfunit01a.mdl", which must be used on a dynamic entity (i.e. prop_physics). Deleted.
Error loading studio model "models/props_c17/shelfunit01a.mdl"!
Placing detail props : 0...1...2...3...4...5...6...7...8...9...10
Water found with no water_lod_control entity, creating a default one.
Compacting texture/material tables...
Reduced 2237 texinfos to 1171
Reduced 27 texdatas to 22 (701 bytes to 530)
Writing E:\Misc\3D\neotokyo\mountain lab\ntre_cliff_ctg.bsp
MSG_FILEWRITE - Filesystem was asked to write to 'E:\Misc\3D\neotokyo\mountain lab\ntre_cliff_ctg.bsp', but we don't own that location. Allowing.
Wrote ZIP buffer, estimated size 213244, actual size 212360
0 seconds elapsed



8 threads
reading e:\misc\3d\neotokyo\mountain lab\ntre_cliff_ctg.bsp
reading e:\misc\3d\neotokyo\mountain lab\ntre_cliff_ctg.prt
1859 portalclusters
5930 numportals
0...1...2...3...4...5...6...7...8...9...10Optimized: 245312 visible clusters (9.66%)
Total clusters visible: 2539088
Average clusters visible: 1365
Building PAS...
Average clusters audible: 1858
visdatasize:859186  compressed from 892320
writing e:\misc\3d\neotokyo\mountain lab\ntre_cliff_ctg.bsp
MSG_FILEWRITE - Filesystem was asked to write to 'e:\misc\3d\neotokyo\mountain lab\ntre_cliff_ctg.bsp', but we don't own that location. Allowing.
0 seconds elapsed



Could not find lights.rad in lights.rad.
Trying VRAD BIN directory instead...
Warning: Couldn't open texlight file G:\Games\Steam\steamapps\common\Source SDK Base 2013 Multiplayer\bin\x64\lights.rad.
Loading e:\misc\3d\neotokyo\mountain lab\ntre_cliff_ctg.bsp
3736 faces
1416285 square feet [203945136.00 square inches]
2 Displacements
10317 Square Feet [1485782.62 Square Inches]
3736 patches before subdivision
41386 patches after subdivision
59 direct lights
0...1...2...3...4...5...6...7...8...9...100...1...2...3...4...5...6...7...8...9...10transfers 3314181, max 638
transfer lists:  25.3 megs
0...1...2...3...4...5...6...7...8...9...10	Bounce #1 added RGB(84723, 159936, 63471)
0...1...2...3...4...5...6...7...8...9...10	Bounce #2 added RGB(12144, 17985, 4090)
0...1...2...3...4...5...6...7...8...9...10	Bounce #3 added RGB(3461, 2667, 578)
0...1...2...3...4...5...6...7...8...9...10	Bounce #4 added RGB(682, 374, 106)
0...1...2...3...4...5...6...7...8...9...10	Bounce #5 added RGB(209, 87, 51)
0...1...2...3...4...5...6...7...8...9...10	Bounce #6 added RGB(49, 18, 13)
0...1...2...3...4...5...6...7...8...9...10	Bounce #7 added RGB(17, 8, 7)
0...1...2...3...4...5...6...7...8...9...10	Bounce #8 added RGB(4, 2, 2)
0...1...2...3...4...5...6...7...8...9...10	Bounce #9 added RGB(2, 1, 1)
0...1...2...3...4...5...6...7...8...9...10	Bounce #10 added RGB(0, 0, 0)
Build Patch/Sample Hash Table(s).....Done<0.0059 sec>
0...1...2...3...4...5...6...7...8...9...10FinalLightFace Done
0 of 0 (0% of) surface lights went in leaf ambient cubes.
0...1...2...3...4...5...6...7...8...9...10Writing leaf ambient...done
Ready to Finish

Object names       Objects/Maxobjs  Memory / Maxmem  Fullness 
------------       ---------------  ---------------  -------- 
models                   1/1024           48/49152    ( 0.1%) 
brushes                882/8192        10584/98304    (10.8%) 
brushsides            6117/65536       48936/524288   ( 9.3%) 
planes                2120/65536       42400/1310720  ( 3.2%) 
vertexes              6879/65536       82548/786432   (10.5%) 
nodes                 3414/65536      109248/2097152  ( 5.2%) 
texinfos              1171/12288       84312/884736   ( 9.5%) 
texdata                 22/2048          704/65536    ( 1.1%) 
dispinfos                2/0             352/0        ( 0.0%) 
disp_verts             370/0            7400/0        ( 0.0%) 
disp_tris              640/0            1280/0        ( 0.0%) 
disp_lmsamples       27065/0           27065/0        ( 0.0%) 
faces                 3736/65536      209216/3670016  ( 5.7%) 
hdr faces                0/65536           0/3670016  ( 0.0%) 
origfaces             1992/65536      111552/3670016  ( 3.0%) 
leaves                3416/65536      109312/2097152  ( 5.2%) 
leaffaces             4430/65536        8860/131072   ( 6.8%) 
leafbrushes           1778/65536        3556/131072   ( 2.7%) 
areas                    2/256            16/2048     ( 0.8%) 
surfedges            25576/512000     102304/2048000  ( 5.0%) 
edges                15283/256000      61132/1024000  ( 6.0%) 
LDR worldlights         59/8192         5192/720896   ( 0.7%) 
HDR worldlights          0/8192            0/720896   ( 0.0%) 
leafwaterdata            1/32768          12/393216   ( 0.0%) 
waterstrips            495/32768        4950/327680   ( 1.5%) 
waterverts               0/65536           0/786432   ( 0.0%) 
waterindices          8286/65536       16572/131072   (12.6%) 
cubemapsamples           0/1024            0/16384    ( 0.0%) 
overlays                 0/512             0/180224   ( 0.0%) 
LDR lightdata         [variable]     1254708/0        ( 0.0%) 
HDR lightdata         [variable]           0/0        ( 0.0%) 
visdata               [variable]      859186/16777216 ( 5.1%) 
entdata               [variable]       22510/393216   ( 5.7%) 
LDR ambient table     3416/65536       13664/262144   ( 5.2%) 
HDR ambient table     3416/65536       13664/262144   ( 5.2%) 
LDR leaf ambient     18545/65536      519260/1835008  (28.3%) 
HDR leaf ambient      3416/65536       95648/1835008  ( 5.2%) 
occluders                0/0               0/0        ( 0.0%) 
occluder polygons        0/0               0/0        ( 0.0%) 
occluder vert ind        0/0               0/0        ( 0.0%) 
detail props          [variable]           1/12       ( 8.3%) 
static props          [variable]           1/4534     ( 0.0%) 
pakfile               [variable]      212360/0        ( 0.0%) 
physics               [variable]      370125/4194304  ( 8.8%) 
physics terrain       [variable]           0/1048576  ( 0.0%) 

Level flags = 0

Total triangle count: 10289
Writing e:\misc\3d\neotokyo\mountain lab\ntre_cliff_ctg.bsp
10 seconds elapsed



Using shader api: shaderapiempty.dll
materialPath: G:\Games\Steam\steamapps\common\Source SDK Base 2013 Multiplayer\sourcetest\materials
Loading E:\Misc\3D\neotokyo\mountain lab\ntre_cliff_ctg.vmf
Could not locate 'GameData' key in g:\games\steam\steamapps\common\source sdk base 2013 multiplayer\sourcetest\gameinfo.txt
Patching WVT material: maps/ntre_cliff_ctg/nature/nijo_grasstogravel2_ivy_wvt_patch
Patching WVT material: maps/ntre_cliff_ctg/nature/blendcliffgrass001a_wvt_patch
fixing up env_cubemap materials on brush sides...
0...1...2...3...4...5...6...7...8...9...100...1...2...3...4...5...6...7...8...9...10Processing areas...done (0)
Building Faces...done (0)
Chop Details...done (0)
Find Visible Detail Sides...done (0)
Merging details...done (0)
FixTjuncs...
PruneNodes...
WriteBSP...
done (0)
writing E:\Misc\3D\neotokyo\mountain lab\ntre_cliff_ctg.prt...Building visibility clusters...
done (0)
Creating default LDR cubemaps for env_cubemap using skybox materials:
   skybox/sky_day01_01*.vmt
 ! Run buildcubemaps in the engine to get the correct cube maps.
Creating default HDR cubemaps for env_cubemap using skybox materials:
   skybox/sky_day01_01*.vmt
 ! Run buildcubemaps in the engine to get the correct cube maps.
Finding displacement neighbors...
Finding lightmap sample positions...
Displacement Alpha : 0...1...2...3...4...5...6...7...8...9...10
Building Physics collision data...
WARNING: Map using power 4 displacements, terrain physics cannot be compressed, map will need additional memory and CPU.
done (0) (1156603 bytes)
Error! prop_static using model "models/props_c17/shelfunit01a.mdl", which must be used on a dynamic entity (i.e. prop_physics). Deleted.
Error loading studio model "models/props_c17/shelfunit01a.mdl"!
Placing detail props : 0...1...2...3...4...5...6...7...8...9...10
Compacting texture/material tables...
Reduced 2289 texinfos to 1186
Reduced 33 texdatas to 26 (911 bytes to 632)
Writing E:\Misc\3D\neotokyo\mountain lab\ntre_cliff_ctg.bsp
MSG_FILEWRITE - Filesystem was asked to write to 'E:\Misc\3D\neotokyo\mountain lab\ntre_cliff_ctg.bsp', but we don't own that location. Allowing.
Wrote ZIP buffer, estimated size 214372, actual size 213220
0 seconds elapsed



8 threads
reading e:\misc\3d\neotokyo\mountain lab\ntre_cliff_ctg.bsp
reading e:\misc\3d\neotokyo\mountain lab\ntre_cliff_ctg.prt
1908 portalclusters
6097 numportals
0...1...2...3...4...5...6...7...8...9...10Optimized: 249485 visible clusters (9.19%)
Total clusters visible: 2713874
Average clusters visible: 1422
Building PAS...
Average clusters audible: 1907
visdatasize:903627  compressed from 915840
writing e:\misc\3d\neotokyo\mountain lab\ntre_cliff_ctg.bsp
MSG_FILEWRITE - Filesystem was asked to write to 'e:\misc\3d\neotokyo\mountain lab\ntre_cliff_ctg.bsp', but we don't own that location. Allowing.
0 seconds elapsed



Could not find lights.rad in lights.rad.
Trying VRAD BIN directory instead...
Warning: Couldn't open texlight file G:\Games\Steam\steamapps\common\Source SDK Base 2013 Multiplayer\bin\x64\lights.rad.
Loading e:\misc\3d\neotokyo\mountain lab\ntre_cliff_ctg.bsp
3849 faces
1777898 square feet [256017408.00 square inches]
56 Displacements
23174 Square Feet [3337167.75 Square Inches]
3849 patches before subdivision
42151 patches after subdivision
59 direct lights
0...1...2...3...4...5...6...7...8...9...100...1...2...3...4...5...6...7...8...9...10transfers 3357902, max 670
transfer lists:  25.6 megs
0...1...2...3...4...5...6...7...8...9...10	Bounce #1 added RGB(84631, 159835, 63386)
0...1...2...3...4...5...6...7...8...9...10	Bounce #2 added RGB(12141, 17983, 4089)
0...1...2...3...4...5...6...7...8...9...10	Bounce #3 added RGB(3458, 2666, 578)
0...1...2...3...4...5...6...7...8...9...10	Bounce #4 added RGB(682, 374, 106)
0...1...2...3...4...5...6...7...8...9...10	Bounce #5 added RGB(208, 87, 51)
0...1...2...3...4...5...6...7...8...9...10	Bounce #6 added RGB(49, 18, 13)
0...1...2...3...4...5...6...7...8...9...10	Bounce #7 added RGB(17, 8, 7)
0...1...2...3...4...5...6...7...8...9...10	Bounce #8 added RGB(4, 2, 2)
0...1...2...3...4...5...6...7...8...9...10	Bounce #9 added RGB(2, 1, 1)
0...1...2...3...4...5...6...7...8...9...10	Bounce #10 added RGB(0, 0, 0)
Build Patch/Sample Hash Table(s).....Done<0.0069 sec>
0...1...2...3...4...5...6...7...8...9...10FinalLightFace Done
Computing detail prop lighting : 0...1...2...3...4...5...6...7...8...9...10
0 of 0 (0% of) surface lights went in leaf ambient cubes.
0...1...2...3...4...5...6...7...8...9...10Writing leaf ambient...done
Ready to Finish

Object names       Objects/Maxobjs  Memory / Maxmem  Fullness 
------------       ---------------  ---------------  -------- 
models                   1/1024           48/49152    ( 0.1%) 
brushes                891/8192        10692/98304    (10.9%) 
brushsides            6171/65536       49368/524288   ( 9.4%) 
planes                2246/65536       44920/1310720  ( 3.4%) 
vertexes              7049/65536       84588/786432   (10.8%) 
nodes                 3517/65536      112544/2097152  ( 5.4%) 
texinfos              1186/12288       85392/884736   ( 9.7%) 
texdata                 26/2048          832/65536    ( 1.3%) 
dispinfos               56/0            9856/0        ( 0.0%) 
disp_verts            4744/0           94880/0        ( 0.0%) 
disp_tris             7552/0           15104/0        ( 0.0%) 
disp_lmsamples       67665/0           67665/0        ( 0.0%) 
faces                 3849/65536      215544/3670016  ( 5.9%) 
hdr faces                0/65536           0/3670016  ( 0.0%) 
origfaces             2048/65536      114688/3670016  ( 3.1%) 
leaves                3519/65536      112608/2097152  ( 5.4%) 
leaffaces             4506/65536        9012/131072   ( 6.9%) 
leafbrushes           1839/65536        3678/131072   ( 2.8%) 
areas                    2/256            16/2048     ( 0.8%) 
surfedges            26259/512000     105036/2048000  ( 5.1%) 
edges                15680/256000      62720/1024000  ( 6.1%) 
LDR worldlights         59/8192         5192/720896   ( 0.7%) 
HDR worldlights          0/8192            0/720896   ( 0.0%) 
leafwaterdata            2/32768          24/393216   ( 0.0%) 
waterstrips            495/32768        4950/327680   ( 1.5%) 
waterverts               0/65536           0/786432   ( 0.0%) 
waterindices          8289/65536       16578/131072   (12.6%) 
cubemapsamples           0/1024            0/16384    ( 0.0%) 
overlays                 0/512             0/180224   ( 0.0%) 
LDR lightdata         [variable]     1295544/0        ( 0.0%) 
HDR lightdata         [variable]           0/0        ( 0.0%) 
visdata               [variable]      903627/16777216 ( 5.4%) 
entdata               [variable]       22558/393216   ( 5.7%) 
LDR ambient table     3519/65536       14076/262144   ( 5.4%) 
HDR ambient table     3519/65536       14076/262144   ( 5.4%) 
LDR leaf ambient     18811/65536      526708/1835008  (28.7%) 
HDR leaf ambient      3519/65536       98532/1835008  ( 5.4%) 
occluders                0/0               0/0        ( 0.0%) 
occluder polygons        0/0               0/0        ( 0.0%) 
occluder vert ind        0/0               0/0        ( 0.0%) 
detail props          [variable]           1/2460     ( 0.0%) 
dtl prp lght          [variable]           1/4        (25.0%) 
HDR dtl prp lght      [variable]           1/4        (25.0%) 
static props          [variable]           1/4534     ( 0.0%) 
pakfile               [variable]      213220/0        ( 0.0%) 
physics               [variable]     1156603/4194304  (27.6%) 
physics terrain       [variable]           0/1048576  ( 0.0%) 

Level flags = 0

Total triangle count: 10522
Writing e:\misc\3d\neotokyo\mountain lab\ntre_cliff_ctg.bsp
10 seconds elapsed



Using shader api: shaderapiempty.dll
materialPath: G:\Games\Steam\steamapps\common\Source SDK Base 2013 Multiplayer\sourcetest\materials
Loading E:\Misc\3D\neotokyo\mountain lab\ntre_cliff_ctg.vmf
Could not locate 'GameData' key in g:\games\steam\steamapps\common\source sdk base 2013 multiplayer\sourcetest\gameinfo.txt
Patching WVT material: maps/ntre_cliff_ctg/nature/nijo_grasstogravel2_ivy_wvt_patch
Patching WVT material: maps/ntre_cliff_ctg/nature/blendcliffgrass001a_wvt_patch
fixing up env_cubemap materials on brush sides...
0...1...2...3...4...5...6...7...8...9...100...1...2...3...4...5...6...7...8...9...10Processing areas...done (0)
Building Faces...done (0)
Chop Details...done (0)
Find Visible Detail Sides...done (0)
Merging details...done (0)
FixTjuncs...
PruneNodes...
WriteBSP...
done (0)
writing E:\Misc\3D\neotokyo\mountain lab\ntre_cliff_ctg.prt...Building visibility clusters...
done (0)
Creating default LDR cubemaps for env_cubemap using skybox materials:
   skybox/sky_day01_01*.vmt
 ! Run buildcubemaps in the engine to get the correct cube maps.
Creating default HDR cubemaps for env_cubemap using skybox materials:
   skybox/sky_day01_01*.vmt
 ! Run buildcubemaps in the engine to get the correct cube maps.
Finding displacement neighbors...
Finding lightmap sample positions...
Displacement Alpha : 0...1...2...3...4...5...6...7...8...9...10
Building Physics collision data...
WARNING: Map using power 4 displacements, terrain physics cannot be compressed, map will need additional memory and CPU.
done (0) (1160379 bytes)
Error! prop_static using model "models/props_c17/shelfunit01a.mdl", which must be used on a dynamic entity (i.e. prop_physics). Deleted.
Error loading studio model "models/props_c17/shelfunit01a.mdl"!
Placing detail props : 0...1...2...3...4...5...6...7...8...9...10
Compacting texture/material tables...
Reduced 2292 texinfos to 1187
Reduced 34 texdatas to 27 (936 bytes to 657)
Writing E:\Misc\3D\neotokyo\mountain lab\ntre_cliff_ctg.bsp
MSG_FILEWRITE - Filesystem was asked to write to 'E:\Misc\3D\neotokyo\mountain lab\ntre_cliff_ctg.bsp', but we don't own that location. Allowing.
Wrote ZIP buffer, estimated size 214372, actual size 213220
0 seconds elapsed



8 threads
reading e:\misc\3d\neotokyo\mountain lab\ntre_cliff_ctg.bsp
reading e:\misc\3d\neotokyo\mountain lab\ntre_cliff_ctg.prt
1908 portalclusters
6081 numportals
0...1...2...3...4...5...6...7...8...9...10Optimized: 249516 visible clusters (9.19%)
Total clusters visible: 2713837
Average clusters visible: 1422
Building PAS...
Average clusters audible: 1907
visdatasize:903627  compressed from 915840
writing e:\misc\3d\neotokyo\mountain lab\ntre_cliff_ctg.bsp
MSG_FILEWRITE - Filesystem was asked to write to 'e:\misc\3d\neotokyo\mountain lab\ntre_cliff_ctg.bsp', but we don't own that location. Allowing.
0 seconds elapsed



Could not find lights.rad in lights.rad.
Trying VRAD BIN directory instead...
Warning: Couldn't open texlight file G:\Games\Steam\steamapps\common\Source SDK Base 2013 Multiplayer\bin\x64\lights.rad.
Loading e:\misc\3d\neotokyo\mountain lab\ntre_cliff_ctg.bsp
3850 faces
1777898 square feet [256017408.00 square inches]
57 Displacements
35741 Square Feet [5146745.00 Square Inches]
3850 patches before subdivision
42664 patches after subdivision
59 direct lights
0...1...2...3...4...5...6...7...8...9...100...1...2...3...4...5...6...7...8...9...10transfers 3382479, max 673
transfer lists:  25.8 megs
0...1...2...3...4...5...6...7...8...9...10	Bounce #1 added RGB(84885, 160078, 63600)
0...1...2...3...4...5...6...7...8...9...10	Bounce #2 added RGB(12524, 18324, 4364)
0...1...2...3...4...5...6...7...8...9...10	Bounce #3 added RGB(3467, 2674, 583)
0...1...2...3...4...5...6...7...8...9...10	Bounce #4 added RGB(695, 384, 113)
0...1...2...3...4...5...6...7...8...9...10	Bounce #5 added RGB(209, 87, 51)
0...1...2...3...4...5...6...7...8...9...10	Bounce #6 added RGB(49, 18, 13)
0...1...2...3...4...5...6...7...8...9...10	Bounce #7 added RGB(17, 8, 7)
0...1...2...3...4...5...6...7...8...9...10	Bounce #8 added RGB(4, 2, 2)
0...1...2...3...4...5...6...7...8...9...10	Bounce #9 added RGB(2, 1, 1)
0...1...2...3...4...5...6...7...8...9...10	Bounce #10 added RGB(0, 0, 0)
Build Patch/Sample Hash Table(s).....Done<0.0065 sec>
0...1...2...3...4...5...6...7...8...9...10FinalLightFace Done
Computing detail prop lighting : 0...1...2...3...4...5...6...7...8...9...10
0 of 0 (0% of) surface lights went in leaf ambient cubes.
0...1...2...3...4...5...6...7...8...9...10Writing leaf ambient...done
Ready to Finish

Object names       Objects/Maxobjs  Memory / Maxmem  Fullness 
------------       ---------------  ---------------  -------- 
models                   1/1024           48/49152    ( 0.1%) 
brushes                891/8192        10692/98304    (10.9%) 
brushsides            6172/65536       49376/524288   ( 9.4%) 
planes                2254/65536       45080/1310720  ( 3.4%) 
vertexes              7052/65536       84624/786432   (10.8%) 
nodes                 3517/65536      112544/2097152  ( 5.4%) 
texinfos              1187/12288       85464/884736   ( 9.7%) 
texdata                 27/2048          864/65536    ( 1.3%) 
dispinfos               57/0           10032/0        ( 0.0%) 
disp_verts            4769/0           95380/0        ( 0.0%) 
disp_tris             7584/0           15168/0        ( 0.0%) 
disp_lmsamples       96729/0           96729/0        ( 0.0%) 
faces                 3850/65536      215600/3670016  ( 5.9%) 
hdr faces                0/65536           0/3670016  ( 0.0%) 
origfaces             2049/65536      114744/3670016  ( 3.1%) 
leaves                3519/65536      112608/2097152  ( 5.4%) 
leaffaces             4513/65536        9026/131072   ( 6.9%) 
leafbrushes           1839/65536        3678/131072   ( 2.8%) 
areas                    2/256            16/2048     ( 0.8%) 
surfedges            26267/512000     105068/2048000  ( 5.1%) 
edges                15688/256000      62752/1024000  ( 6.1%) 
LDR worldlights         59/8192         5192/720896   ( 0.7%) 
HDR worldlights          0/8192            0/720896   ( 0.0%) 
leafwaterdata            2/32768          24/393216   ( 0.0%) 
waterstrips            495/32768        4950/327680   ( 1.5%) 
waterverts               0/65536           0/786432   ( 0.0%) 
waterindices          8289/65536       16578/131072   (12.6%) 
cubemapsamples           0/1024            0/16384    ( 0.0%) 
overlays                 0/512             0/180224   ( 0.0%) 
LDR lightdata         [variable]     1411604/0        ( 0.0%) 
HDR lightdata         [variable]           0/0        ( 0.0%) 
visdata               [variable]      903627/16777216 ( 5.4%) 
entdata               [variable]       22554/393216   ( 5.7%) 
LDR ambient table     3519/65536       14076/262144   ( 5.4%) 
HDR ambient table     3519/65536       14076/262144   ( 5.4%) 
LDR leaf ambient     18908/65536      529424/1835008  (28.9%) 
HDR leaf ambient      3519/65536       98532/1835008  ( 5.4%) 
occluders                0/0               0/0        ( 0.0%) 
occluder polygons        0/0               0/0        ( 0.0%) 
occluder vert ind        0/0               0/0        ( 0.0%) 
detail props          [variable]           1/2460     ( 0.0%) 
dtl prp lght          [variable]           1/4        (25.0%) 
HDR dtl prp lght      [variable]           1/4        (25.0%) 
static props          [variable]           1/4534     ( 0.0%) 
pakfile               [variable]      213220/0        ( 0.0%) 
physics               [variable]     1160379/4194304  (27.7%) 
physics terrain       [variable]           0/1048576  ( 0.0%) 

Level flags = 0

Total triangle count: 10524
Writing e:\misc\3d\neotokyo\mountain lab\ntre_cliff_ctg.bsp
10 seconds elapsed



Using shader api: shaderapiempty.dll
materialPath: G:\Games\Steam\steamapps\common\Source SDK Base 2013 Multiplayer\sourcetest\materials
Loading E:\Misc\3D\neotokyo\mountain lab\ntre_cliff_ctg.vmf
Could not locate 'GameData' key in g:\games\steam\steamapps\common\source sdk base 2013 multiplayer\sourcetest\gameinfo.txt
Patching WVT material: maps/ntre_cliff_ctg/nature/nijo_grasstogravel2_ivy_wvt_patch
Patching WVT material: maps/ntre_cliff_ctg/nature/blendcliffgrass001a_wvt_patch
fixing up env_cubemap materials on brush sides...
0...1...2...3...4...5...6...7...8...9...100...1...2...3...4...5...6...7...8...9...10Processing areas...done (0)
Building Faces...done (0)
Chop Details...done (0)
Find Visible Detail Sides...done (0)
Merging details...done (0)
FixTjuncs...
PruneNodes...
WriteBSP...
done (0)
writing E:\Misc\3D\neotokyo\mountain lab\ntre_cliff_ctg.prt...Building visibility clusters...
done (0)
Creating default LDR cubemaps for env_cubemap using skybox materials:
   skybox/sky_day01_01*.vmt
 ! Run buildcubemaps in the engine to get the correct cube maps.
Creating default HDR cubemaps for env_cubemap using skybox materials:
   skybox/sky_day01_01*.vmt
 ! Run buildcubemaps in the engine to get the correct cube maps.
Finding displacement neighbors...
Finding lightmap sample positions...
Displacement Alpha : 0...1...2...3...4...5...6...7...8...9...10
Building Physics collision data...
WARNING: Map using power 4 displacements, terrain physics cannot be compressed, map will need additional memory and CPU.
done (0) (1160379 bytes)
Error! prop_static using model "models/props_c17/shelfunit01a.mdl", which must be used on a dynamic entity (i.e. prop_physics). Deleted.
Error loading studio model "models/props_c17/shelfunit01a.mdl"!
Placing detail props : 0...1...2...3...4...5...6...7...8...9...10
Compacting texture/material tables...
Reduced 2292 texinfos to 1187
Reduced 34 texdatas to 27 (936 bytes to 657)
Writing E:\Misc\3D\neotokyo\mountain lab\ntre_cliff_ctg.bsp
MSG_FILEWRITE - Filesystem was asked to write to 'E:\Misc\3D\neotokyo\mountain lab\ntre_cliff_ctg.bsp', but we don't own that location. Allowing.
Wrote ZIP buffer, estimated size 214372, actual size 213220
0 seconds elapsed



8 threads
reading e:\misc\3d\neotokyo\mountain lab\ntre_cliff_ctg.bsp
reading e:\misc\3d\neotokyo\mountain lab\ntre_cliff_ctg.prt
1908 portalclusters
6081 numportals
0...1...2...3...4...5...6...7...8...9...10Optimized: 249516 visible clusters (9.19%)
Total clusters visible: 2713837
Average clusters visible: 1422
Building PAS...
Average clusters audible: 1907
visdatasize:903627  compressed from 915840
writing e:\misc\3d\neotokyo\mountain lab\ntre_cliff_ctg.bsp
MSG_FILEWRITE - Filesystem was asked to write to 'e:\misc\3d\neotokyo\mountain lab\ntre_cliff_ctg.bsp', but we don't own that location. Allowing.
0 seconds elapsed



Could not find lights.rad in lights.rad.
Trying VRAD BIN directory instead...
Warning: Couldn't open texlight file G:\Games\Steam\steamapps\common\Source SDK Base 2013 Multiplayer\bin\x64\lights.rad.
Loading e:\misc\3d\neotokyo\mountain lab\ntre_cliff_ctg.bsp
3850 faces
1777898 square feet [256017408.00 square inches]
57 Displacements
35741 Square Feet [5146745.00 Square Inches]
3850 patches before subdivision
42664 patches after subdivision
59 direct lights
0...1...2...3...4...5...6...7...8...9...100...1...2...3...4...5...6...7...8...9...10transfers 3382479, max 673
transfer lists:  25.8 megs
0...1...2...3...4...5...6...7...8...9...10	Bounce #1 added RGB(84895, 160087, 63604)
0...1...2...3...4...5...6...7...8...9...10	Bounce #2 added RGB(12525, 18324, 4364)
0...1...2...3...4...5...6...7...8...9...10	Bounce #3 added RGB(3468, 2674, 583)
0...1...2...3...4...5...6...7...8...9...10	Bounce #4 added RGB(695, 384, 113)
0...1...2...3...4...5...6...7...8...9...10	Bounce #5 added RGB(209, 87, 51)
0...1...2...3...4...5...6...7...8...9...10	Bounce #6 added RGB(49, 18, 13)
0...1...2...3...4...5...6...7...8...9...10	Bounce #7 added RGB(17, 8, 7)
0...1...2...3...4...5...6...7...8...9...10	Bounce #8 added RGB(4, 2, 2)
0...1...2...3...4...5...6...7...8...9...10	Bounce #9 added RGB(2, 1, 1)
0...1...2...3...4...5...6...7...8...9...10	Bounce #10 added RGB(0, 0, 0)
Build Patch/Sample Hash Table(s).....Done<0.0070 sec>
0...1...2...3...4...5...6...7...8...9...10FinalLightFace Done
Computing detail prop lighting : 0...1...2...3...4...5...6...7...8...9...10
0 of 0 (0% of) surface lights went in leaf ambient cubes.
0...1...2...3...4...5...6...7...8...9...10Writing leaf ambient...done
Ready to Finish

Object names       Objects/Maxobjs  Memory / Maxmem  Fullness 
------------       ---------------  ---------------  -------- 
models                   1/1024           48/49152    ( 0.1%) 
brushes                891/8192        10692/98304    (10.9%) 
brushsides            6172/65536       49376/524288   ( 9.4%) 
planes                2254/65536       45080/1310720  ( 3.4%) 
vertexes              7052/65536       84624/786432   (10.8%) 
nodes                 3517/65536      112544/2097152  ( 5.4%) 
texinfos              1187/12288       85464/884736   ( 9.7%) 
texdata                 27/2048          864/65536    ( 1.3%) 
dispinfos               57/0           10032/0        ( 0.0%) 
disp_verts            4769/0           95380/0        ( 0.0%) 
disp_tris             7584/0           15168/0        ( 0.0%) 
disp_lmsamples       96729/0           96729/0        ( 0.0%) 
faces                 3850/65536      215600/3670016  ( 5.9%) 
hdr faces                0/65536           0/3670016  ( 0.0%) 
origfaces             2049/65536      114744/3670016  ( 3.1%) 
leaves                3519/65536      112608/2097152  ( 5.4%) 
leaffaces             4513/65536        9026/131072   ( 6.9%) 
leafbrushes           1839/65536        3678/131072   ( 2.8%) 
areas                    2/256            16/2048     ( 0.8%) 
surfedges            26267/512000     105068/2048000  ( 5.1%) 
edges                15688/256000      62752/1024000  ( 6.1%) 
LDR worldlights         59/8192         5192/720896   ( 0.7%) 
HDR worldlights          0/8192            0/720896   ( 0.0%) 
leafwaterdata            2/32768          24/393216   ( 0.0%) 
waterstrips            495/32768        4950/327680   ( 1.5%) 
waterverts               0/65536           0/786432   ( 0.0%) 
waterindices          8289/65536       16578/131072   (12.6%) 
cubemapsamples           0/1024            0/16384    ( 0.0%) 
overlays                 0/512             0/180224   ( 0.0%) 
LDR lightdata         [variable]     1411604/0        ( 0.0%) 
HDR lightdata         [variable]           0/0        ( 0.0%) 
visdata               [variable]      903627/16777216 ( 5.4%) 
entdata               [variable]       22554/393216   ( 5.7%) 
LDR ambient table     3519/65536       14076/262144   ( 5.4%) 
HDR ambient table     3519/65536       14076/262144   ( 5.4%) 
LDR leaf ambient     18917/65536      529676/1835008  (28.9%) 
HDR leaf ambient      3519/65536       98532/1835008  ( 5.4%) 
occluders                0/0               0/0        ( 0.0%) 
occluder polygons        0/0               0/0        ( 0.0%) 
occluder vert ind        0/0               0/0        ( 0.0%) 
detail props          [variable]           1/2460     ( 0.0%) 
dtl prp lght          [variable]           1/4        (25.0%) 
HDR dtl prp lght      [variable]           1/4        (25.0%) 
static props          [variable]           1/4534     ( 0.0%) 
pakfile               [variable]      213220/0        ( 0.0%) 
physics               [variable]     1160379/4194304  (27.7%) 
physics terrain       [variable]           0/1048576  ( 0.0%) 

Level flags = 0

Total triangle count: 10524
Writing e:\misc\3d\neotokyo\mountain lab\ntre_cliff_ctg.bsp
10 seconds elapsed
