PRT1
2584
8442
4 0 2 (3728.820068 3072 1107.810059 ) (3072 3072 1107.810059 ) (3072 3072 -2387.810059 ) (3728.820068 3072 -2387.810059 ) 
4 0 1 (3072 3072 -2387.810059 ) (3072 3072 1107.810059 ) (3072 3950.979980 1107.810059 ) (3072 3950.979980 -2387.810059 ) 
4 1 43 (2048 3072 -2387.810059 ) (2048 3072 1107.810059 ) (2048 3950.979980 1107.810059 ) (2048 3950.979980 -2387.810059 ) 
4 1 6 (3072 3072 -2387.810059 ) (3072 3072 -656 ) (2048 3072 -656 ) (2048 3072 -2387.810059 ) 
4 1 5 (2208 3072 -512 ) (2048 3072 -512 ) (2048 3072 -656 ) (2208 3072 -656 ) 
4 1 4 (3072 3072 -656 ) (3072 3072 -512 ) (2208 3072 -512 ) (2208 3072 -656 ) 
4 1 3 (3072 3072 -512 ) (3072 3072 1107.810059 ) (2048 3072 1107.810059 ) (2048 3072 -512 ) 
4 2 19 (3728.820068 2048 1107.810059 ) (3072 2048 1107.810059 ) (3072 2048 -2387.810059 ) (3728.820068 2048 -2387.810059 ) 
4 2 12 (3072 2112 -2387.810059 ) (3072 2048 -2387.810059 ) (3072 2048 1107.810059 ) (3072 2112 1107.810059 ) 
4 2 9 (3072 2560 -2387.810059 ) (3072 2112 -2387.810059 ) (3072 2112 1107.810059 ) (3072 2560 1107.810059 ) 
4 2 8 (3072 2712 -2387.810059 ) (3072 2560 -2387.810059 ) (3072 2560 1107.810059 ) (3072 2712 1107.810059 ) 
4 2 7 (3072 2728 -2387.810059 ) (3072 2712 -2387.810059 ) (3072 2712 -656 ) (3072 2728 -656 ) 
4 2 6 (3072 3072 -656 ) (3072 3072 -2387.810059 ) (3072 2728 -2387.810059 ) (3072 2728 -656 ) 
4 2 4 (3072 3072 -512 ) (3072 3072 -656 ) (3072 2712 -656 ) (3072 2712 -512 ) 
4 2 3 (3072 3072 1107.810059 ) (3072 3072 -512 ) (3072 2712 -512 ) (3072 2712 1107.810059 ) 
4 3 47 (2048 2712 -512 ) (2048 2712 -496 ) (2048 3072 -496 ) (2048 3072 -512 ) 
4 3 46 (2048 2712 -496 ) (2048 2712 1107.810059 ) (2048 3072 1107.810059 ) (2048 3072 -496 ) 
4 3 14 (2208 2712 1107.810059 ) (2048 2712 1107.810059 ) (2048 2712 -496 ) (2208 2712 -496 ) 
4 3 13 (2496 2712 1107.810059 ) (2208 2712 1107.810059 ) (2208 2712 -512 ) (2496 2712 -512 ) 
4 3 8 (3072 2712 -512 ) (3072 2712 1107.810059 ) (2496 2712 1107.810059 ) (2496 2712 -512 ) 
4 3 5 (2048 2728 -512 ) (2048 3072 -512 ) (2208 3072 -512 ) (2208 2728 -512 ) 
4 3 4 (3072 2712 -512 ) (2208 2712 -512 ) (2208 3072 -512 ) (3072 3072 -512 ) 
4 4 15 (2496 2712 -512 ) (2224 2712 -512 ) (2224 2712 -656 ) (2496 2712 -656 ) 
4 4 8 (3072 2712 -656 ) (3072 2712 -512 ) (2496 2712 -512 ) (2496 2712 -656 ) 
4 4 7 (3072 2712 -656 ) (2224 2712 -656 ) (2224 2728 -656 ) (3072 2728 -656 ) 
4 4 6 (2208 2728 -656 ) (2208 3072 -656 ) (3072 3072 -656 ) (3072 2728 -656 ) 
4 4 5 (2208 3072 -656 ) (2208 2728 -656 ) (2208 2728 -512 ) (2208 3072 -512 ) 
4 5 77 (2048 3072 -640 ) (2048 3072 -656 ) (2048 2728 -656 ) (2048 2728 -640 ) 
4 5 64 (2048 2728 -512 ) (2048 3072 -512 ) (2048 3072 -640 ) (2048 2728 -640 ) 
4 5 6 (2048 2728 -656 ) (2048 3072 -656 ) (2208 3072 -656 ) (2208 2728 -656 ) 
4 6 99 (2048 3072 -1888 ) (2048 3072 -2387.810059 ) (2048 2728 -2387.810059 ) (2048 2728 -1888 ) 
4 6 83 (2048 2728 -656 ) (2048 3072 -656 ) (2048 3072 -1888 ) (2048 2728 -1888 ) 
6 6 7 (2048 2728 -2387.810059 ) (3072 2728 -2387.810059 ) (3072 2728 -656 ) (2224 2728 -656 ) (2056.008057 2728 -1263.970703 ) (2048 2728 -1293.715088 ) 
4 7 99 (2048 2712 -2387.810059 ) (2048 2712 -1888 ) (2048 2728 -1888 ) (2048 2728 -2387.810059 ) 
4 7 85 (2048 2712 -1888 ) (2048 2712 -1293.714966 ) (2048 2728 -1293.715088 ) (2048 2728 -1888 ) 
5 7 17 (2208 2712 -713.904724 ) (2056.008057 2712 -1263.970703 ) (2048 2712 -1293.715088 ) (2048 2712 -2387.810059 ) (2208 2712 -2387.810059 ) 
4 7 16 (2224 2712 -656 ) (2208 2712 -713.904724 ) (2208 2712 -2387.810059 ) (2224 2712 -2387.810059 ) 
4 7 15 (2496 2712 -656 ) (2224 2712 -656 ) (2224 2712 -2387.810059 ) (2496 2712 -2387.810059 ) 
4 7 8 (3072 2712 -2387.810059 ) (3072 2712 -656 ) (2496 2712 -656 ) (2496 2712 -2387.810059 ) 
4 8 15 (2496 2712 -512 ) (2496 2712 -2387.810059 ) (2496 2560 -2387.810059 ) (2496 2560 -512 ) 
4 8 13 (2496 2712 1107.810059 ) (2496 2712 -512 ) (2496 2560 -512 ) (2496 2560 1107.810059 ) 
4 8 10 (2496 2560 1107.810059 ) (2496 2560 -448 ) (2688 2560 -448 ) (2688 2560 1107.810059 ) 
4 8 11 (2496 2560 -576 ) (2496 2560 -2387.810059 ) (2688 2560 -2387.810059 ) (2688 2560 -576 ) 
4 8 9 (2688 2560 -2387.810059 ) (3072 2560 -2387.810059 ) (3072 2560 1107.810059 ) (2688 2560 1107.810059 ) 
4 9 12 (3072 2112 -2387.810059 ) (3072 2112 1107.810059 ) (2688 2112 1107.810059 ) (2688 2112 -2387.810059 ) 
4 9 10 (2688 2112 -448 ) (2688 2112 1107.810059 ) (2688 2560 1107.810059 ) (2688 2560 -448 ) 
4 9 11 (2688 2112 -2387.810059 ) (2688 2112 -576 ) (2688 2560 -576 ) (2688 2560 -2387.810059 ) 
4 10 13 (2496 2112 -448 ) (2496 2112 1107.810059 ) (2496 2560 1107.810059 ) (2496 2560 -448 ) 
4 10 12 (2496 2112 1107.810059 ) (2496 2112 -448 ) (2688 2112 -448 ) (2688 2112 1107.810059 ) 
4 11 15 (2496 2112 -2387.810059 ) (2496 2112 -576 ) (2496 2560 -576 ) (2496 2560 -2387.810059 ) 
4 11 12 (2496 2112 -576 ) (2496 2112 -2387.810059 ) (2688 2112 -2387.810059 ) (2688 2112 -576 ) 
4 12 22 (3072 2048 -2387.810059 ) (3072 2048 -512 ) (2496 2048 -512 ) (2496 2048 -2387.810059 ) 
4 12 21 (3072 2048 -512 ) (3072 2048 -496 ) (2496 2048 -496 ) (2496 2048 -512 ) 
4 12 20 (3072 2048 -496 ) (3072 2048 1107.810059 ) (2496 2048 1107.810059 ) (2496 2048 -496 ) 
4 12 15 (2496 2048 -2387.810059 ) (2496 2048 -512 ) (2496 2112 -512 ) (2496 2112 -2387.810059 ) 
4 12 13 (2496 2048 -512 ) (2496 2048 1107.810059 ) (2496 2112 1107.810059 ) (2496 2112 -512 ) 
4 13 21 (2496 2048 -512 ) (2496 2048 -496 ) (2208 2048 -496 ) (2208 2048 -512 ) 
4 13 20 (2496 2048 -496 ) (2496 2048 1107.810059 ) (2208 2048 1107.810059 ) (2208 2048 -496 ) 
4 13 15 (2224 2712 -512 ) (2496 2712 -512 ) (2496 2048 -512 ) (2224 2048 -512 ) 
4 13 14 (2208 2048 -496 ) (2208 2048 1107.810059 ) (2208 2712 1107.810059 ) (2208 2712 -496 ) 
4 14 46 (2048 2048 -496 ) (2048 2048 1107.810059 ) (2048 2712 1107.810059 ) (2048 2712 -496 ) 
4 14 20 (2208 2048 1107.810059 ) (2048 2048 1107.810059 ) (2048 2048 -496 ) (2208 2048 -496 ) 
4 15 22 (2496 2048 -2387.810059 ) (2496 2048 -512 ) (2224 2048 -512 ) (2224 2048 -2387.810059 ) 
4 15 16 (2224 2712 -2387.810059 ) (2224 2048 -2387.810059 ) (2224 2048 -656 ) (2224 2712 -656 ) 
4 16 23 (2208 2048 -713.904907 ) (2208 2048 -2387.810059 ) (2224 2048 -2387.810059 ) (2224 2048 -656 ) 
4 16 17 (2208 2712 -2387.810059 ) (2208 2048 -2387.810059 ) (2208 2048 -713.905029 ) (2208 2712 -713.904907 ) 
4 17 99 (2048 2048 -2387.810059 ) (2048 2048 -1888 ) (2048 2712 -1888 ) (2048 2712 -2387.810059 ) 
4 17 98 (2048 2048 -1888 ) (2048 2048 -1293.714722 ) (2048 2712 -1293.714600 ) (2048 2712 -1888 ) 
5 17 24 (2048 2048 -1293.714600 ) (2048 2048 -2387.810059 ) (2208 2048 -2387.810059 ) (2208 2048 -713.904907 ) (2055.998535 2048 -1264.005615 ) 
4 18 95 (2048 2048 -1235.047241 ) (2048 2048 -960 ) (2048 2712 -960 ) (2048 2712 -1235.047119 ) 
4 18 91 (2048 2048 -960 ) (2048 2048 -768 ) (2048 2712 -768 ) (2048 2712 -960 ) 
4 18 86 (2048 2048 -768 ) (2048 2048 -656 ) (2048 2712 -656 ) (2048 2712 -768 ) 
4 18 78 (2048 2048 -656 ) (2048 2048 -640 ) (2048 2712 -640 ) (2048 2712 -656 ) 
4 18 65 (2048 2048 -640 ) (2048 2048 -512 ) (2048 2712 -512 ) (2048 2712 -640 ) 
4 18 25 (2208 2048 -512 ) (2048 2048 -512 ) (2048 2048 -1235.047119 ) (2208 2048 -656 ) 
4 19 1180 (3728.820068 1024 1107.810059 ) (3072 1024 1107.810059 ) (3072 1024 -2387.810059 ) (3728.820068 1024 -2387.810059 ) 
4 19 40 (3072 1984 -2387.810059 ) (3072 1024 -2387.810059 ) (3072 1024 -672 ) (3072 1984 -672 ) 
4 19 36 (3072 1024 -672 ) (3072 1024 -560 ) (3072 1984 -560 ) (3072 1984 -672 ) 
4 19 34 (3072 1024 -560 ) (3072 1024 -544 ) (3072 1984 -544 ) (3072 1984 -560 ) 
4 19 33 (3072 1024 -544 ) (3072 1024 1107.810059 ) (3072 1984 1107.810059 ) (3072 1984 -544 ) 
4 19 30 (3072 2008 -2387.810059 ) (3072 1984 -2387.810059 ) (3072 1984 -560 ) (3072 2008 -560 ) 
4 19 29 (3072 1984 -560 ) (3072 1984 1107.810059 ) (3072 2008 1107.810059 ) (3072 2008 -560 ) 
4 19 28 (3072 2024 -2387.810059 ) (3072 2008 -2387.810059 ) (3072 2008 -656 ) (3072 2024 -656 ) 
4 19 27 (3072 2008 -656 ) (3072 2008 -512 ) (3072 2024 -512 ) (3072 2024 -656 ) 
4 19 26 (3072 2008 -512 ) (3072 2008 1107.810059 ) (3072 2024 1107.810059 ) (3072 2024 -512 ) 
4 19 22 (3072 2048 -512 ) (3072 2048 -2387.810059 ) (3072 2024 -2387.810059 ) (3072 2024 -512 ) 
4 19 21 (3072 2048 -496 ) (3072 2048 -512 ) (3072 2024 -512 ) (3072 2024 -496 ) 
4 19 20 (3072 2048 1107.810059 ) (3072 2048 -496 ) (3072 2024 -496 ) (3072 2024 1107.810059 ) 
4 20 117 (2048 2024 -496 ) (2048 2024 -400 ) (2048 2048 -400 ) (2048 2048 -496 ) 
4 20 104 (2048 2024 -400 ) (2048 2024 -384 ) (2048 2048 -384 ) (2048 2048 -400 ) 
4 20 103 (2048 2024 -384 ) (2048 2024 1107.810059 ) (2048 2048 1107.810059 ) (2048 2048 -384 ) 
4 20 26 (3072 2024 -496 ) (3072 2024 1107.810059 ) (2048 2024 1107.810059 ) (2048 2024 -496 ) 
4 20 21 (3072 2024 -496 ) (2208 2024 -496 ) (2208 2048 -496 ) (3072 2048 -496 ) 
4 21 26 (3072 2024 -512 ) (3072 2024 -496 ) (2208 2024 -496 ) (2208 2024 -512 ) 
4 21 22 (3072 2024 -512 ) (2224 2024 -512 ) (2224 2048 -512 ) (3072 2048 -512 ) 
4 22 28 (3072 2024 -2387.810059 ) (3072 2024 -656 ) (2224 2024 -656 ) (2224 2024 -2387.810059 ) 
4 22 27 (3072 2024 -656 ) (3072 2024 -512 ) (2224 2024 -512 ) (2224 2024 -656 ) 
4 22 23 (2224 2048 -2387.810059 ) (2224 2024 -2387.810059 ) (2224 2024 -656 ) (2224 2048 -656 ) 
4 23 28 (2208 2024 -713.904907 ) (2208 2024 -2387.810059 ) (2224 2024 -2387.810059 ) (2224 2024 -656 ) 
4 23 24 (2208 2048 -2387.810059 ) (2208 2024 -2387.810059 ) (2208 2024 -713.905029 ) (2208 2048 -713.904907 ) 
4 24 424 (2048 2024 -2387.810059 ) (2048 2024 -1896 ) (2048 2048 -1896 ) (2048 2048 -2387.810059 ) 
4 24 421 (2048 2024 -1896 ) (2048 2024 -1888 ) (2048 2048 -1888 ) (2048 2048 -1896 ) 
4 24 413 (2048 2024 -1888 ) (2048 2024 -1293.714722 ) (2048 2048 -1293.714600 ) (2048 2048 -1888 ) 
5 24 28 (2048 2024 -1293.714600 ) (2048 2024 -2387.810059 ) (2208 2024 -2387.810059 ) (2208 2024 -713.904907 ) (2055.998535 2024 -1264.005615 ) 
4 25 410 (2048 2024 -1235.047241 ) (2048 2024 -960 ) (2048 2048 -960 ) (2048 2048 -1235.047119 ) 
4 25 408 (2048 2024 -960 ) (2048 2024 -768 ) (2048 2048 -768 ) (2048 2048 -960 ) 
4 25 406 (2048 2024 -768 ) (2048 2024 -720 ) (2048 2048 -720 ) (2048 2048 -768 ) 
4 25 395 (2048 2024 -720 ) (2048 2024 -704 ) (2048 2048 -704 ) (2048 2048 -720 ) 
4 25 183 (2048 2024 -704 ) (2048 2024 -656 ) (2048 2048 -656 ) (2048 2048 -704 ) 
4 25 182 (2048 2024 -656 ) (2048 2024 -512 ) (2048 2048 -512 ) (2048 2048 -656 ) 
4 26 118 (2048 2008 -512 ) (2048 2008 -496 ) (2048 2024 -496 ) (2048 2024 -512 ) 
4 26 117 (2048 2008 -496 ) (2048 2008 -400 ) (2048 2024 -400 ) (2048 2024 -496 ) 
4 26 104 (2048 2008 -400 ) (2048 2008 -384 ) (2048 2024 -384 ) (2048 2024 -400 ) 
4 26 103 (2048 2008 -384 ) (2048 2008 1107.810059 ) (2048 2024 1107.810059 ) (2048 2024 -384 ) 
4 26 29 (3072 2008 -512 ) (3072 2008 1107.810059 ) (2048 2008 1107.810059 ) (2048 2008 -512 ) 
4 26 27 (3072 2008 -512 ) (2208 2008 -512 ) (2208 2024 -512 ) (3072 2024 -512 ) 
4 27 30 (3072 2008 -656 ) (3072 2008 -560 ) (2208 2008 -560 ) (2208 2008 -656 ) 
4 27 29 (3072 2008 -560 ) (3072 2008 -512 ) (2208 2008 -512 ) (2208 2008 -560 ) 
4 27 28 (3072 2008 -656 ) (2224 2008 -656 ) (2224 2024 -656 ) (3072 2024 -656 ) 
4 28 424 (2048 2008 -2387.810059 ) (2048 2008 -1896 ) (2048 2024 -1896 ) (2048 2024 -2387.810059 ) 
4 28 421 (2048 2008 -1896 ) (2048 2008 -1888 ) (2048 2024 -1888 ) (2048 2024 -1896 ) 
4 28 415 (2048 2008 -1888 ) (2048 2008 -1293.714966 ) (2048 2024 -1293.715088 ) (2048 2024 -1888 ) 
5 28 31 (2176 2008 -829.714233 ) (2056.008057 2008 -1263.970703 ) (2048 2008 -1293.715088 ) (2048 2008 -2387.810059 ) (2176 2008 -2387.810059 ) 
5 28 30 (3072 2008 -2387.810059 ) (3072 2008 -656 ) (2224 2008 -656 ) (2176 2008 -829.714233 ) (2176 2008 -2387.810059 ) 
4 29 185 (2048 1984 -560 ) (2048 1984 -512 ) (2048 2000 -512 ) (2048 2000 -560 ) 
4 29 184 (2048 2000 -512 ) (2048 2008 -512 ) (2048 2008 -560 ) (2048 2000 -560 ) 
4 29 118 (2048 1984 -512 ) (2048 1984 -496 ) (2048 2008 -496 ) (2048 2008 -512 ) 
4 29 117 (2048 1984 -496 ) (2048 1984 -400 ) (2048 2008 -400 ) (2048 2008 -496 ) 
4 29 104 (2048 1984 -400 ) (2048 1984 -384 ) (2048 2008 -384 ) (2048 2008 -400 ) 
4 29 103 (2048 1984 -384 ) (2048 1984 1107.810059 ) (2048 2008 1107.810059 ) (2048 2008 -384 ) 
4 29 34 (2176 1984 -560 ) (3072 1984 -560 ) (3072 1984 -544 ) (2176 1984 -544 ) 
4 29 33 (2048 1984 1107.810059 ) (2048 1984 -544 ) (3072 1984 -544 ) (3072 1984 1107.810059 ) 
4 29 31 (2048 2000 -560 ) (2048 2008 -560 ) (2176 2008 -560 ) (2176 2000 -560 ) 
4 29 30 (3072 1984 -560 ) (2176 1984 -560 ) (2176 2008 -560 ) (3072 2008 -560 ) 
4 30 40 (2176 1984 -2387.810059 ) (3072 1984 -2387.810059 ) (3072 1984 -672 ) (2176 1984 -672 ) 
4 30 36 (3072 1984 -672 ) (3072 1984 -560 ) (2192 1984 -560 ) (2192 1984 -672 ) 
4 30 32 (2176 2000 -2387.810059 ) (2176 1984 -2387.810059 ) (2176 1984 -672 ) (2176 2000 -672 ) 
4 30 31 (2176 2008 -2387.810059 ) (2176 2000 -2387.810059 ) (2176 2000 -560 ) (2176 2008 -560 ) 
4 31 424 (2048 2008 -1896 ) (2048 2008 -2387.810059 ) (2048 2000 -2387.810059 ) (2048 2000 -1896 ) 
4 31 421 (2048 2008 -1888 ) (2048 2008 -1896 ) (2048 2000 -1896 ) (2048 2000 -1888 ) 
4 31 416 (2048 2008 -720 ) (2048 2008 -1888 ) (2048 2000 -1888 ) (2048 2000 -720 ) 
4 31 398 (2048 2008 -704 ) (2048 2008 -720 ) (2048 2000 -720 ) (2048 2000 -704 ) 
4 31 184 (2048 2000 -560 ) (2048 2008 -560 ) (2048 2008 -704 ) (2048 2000 -704 ) 
4 31 32 (2048 2000 -2387.810059 ) (2176 2000 -2387.810059 ) (2176 2000 -672 ) (2048 2000 -672 ) 
4 32 424 (2048 1984 -2387.810059 ) (2048 1984 -1896 ) (2048 2000 -1896 ) (2048 2000 -2387.810059 ) 
4 32 421 (2048 1984 -1896 ) (2048 1984 -1888 ) (2048 2000 -1888 ) (2048 2000 -1896 ) 
4 32 416 (2048 1984 -1888 ) (2048 1984 -720 ) (2048 2000 -720 ) (2048 2000 -1888 ) 
4 32 398 (2048 1984 -720 ) (2048 1984 -704 ) (2048 2000 -704 ) (2048 2000 -720 ) 
4 32 186 (2048 1984 -704 ) (2048 1984 -672 ) (2048 2000 -672 ) (2048 2000 -704 ) 
4 32 41 (2048 1984 -688 ) (2048 1984 -2387.810059 ) (2176 1984 -2387.810059 ) (2176 1984 -688 ) 
4 33 1181 (3072 1024 -544 ) (3072 1024 1107.810059 ) (2048 1024 1107.810059 ) (2048 1024 -544 ) 
4 33 270 (2048 1456 -512 ) (2048 1600 -512 ) (2048 1600 -544 ) (2048 1456 -544 ) 
4 33 271 (2048 1024 -544 ) (2048 1024 -512 ) (2048 1456 -512 ) (2048 1456 -544 ) 
4 33 187 (2048 1600 -512 ) (2048 1984 -512 ) (2048 1984 -544 ) (2048 1600 -544 ) 
4 33 175 (2048 1024 -512 ) (2048 1024 -400 ) (2048 1248 -400 ) (2048 1248 -512 ) 
4 33 173 (2048 1264 -448 ) (2048 1264 -512 ) (2048 1248 -512 ) (2048 1248 -448 ) 
4 33 171 (2048 1248 -400 ) (2048 1264 -400 ) (2048 1264 -448 ) (2048 1248 -448 ) 
4 33 154 (2048 1264 -400 ) (2048 1504 -400 ) (2048 1504 -512 ) (2048 1264 -512 ) 
4 33 137 (2048 1504 -400 ) (2048 1872 -400 ) (2048 1872 -512 ) (2048 1504 -512 ) 
4 33 119 (2048 1936 -512 ) (2048 1872 -512 ) (2048 1872 -496 ) (2048 1936 -496 ) 
4 33 118 (2048 1984 -496 ) (2048 1984 -512 ) (2048 1936 -512 ) (2048 1936 -496 ) 
4 33 117 (2048 1872 -400 ) (2048 1984 -400 ) (2048 1984 -496 ) (2048 1872 -496 ) 
4 33 115 (2048 1024 -400 ) (2048 1024 -384 ) (2048 1120 -384 ) (2048 1120 -400 ) 
4 33 113 (2048 1264 -384 ) (2048 1360 -384 ) (2048 1360 -400 ) (2048 1264 -400 ) 
4 33 112 (2048 1360 -384 ) (2048 1504 -384 ) (2048 1504 -400 ) (2048 1360 -400 ) 
4 33 114 (2048 1120 -384 ) (2048 1264 -384 ) (2048 1264 -400 ) (2048 1120 -400 ) 
4 33 110 (2048 1504 -384 ) (2048 1648 -384 ) (2048 1648 -400 ) (2048 1504 -400 ) 
4 33 106 (2048 1648 -384 ) (2048 1872 -384 ) (2048 1872 -400 ) (2048 1648 -400 ) 
4 33 104 (2048 1872 -384 ) (2048 1984 -384 ) (2048 1984 -400 ) (2048 1872 -400 ) 
4 33 103 (2048 1024 -384 ) (2048 1024 1107.810059 ) (2048 1984 1107.810059 ) (2048 1984 -384 ) 
4 33 35 (2176 1456 -544 ) (2176 1024 -544 ) (2048 1024 -544 ) (2048 1456 -544 ) 
4 33 34 (2176 1984 -544 ) (3072 1984 -544 ) (3072 1024 -544 ) (2176 1024 -544 ) 
4 34 1181 (3072 1024 -560 ) (3072 1024 -544 ) (2176 1024 -544 ) (2176 1024 -560 ) 
4 34 37 (2192 1024 -560 ) (2176 1024 -560 ) (2176 1456 -560 ) (2192 1456 -560 ) 
4 34 36 (3072 1024 -560 ) (2192 1024 -560 ) (2192 1984 -560 ) (3072 1984 -560 ) 
4 34 35 (2176 1456 -560 ) (2176 1024 -560 ) (2176 1024 -544 ) (2176 1456 -544 ) 
4 35 1181 (2176 1024 -544 ) (2048 1024 -544 ) (2048 1024 -560 ) (2176 1024 -560 ) 
4 35 271 (2048 1024 -560 ) (2048 1024 -544 ) (2048 1456 -544 ) (2048 1456 -560 ) 
4 35 39 (2176 1024 -560 ) (2048 1024 -560 ) (2048 1440 -560 ) (2176 1440 -560 ) 
4 36 1181 (3072 1024 -672 ) (3072 1024 -560 ) (2192 1024 -560 ) (2192 1024 -672 ) 
4 36 40 (2192 1984 -672 ) (3072 1984 -672 ) (3072 1024 -672 ) (2192 1024 -672 ) 
4 36 37 (2192 1456 -672 ) (2192 1024 -672 ) (2192 1024 -560 ) (2192 1456 -560 ) 
4 37 1181 (2192 1024 -560 ) (2176 1024 -560 ) (2176 1024 -672 ) (2192 1024 -672 ) 
4 37 40 (2192 1456 -672 ) (2192 1024 -672 ) (2176 1024 -672 ) (2176 1456 -672 ) 
4 37 39 (2176 1440 -672 ) (2176 1024 -672 ) (2176 1024 -560 ) (2176 1440 -560 ) 
4 38 281 (2048 1456 -560 ) (2048 1600 -560 ) (2048 1600 -672 ) (2048 1456 -672 ) 
4 38 188 (2048 1600 -560 ) (2048 1984 -560 ) (2048 1984 -672 ) (2048 1600 -672 ) 
4 39 1181 (2176 1024 -560 ) (2048 1024 -560 ) (2048 1024 -672 ) (2176 1024 -672 ) 
4 39 284 (2048 1024 -672 ) (2048 1024 -560 ) (2048 1440 -560 ) (2048 1440 -672 ) 
4 39 42 (2176 1440 -672 ) (2176 1024 -672 ) (2048 1024 -672 ) (2048 1440 -672 ) 
4 40 1181 (3072 1024 -2387.810059 ) (3072 1024 -672 ) (2176 1024 -672 ) (2176 1024 -2387.810059 ) 
4 40 41 (2176 1984 -2387.810059 ) (2176 1456 -2387.810059 ) (2176 1456 -688 ) (2176 1984 -688 ) 
4 40 42 (2176 1456 -2387.810059 ) (2176 1024 -2387.810059 ) (2176 1024 -672 ) (2176 1456 -672 ) 
4 41 424 (2048 1984 -1896 ) (2048 1984 -2387.810059 ) (2048 1456 -2387.810059 ) (2048 1456 -1896 ) 
4 41 421 (2048 1984 -1888 ) (2048 1984 -1896 ) (2048 1456 -1896 ) (2048 1456 -1888 ) 
4 41 416 (2048 1984 -720 ) (2048 1984 -1888 ) (2048 1456 -1888 ) (2048 1456 -720 ) 
4 41 399 (2048 1600 -720 ) (2048 1456 -720 ) (2048 1456 -704 ) (2048 1600 -704 ) 
4 41 398 (2048 1984 -704 ) (2048 1984 -720 ) (2048 1600 -720 ) (2048 1600 -704 ) 
4 41 282 (2048 1600 -704 ) (2048 1456 -704 ) (2048 1456 -688 ) (2048 1600 -688 ) 
4 41 189 (2048 1984 -688 ) (2048 1984 -704 ) (2048 1600 -704 ) (2048 1600 -688 ) 
4 41 42 (2048 1456 -2387.810059 ) (2176 1456 -2387.810059 ) (2176 1456 -688 ) (2048 1456 -688 ) 
4 42 1181 (2176 1024 -672 ) (2048 1024 -672 ) (2048 1024 -2387.810059 ) (2176 1024 -2387.810059 ) 
4 42 424 (2048 1024 -2387.810059 ) (2048 1024 -1896 ) (2048 1456 -1896 ) (2048 1456 -2387.810059 ) 
4 42 421 (2048 1024 -1896 ) (2048 1024 -1888 ) (2048 1456 -1888 ) (2048 1456 -1896 ) 
4 42 416 (2048 1024 -1888 ) (2048 1024 -720 ) (2048 1456 -720 ) (2048 1456 -1888 ) 
4 42 399 (2048 1024 -720 ) (2048 1024 -704 ) (2048 1456 -704 ) (2048 1456 -720 ) 
4 42 283 (2048 1440 -672 ) (2048 1456 -672 ) (2048 1456 -704 ) (2048 1440 -704 ) 
4 42 284 (2048 1024 -704 ) (2048 1024 -672 ) (2048 1440 -672 ) (2048 1440 -704 ) 
4 43 100 (1888 3072 -1888 ) (1576 3072 -1888 ) (1576 3072 -2387.810059 ) (1888 3072 -2387.810059 ) 
4 43 99 (2048 3072 -2387.810059 ) (2048 3072 -1888 ) (1888 3072 -1888 ) (1888 3072 -2387.810059 ) 
4 43 102 (1576 3072 -1888 ) (1024 3072 -1888 ) (1024 3072 -2387.810059 ) (1576 3072 -2387.810059 ) 
4 43 83 (2048 3072 -1888 ) (2048 3072 -656 ) (1024 3072 -656 ) (1024 3072 -1888 ) 
4 43 81 (1696 3072 -640 ) (1024 3072 -640 ) (1024 3072 -656 ) (1696 3072 -656 ) 
4 43 80 (1792 3072 -640 ) (1696 3072 -640 ) (1696 3072 -656 ) (1792 3072 -656 ) 
4 43 79 (1936 3072 -640 ) (1792 3072 -640 ) (1792 3072 -656 ) (1936 3072 -656 ) 
4 43 77 (2048 3072 -656 ) (2048 3072 -640 ) (1936 3072 -640 ) (1936 3072 -656 ) 
4 43 73 (1792 3072 -640 ) (1808 3072 -640 ) (1808 3072 -528 ) (1792 3072 -528 ) 
4 43 76 (1024 3072 -528 ) (1024 3072 -640 ) (1792 3072 -640 ) (1792 3072 -528 ) 
4 43 71 (1808 3072 -512 ) (1792 3072 -512 ) (1792 3072 -528 ) (1808 3072 -528 ) 
4 43 72 (1792 3072 -512 ) (1024 3072 -512 ) (1024 3072 -528 ) (1792 3072 -528 ) 
4 43 69 (1920 3072 -512 ) (1808 3072 -512 ) (1808 3072 -640 ) (1920 3072 -640 ) 
4 43 66 (1936 3072 -512 ) (1920 3072 -512 ) (1920 3072 -640 ) (1936 3072 -640 ) 
4 43 64 (2048 3072 -640 ) (2048 3072 -512 ) (1936 3072 -512 ) (1936 3072 -640 ) 
4 43 59 (1152 3072 1107.810059 ) (1024 3072 1107.810059 ) (1024 3072 -512 ) (1152 3072 -512 ) 
4 43 58 (1472 3072 1107.810059 ) (1152 3072 1107.810059 ) (1152 3072 -512 ) (1472 3072 -512 ) 
4 43 50 (1792 3072 1107.810059 ) (1472 3072 1107.810059 ) (1472 3072 -512 ) (1792 3072 -512 ) 
4 43 48 (1920 3072 -496 ) (1808 3072 -496 ) (1808 3072 -512 ) (1920 3072 -512 ) 
4 43 49 (1808 3072 -496 ) (1792 3072 -496 ) (1792 3072 -512 ) (1808 3072 -512 ) 
4 43 47 (2048 3072 -512 ) (2048 3072 -496 ) (1920 3072 -496 ) (1920 3072 -512 ) 
4 43 46 (2048 3072 -496 ) (2048 3072 1107.810059 ) (1792 3072 1107.810059 ) (1792 3072 -496 ) 
4 43 44 (1024 3072 -2387.810059 ) (1024 3072 1107.810059 ) (1024 3950.979980 1107.810059 ) (1024 3950.979980 -2387.810059 ) 
4 44 517 (304 3072 -656 ) (0 3072 -656 ) (0 3072 -2387.810059 ) (304 3072 -2387.810059 ) 
4 44 516 (976 3072 -656 ) (304 3072 -656 ) (304 3072 -2387.810059 ) (976 3072 -2387.810059 ) 
4 44 513 (1024 3072 -2387.810059 ) (1024 3072 -656 ) (976 3072 -656 ) (976 3072 -2387.810059 ) 
4 44 509 (400 3072 -640 ) (0 3072 -640 ) (0 3072 -656 ) (400 3072 -656 ) 
4 44 508 (880 3072 -640 ) (400 3072 -640 ) (400 3072 -656 ) (880 3072 -656 ) 
4 44 507 (976 3072 -640 ) (880 3072 -640 ) (880 3072 -656 ) (976 3072 -656 ) 
4 44 505 (1024 3072 -656 ) (1024 3072 -640 ) (976 3072 -640 ) (976 3072 -656 ) 
4 44 480 (880 3072 -512 ) (608 3072 -512 ) (736 3072 -640 ) (880 3072 -640 ) 
4 44 479 (1024 3072 -640 ) (1024 3072 -512 ) (880 3072 -512 ) (880 3072 -640 ) 
4 44 467 (400 3072 -512 ) (0 3072 -512 ) (0 3072 -640 ) (400 3072 -640 ) 
4 44 464 (408 3072 -512 ) (400 3072 -512 ) (400 3072 -640 ) (408 3072 -640 ) 
4 44 460 (608 3072 -512 ) (408 3072 -512 ) (408 3072 -640 ) (736 3072 -640 ) 
4 44 456 (0 3072 -496 ) (0 3072 -512 ) (400 3072 -512 ) (400 3072 -496 ) 
4 44 455 (0 3072 -464 ) (0 3072 -496 ) (400 3072 -496 ) (400 3072 -464 ) 
4 44 454 (400 3072 1107.810059 ) (0 3072 1107.810059 ) (0 3072 -464 ) (400 3072 -464 ) 
4 44 452 (408 3072 -400 ) (400 3072 -400 ) (400 3072 -512 ) (408 3072 -512 ) 
4 44 450 (872 3072 -400 ) (408 3072 -400 ) (408 3072 -512 ) (872 3072 -512 ) 
4 44 432 (880 3072 -416 ) (872 3072 -416 ) (872 3072 -426 ) (880 3072 -426 ) 
4 44 431 (1024 3072 -426 ) (1024 3072 -416 ) (880 3072 -416 ) (880 3072 -426 ) 
4 44 429 (880 3072 -400 ) (872 3072 -400 ) (872 3072 -416 ) (880 3072 -416 ) 
4 44 428 (1024 3072 -416 ) (1024 3072 -400 ) (880 3072 -400 ) (880 3072 -416 ) 
4 44 427 (880 3072 -426 ) (872 3072 -426 ) (872 3072 -512 ) (880 3072 -512 ) 
4 44 426 (1024 3072 -512 ) (1024 3072 -426 ) (880 3072 -426 ) (880 3072 -512 ) 
4 44 425 (1024 3072 -400 ) (1024 3072 1107.810059 ) (400 3072 1107.810059 ) (400 3072 -400 ) 
4 44 45 (0 3072 -2387.810059 ) (0 3072 1107.810059 ) (0 3950.979980 1107.810059 ) (0 3950.979980 -2387.810059 ) 
4 45 2366 (-1024 3072 -2387.810059 ) (-1024 3072 1107.810059 ) (-1024 3950.979980 1107.810059 ) (-1024 3950.979980 -2387.810059 ) 
4 45 625 (-608 3072 -512 ) (-624 3072 -512 ) (-624 3072 -2387.810059 ) (-608 3072 -2387.810059 ) 
4 45 627 (-624 3072 -512 ) (-1024 3072 -512 ) (-1024 3072 -2387.810059 ) (-624 3072 -2387.810059 ) 
4 45 571 (0 3072 -2387.810059 ) (0 3072 -640 ) (-512 3072 -640 ) (-512 3072 -2387.810059 ) 
4 45 573 (-512 3072 -640 ) (-608 3072 -640 ) (-608 3072 -2387.810059 ) (-512 3072 -2387.810059 ) 
4 45 569 (-512 3072 -512 ) (-608 3072 -512 ) (-608 3072 -640 ) (-512 3072 -640 ) 
4 45 566 (0 3072 -640 ) (0 3072 -512 ) (-512 3072 -512 ) (-512 3072 -640 ) 
4 45 564 (-640 3072 -400 ) (-1024 3072 -400 ) (-1024 3072 -512 ) (-640 3072 -512 ) 
4 45 560 (-624 3072 -400 ) (-640 3072 -400 ) (-640 3072 -512 ) (-624 3072 -512 ) 
4 45 558 (-608 3072 -400 ) (-624 3072 -400 ) (-624 3072 -512 ) (-608 3072 -512 ) 
4 45 551 (-512 3072 -400 ) (-608 3072 -400 ) (-608 3072 -512 ) (-512 3072 -512 ) 
4 45 546 (-496 3072 -464 ) (-512 3072 -464 ) (-512 3072 -512 ) (-496 3072 -512 ) 
4 45 541 (-432 3072 -496 ) (-496 3072 -496 ) (-496 3072 -512 ) (-432 3072 -512 ) 
4 45 540 (0 3072 -512 ) (0 3072 -496 ) (-432 3072 -496 ) (-432 3072 -512 ) 
4 45 535 (-432 3072 -464 ) (-496 3072 -464 ) (-496 3072 -496 ) (-432 3072 -496 ) 
4 45 534 (-416 3072 -464 ) (-432 3072 -464 ) (-432 3072 -496 ) (-416 3072 -496 ) 
4 45 533 (0 3072 -496 ) (0 3072 -464 ) (-416 3072 -464 ) (-416 3072 -496 ) 
4 45 531 (-432 3072 -456 ) (-512 3072 -456 ) (-512 3072 -464 ) (-432 3072 -464 ) 
4 45 530 (0 3072 -464 ) (0 3072 -456 ) (-432 3072 -456 ) (-432 3072 -464 ) 
4 45 528 (-496 3072 -400 ) (-512 3072 -400 ) (-512 3072 -456 ) (-496 3072 -456 ) 
4 45 527 (0 3072 -456 ) (0 3072 -400 ) (-496 3072 -400 ) (-496 3072 -456 ) 
4 45 526 (-640 3072 -392 ) (-1024 3072 -392 ) (-1024 3072 -400 ) (-640 3072 -400 ) 
4 45 522 (-512 3072 -392 ) (-608 3072 -392 ) (-608 3072 -400 ) (-512 3072 -400 ) 
4 45 523 (-608 3072 -392 ) (-640 3072 -392 ) (-640 3072 -400 ) (-608 3072 -400 ) 
4 45 521 (0 3072 -400 ) (0 3072 -392 ) (-512 3072 -392 ) (-512 3072 -400 ) 
4 45 520 (0 3072 -392 ) (0 3072 1107.810059 ) (-1024 3072 1107.810059 ) (-1024 3072 -392 ) 
4 46 128 (1792 2048 -490.006531 ) (1792 2048 -496 ) (1808 2048 -496 ) (1808 2048 -486.006561 ) 
4 46 126 (1808 2048 -400 ) (1792 2048 -400 ) (1792 2048 -490.006531 ) (1808 2048 -486.006561 ) 
4 46 120 (1920 2048 -400 ) (1808 2048 -400 ) (1808 2048 -496 ) (1920 2048 -496 ) 
4 46 117 (2048 2048 -496 ) (2048 2048 -400 ) (1920 2048 -400 ) (1920 2048 -496 ) 
4 46 104 (2048 2048 -400 ) (2048 2048 -384 ) (1792 2048 -384 ) (1792 2048 -400 ) 
4 46 103 (2048 2048 -384 ) (2048 2048 1107.810059 ) (1792 2048 1107.810059 ) (1792 2048 -384 ) 
4 46 55 (1792 2048 -490.006531 ) (1792 2048 1107.810059 ) (1792 2800 1107.810059 ) (1792 2800 -490.006470 ) 
5 46 54 (1792 2792.003906 -496 ) (1792 2048 -496 ) (1792 2048 -493.998535 ) (1792 2800 -493.998535 ) (1792 2800 -494 ) 
3 46 51 (1792 2800 -496 ) (1792 2792.003906 -496 ) (1792 2800 -494 ) 
4 46 50 (1792 3072 1107.810059 ) (1792 3072 -496 ) (1792 2800 -496 ) (1792 2800 1107.810059 ) 
4 46 48 (1808 2784 -496 ) (1808 3072 -496 ) (1920 3072 -496 ) (1920 2784 -496 ) 
4 46 49 (1808 2048 -496 ) (1792 2048 -496 ) (1792 3072 -496 ) (1808 3072 -496 ) 
4 46 47 (1920 2712 -496 ) (1920 3072 -496 ) (2048 3072 -496 ) (2048 2712 -496 ) 
4 47 66 (1920 2800 -512 ) (1920 3072 -512 ) (1936 3072 -512 ) (1936 2800 -512 ) 
4 47 64 (1936 3072 -512 ) (2048 3072 -512 ) (2048 2728 -512 ) (1936 2728 -512 ) 
4 47 48 (1920 3072 -512 ) (1920 2784 -512 ) (1920 2784 -496 ) (1920 3072 -496 ) 
4 48 69 (1808 2800 -512 ) (1808 3072 -512 ) (1920 3072 -512 ) (1920 2800 -512 ) 
4 48 49 (1808 3072 -512 ) (1808 2784 -512 ) (1808 2784 -496 ) (1808 3072 -496 ) 
4 49 130 (1792 2048 -502 ) (1792 2048 -506 ) (1808 2048 -505 ) (1808 2048 -501 ) 
4 49 128 (1808 2048 -496 ) (1792 2048 -496 ) (1792 2048 -502 ) (1808 2048 -501 ) 
4 49 121 (1792 2048 -506 ) (1792 2048 -512 ) (1808 2048 -512 ) (1808 2048 -505 ) 
4 49 71 (1792 2800 -512 ) (1792 3072 -512 ) (1808 3072 -512 ) (1808 2800 -512 ) 
4 49 54 (1792 2048 -506 ) (1792 2048 -496 ) (1792 2792.003906 -496 ) (1792 2752.003174 -506 ) 
4 49 52 (1792 2728.004150 -512 ) (1792 2048 -512 ) (1792 2048 -506 ) (1792 2752.003174 -506 ) 
4 49 51 (1792 2800 -512 ) (1792 2728.004150 -512 ) (1792 2792.003906 -496 ) (1792 2800 -496 ) 
4 49 50 (1792 3072 -496 ) (1792 3072 -512 ) (1792 2800 -512 ) (1792 2800 -496 ) 
4 50 72 (1472 2800 -512 ) (1472 3072 -512 ) (1792 3072 -512 ) (1792 2800 -512 ) 
4 50 58 (1472 3072 -512 ) (1472 2800 -512 ) (1472 2800 1107.810059 ) (1472 3072 1107.810059 ) 
4 50 56 (1696 2800 1107.810059 ) (1472 2800 1107.810059 ) (1472 2800 -490 ) (1696 2800 -490 ) 
4 50 55 (1792 2800 -490 ) (1792 2800 1107.810059 ) (1696 2800 1107.810059 ) (1696 2800 -490 ) 
4 50 51 (1792 2800 -512 ) (1792 2800 -494 ) (1472 2800 -494 ) (1472 2800 -512 ) 
4 51 72 (1472 2728.004150 -512 ) (1472 2800 -512 ) (1792 2800 -512 ) (1792 2728.004150 -512 ) 
3 51 58 (1472 2800 -512 ) (1472 2728.004150 -512 ) (1472 2800 -494 ) 
5 51 54 (1792 2800 -494 ) (1791.990479 2800 -494 ) (1727.993164 2736 -510 ) (1728 2736 -510 ) (1792 2752 -506 ) 
4 51 53 (1472 2736.004639 -510 ) (1472 2728.004395 -512 ) (1696.003540 2728.001221 -512 ) (1728 2736 -510 ) 
3 51 52 (1696.003540 2728.001221 -512 ) (1792 2728 -512 ) (1792 2752 -506 ) 
3 52 122 (1696.003540 2048 -512 ) (1792 2048 -512 ) (1792 2048 -506 ) 
4 52 72 (1792 2048 -512 ) (1696.003540 2048 -512 ) (1696.003540 2728.004150 -512 ) (1792 2728.004150 -512 ) 
5 52 54 (1792 2752.002441 -506 ) (1728.003906 2736.003662 -510 ) (1727.990845 2735.990479 -510 ) (1727.990845 2048 -510 ) (1792 2048 -506 ) 
3 52 53 (1728.003906 2736.003662 -510 ) (1696.003906 2728.003662 -512 ) (1696.003906 2704.003906 -512 ) 
4 53 72 (1472 2704.003418 -512 ) (1472 2728.004150 -512 ) (1696.003540 2728.004150 -512 ) (1696.003540 2704.003418 -512 ) 
3 53 58 (1472 2728.004150 -512 ) (1472 2704.003418 -512 ) (1472 2736.004395 -510 ) 
4 54 130 (1727.991211 2048 -510 ) (1792 2048 -506 ) (1792 2048 -502 ) (1749.325684 2048 -504.667145 ) 
3 54 129 (1792 2048 -502 ) (1792 2048 -493.998566 ) (1749.325684 2048 -504.667145 ) 
5 55 126 (1728.035034 2048 -505.997803 ) (1792 2048 -490.006561 ) (1792 2048 -400 ) (1696 2048 -400 ) (1696 2048 -508 ) 
4 55 105 (1792 2048 -400 ) (1792 2048 -384 ) (1696 2048 -384 ) (1696 2048 -400 ) 
4 55 103 (1792 2048 -384 ) (1792 2048 1107.810059 ) (1696 2048 1107.810059 ) (1696 2048 -384 ) 
5 55 56 (1696 2800 1107.810059 ) (1696 2800 -489.998047 ) (1696 2735.989258 -506 ) (1696 2704 -508 ) (1696 2704 1107.810059 ) 
4 55 57 (1696 2704 -508 ) (1696 2048 -508 ) (1696 2048 1107.810059 ) (1696 2704 1107.810059 ) 
5 56 58 (1472 2704 -508 ) (1472 2704 1107.810059 ) (1472 2800 1107.810059 ) (1472 2800 -490 ) (1472 2736 -506 ) 
4 56 57 (1696 2704 -508 ) (1696 2704 1107.810059 ) (1472 2704 1107.810059 ) (1472 2704 -508 ) 
4 57 131 (1472 2048 -400 ) (1472 2048 -512 ) (1696 2048 -512 ) (1696 2048 -400 ) 
4 57 105 (1472 2048 -384 ) (1472 2048 -400 ) (1696 2048 -400 ) (1696 2048 -384 ) 
4 57 103 (1472 2048 1107.810059 ) (1472 2048 -384 ) (1696 2048 -384 ) (1696 2048 1107.810059 ) 
4 57 72 (1696.003540 2048 -512 ) (1472 2048 -512 ) (1472 2704.003418 -512 ) (1696.003540 2704.003418 -512 ) 
4 57 58 (1472 2704 -512 ) (1472 2048 -512 ) (1472 2048 1107.810059 ) (1472 2704 1107.810059 ) 
4 58 131 (1152 2048 -512 ) (1472 2048 -512 ) (1472 2048 -400 ) (1152 2048 -400 ) 
4 58 105 (1472 2048 -400 ) (1472 2048 -384 ) (1152 2048 -384 ) (1152 2048 -400 ) 
4 58 103 (1472 2048 -384 ) (1472 2048 1107.810059 ) (1152 2048 1107.810059 ) (1152 2048 -384 ) 
4 58 72 (1472 2048 -512 ) (1152 2048 -512 ) (1152 3072 -512 ) (1472 3072 -512 ) 
3 58 62 (1152 2728.004639 -512 ) (1152 2704 -512 ) (1152 2736.004639 -510 ) 
5 58 61 (1152 2704 -508 ) (1152 2704 1107.810059 ) (1152 2800 1107.810059 ) (1152 2800 -490 ) (1152 2736 -506 ) 
3 58 60 (1152 2800 -512 ) (1152 2728.004639 -512 ) (1152 2800 -494 ) 
4 58 59 (1152 3072 -512 ) (1152 2800 -512 ) (1152 2800 1107.810059 ) (1152 3072 1107.810059 ) 
4 58 63 (1152 2704 -512 ) (1152 2048 -512 ) (1152 2048 1107.810059 ) (1152 2704 1107.810059 ) 
3 59 434 (1024 2856.003174 -480 ) (1024 2800 -494 ) (1024 2800 -480 ) 
5 59 431 (1024 3072 -416 ) (1024 3072 -426 ) (1024 2856.003174 -480 ) (1024 2800 -480 ) (1024 2800 -416 ) 
4 59 428 (1024 3072 -400 ) (1024 3072 -416 ) (1024 2800 -416 ) (1024 2800 -400 ) 
4 59 426 (1024 3072 -426 ) (1024 3072 -512 ) (1024 2800 -512 ) (1024 2800 -494 ) 
4 59 425 (1024 3072 1107.810059 ) (1024 3072 -400 ) (1024 2800 -400 ) (1024 2800 1107.810059 ) 
4 59 72 (1024 2800 -512 ) (1024 3072 -512 ) (1152 3072 -512 ) (1152 2800 -512 ) 
4 59 61 (1152 2800 -490 ) (1152 2800 1107.810059 ) (1024 2800 1107.810059 ) (1024 2800 -490 ) 
4 59 60 (1024 2800 -512 ) (1152 2800 -512 ) (1152 2800 -494 ) (1024 2800 -494 ) 
3 60 426 (1024 2800 -512 ) (1024 2728.004639 -512 ) (1024 2800 -494 ) 
4 60 72 (1024 2728.004639 -512 ) (1024 2800 -512 ) (1152 2800 -512 ) (1152 2728.004639 -512 ) 
4 60 62 (1024 2736.004395 -510 ) (1024 2728.004150 -512 ) (1152 2728.004150 -512 ) (1152 2736.004395 -510 ) 
5 61 443 (1024 2704 -508 ) (1024 2704 -480 ) (1024 2768 -480 ) (1024 2768 -498 ) (1024 2736 -506 ) 
4 61 435 (1024 2768 -480 ) (1024 2800 -480 ) (1024 2800 -490 ) (1024 2768 -498 ) 
4 61 431 (1024 2704 -480 ) (1024 2704 -416 ) (1024 2800 -416 ) (1024 2800 -480 ) 
4 61 428 (1024 2704 -416 ) (1024 2704 -400 ) (1024 2800 -400 ) (1024 2800 -416 ) 
4 61 425 (1024 2704 -400 ) (1024 2704 1107.810059 ) (1024 2800 1107.810059 ) (1024 2800 -400 ) 
4 61 63 (1152 2704 -508 ) (1152 2704 1107.810059 ) (1024 2704 1107.810059 ) (1024 2704 -508 ) 
3 62 442 (1024 2728.004639 -512 ) (1024 2704 -512 ) (1024 2736.004639 -510 ) 
4 62 72 (1024 2704 -512 ) (1024 2728.004639 -512 ) (1152 2728.004639 -512 ) (1152 2704 -512 ) 
4 63 444 (1024 2704 -512 ) (1024 2048 -512 ) (1024 2048 -480 ) (1024 2704 -480 ) 
4 63 431 (1024 2048 -480 ) (1024 2048 -416 ) (1024 2704 -416 ) (1024 2704 -480 ) 
4 63 430 (1024 2048 -416 ) (1024 2048 -400 ) (1024 2624 -400 ) (1024 2624 -416 ) 
4 63 428 (1024 2624 -400 ) (1024 2704 -400 ) (1024 2704 -416 ) (1024 2624 -416 ) 
4 63 425 (1024 2048 -400 ) (1024 2048 1107.810059 ) (1024 2704 1107.810059 ) (1024 2704 -400 ) 
4 63 131 (1024 2048 -400 ) (1024 2048 -512 ) (1152 2048 -512 ) (1152 2048 -400 ) 
4 63 105 (1024 2048 -384 ) (1024 2048 -400 ) (1152 2048 -400 ) (1152 2048 -384 ) 
4 63 103 (1024 2048 1107.810059 ) (1024 2048 -384 ) (1152 2048 -384 ) (1152 2048 1107.810059 ) 
4 63 72 (1152 2048 -512 ) (1024 2048 -512 ) (1024 2704 -512 ) (1152 2704 -512 ) 
4 64 77 (1936 3072 -640 ) (2048 3072 -640 ) (2048 2728 -640 ) (1936 2728 -640 ) 
4 64 66 (1936 3072 -640 ) (1936 2800 -640 ) (1936 2800 -512 ) (1936 3072 -512 ) 
4 65 190 (2032 2048 -512 ) (1936 2048 -512 ) (1936 2048 -640 ) (2032 2048 -640 ) 
4 65 182 (2048 2048 -640 ) (2048 2048 -512 ) (2032 2048 -512 ) (2032 2048 -640 ) 
4 65 78 (2048 2712 -640 ) (2048 2048 -640 ) (1936 2048 -640 ) (1936 2712 -640 ) 
4 65 68 (1936 2272 -640 ) (1936 2048 -640 ) (1936 2048 -512 ) (1936 2272 -512 ) 
4 65 67 (1936 2712 -640 ) (1936 2464 -640 ) (1936 2464 -512 ) (1936 2712 -512 ) 
4 66 79 (1920 3072 -640 ) (1936 3072 -640 ) (1936 2800 -640 ) (1920 2800 -640 ) 
4 66 69 (1920 3072 -640 ) (1920 2800 -640 ) (1920 2800 -512 ) (1920 3072 -512 ) 
4 67 70 (1920 2712 -640 ) (1920 2464 -640 ) (1920 2464 -512 ) (1920 2712 -512 ) 
4 68 207 (1936 2048 -512 ) (1920 2048 -512 ) (1920 2048 -640 ) (1936 2048 -640 ) 
4 68 70 (1920 2272 -640 ) (1920 2048 -640 ) (1920 2048 -512 ) (1920 2272 -512 ) 
4 69 79 (1808 3072 -640 ) (1920 3072 -640 ) (1920 2800 -640 ) (1808 2800 -640 ) 
4 69 73 (1808 3072 -640 ) (1808 2800 -640 ) (1808 2800 -528 ) (1808 3072 -528 ) 
4 69 71 (1808 2800 -528 ) (1808 2800 -512 ) (1808 3072 -512 ) (1808 3072 -528 ) 
4 70 209 (1920 2048 -512 ) (1808 2048 -512 ) (1808 2048 -640 ) (1920 2048 -640 ) 
4 70 74 (1808 2656 -640 ) (1808 2464 -640 ) (1808 2464 -528 ) (1808 2656 -528 ) 
4 70 75 (1808 2272 -640 ) (1808 2080 -640 ) (1808 2080 -528 ) (1808 2272 -528 ) 
4 71 73 (1792 3072 -528 ) (1808 3072 -528 ) (1808 2800 -528 ) (1792 2800 -528 ) 
4 71 72 (1792 3072 -528 ) (1792 2800 -528 ) (1792 2800 -512 ) (1792 3072 -512 ) 
4 72 502 (1024 2192 -528 ) (1024 2048 -528 ) (1024 2048 -512 ) (1024 2192 -512 ) 
4 72 485 (1024 2384 -528 ) (1024 2192 -528 ) (1024 2192 -512 ) (1024 2384 -512 ) 
4 72 481 (1024 2752 -528 ) (1024 2384 -528 ) (1024 2384 -512 ) (1024 2752 -512 ) 
4 72 479 (1024 3072 -512 ) (1024 3072 -528 ) (1024 2752 -528 ) (1024 2752 -512 ) 
4 72 228 (1168 2048 -512 ) (1024 2048 -512 ) (1024 2048 -528 ) (1168 2048 -528 ) 
4 72 227 (1360 2048 -512 ) (1168 2048 -512 ) (1168 2048 -528 ) (1360 2048 -528 ) 
4 72 226 (1792 2048 -512 ) (1360 2048 -512 ) (1360 2048 -528 ) (1792 2048 -528 ) 
4 72 76 (1024 3072 -528 ) (1792 3072 -528 ) (1792 2048 -528 ) (1024 2048 -528 ) 
4 73 79 (1792 3072 -640 ) (1808 3072 -640 ) (1808 2800 -640 ) (1792 2800 -640 ) 
4 73 76 (1792 3072 -640 ) (1792 2800 -640 ) (1792 2800 -528 ) (1792 3072 -528 ) 
4 74 76 (1792 2656 -640 ) (1792 2464 -640 ) (1792 2464 -528 ) (1792 2656 -528 ) 
4 75 76 (1792 2272 -640 ) (1792 2080 -640 ) (1792 2080 -528 ) (1792 2272 -528 ) 
4 76 502 (1024 2192 -640 ) (1024 2048 -640 ) (1024 2048 -528 ) (1024 2192 -528 ) 
4 76 485 (1024 2384 -640 ) (1024 2192 -640 ) (1024 2192 -528 ) (1024 2384 -528 ) 
4 76 481 (1024 2752 -640 ) (1024 2384 -640 ) (1024 2384 -528 ) (1024 2752 -528 ) 
4 76 479 (1024 3072 -528 ) (1024 3072 -640 ) (1024 2752 -640 ) (1024 2752 -528 ) 
4 76 229 (1024 2048 -528 ) (1024 2048 -640 ) (1792 2048 -640 ) (1792 2048 -528 ) 
4 76 81 (1024 2800 -640 ) (1024 3072 -640 ) (1696 3072 -640 ) (1696 2800 -640 ) 
4 76 82 (1024 2048 -640 ) (1024 2704 -640 ) (1696 2704 -640 ) (1696 2048 -640 ) 
4 76 80 (1696 3072 -640 ) (1792 3072 -640 ) (1792 2800 -640 ) (1696 2800 -640 ) 
4 77 83 (1936 2728 -656 ) (1936 3072 -656 ) (2048 3072 -656 ) (2048 2728 -656 ) 
4 77 79 (1936 3072 -656 ) (1936 2784 -656 ) (1936 2784 -640 ) (1936 3072 -640 ) 
4 78 190 (2032 2048 -640 ) (1936 2048 -640 ) (1936 2048 -656 ) (2032 2048 -656 ) 
4 78 182 (2048 2048 -656 ) (2048 2048 -640 ) (2032 2048 -640 ) (2032 2048 -656 ) 
4 78 86 (2048 2048 -656 ) (1936 2048 -656 ) (1936 2712 -656 ) (2048 2712 -656 ) 
4 79 83 (1792 2784 -656 ) (1792 3072 -656 ) (1936 3072 -656 ) (1936 2784 -656 ) 
4 79 80 (1792 3072 -656 ) (1792 2800 -656 ) (1792 2800 -640 ) (1792 3072 -640 ) 
4 80 83 (1696 2800 -656 ) (1696 3072 -656 ) (1792 3072 -656 ) (1792 2800 -656 ) 
4 80 81 (1696 3072 -656 ) (1696 2800 -656 ) (1696 2800 -640 ) (1696 3072 -640 ) 
4 81 505 (1024 3072 -640 ) (1024 3072 -656 ) (1024 2800 -656 ) (1024 2800 -640 ) 
4 81 83 (1024 2800 -656 ) (1024 3072 -656 ) (1696 3072 -656 ) (1696 2800 -656 ) 
4 82 506 (1024 2704 -656 ) (1024 2048 -656 ) (1024 2048 -640 ) (1024 2704 -640 ) 
4 82 238 (1696 2048 -640 ) (1024 2048 -640 ) (1024 2048 -656 ) (1696 2048 -656 ) 
4 82 89 (1696 2048 -656 ) (1024 2048 -656 ) (1024 2704 -656 ) (1696 2704 -656 ) 
4 83 513 (1024 3072 -656 ) (1024 3072 -1888 ) (1024 2728 -1888 ) (1024 2728 -656 ) 
4 83 100 (1576 3072 -1888 ) (1888 3072 -1888 ) (1888 2728 -1888 ) (1576 2728 -1888 ) 
4 83 99 (1888 3072 -1888 ) (2048 3072 -1888 ) (2048 2728 -1888 ) (1888 2728 -1888 ) 
4 83 102 (1024 2728 -1888 ) (1024 3072 -1888 ) (1576 3072 -1888 ) (1576 2728 -1888 ) 
3 83 85 (1888 2728 -1888 ) (2048 2728 -1888 ) (2048 2728 -1293.715332 ) 
5 83 84 (1024 2728 -1888 ) (1576 2728 -1888 ) (1752.004395 2728 -1263.984497 ) (1920 2728 -656 ) (1024 2728 -656 ) 
4 84 513 (1024 2728 -1888 ) (1024 2712 -1888 ) (1024 2712 -656 ) (1024 2728 -656 ) 
4 84 102 (1024 2712 -1888 ) (1024 2728 -1888 ) (1576 2728 -1888 ) (1576 2712 -1888 ) 
4 84 96 (1024 2712 -1888 ) (1576 2712 -1888 ) (1836 2712 -960 ) (1024 2712 -960 ) 
4 84 92 (1836 2712 -960 ) (1889.052734 2712 -768 ) (1024 2712 -768 ) (1024 2712 -960 ) 
4 84 88 (1696 2712 -656 ) (1024 2712 -656 ) (1024 2712 -768 ) (1696 2712 -768 ) 
4 84 87 (1889.052734 2712 -768 ) (1920 2712 -656 ) (1696 2712 -656 ) (1696 2712 -768 ) 
4 85 99 (1888 2728 -1888 ) (2048 2728 -1888 ) (2048 2712 -1888 ) (1888 2712 -1888 ) 
3 85 98 (1888 2712 -1888 ) (2048 2712 -1888 ) (2048 2712 -1293.715332 ) 
4 86 406 (2048 2048 -768 ) (2048 2048 -720 ) (1918.314209 2048 -720 ) (1905.049927 2048 -768 ) 
4 86 395 (2048 2048 -720 ) (2048 2048 -704 ) (1922.735718 2048 -704 ) (1918.314209 2048 -720 ) 
3 86 215 (1936 2048 -656 ) (1922.735718 2048 -704 ) (1936 2048 -704 ) 
4 86 191 (2032 2048 -656 ) (1936 2048 -656 ) (1936 2048 -704 ) (2032 2048 -704 ) 
4 86 183 (2048 2048 -704 ) (2048 2048 -656 ) (2032 2048 -656 ) (2032 2048 -704 ) 
4 86 91 (2048 2048 -768 ) (1905.049927 2048 -768 ) (1905.049927 2712 -768 ) (2048 2712 -768 ) 
4 87 407 (1696 2048 -720 ) (1696 2048 -768 ) (1889.050049 2048 -768 ) (1902.314331 2048 -720 ) 
4 87 396 (1696 2048 -704 ) (1696 2048 -720 ) (1902.314331 2048 -720 ) (1906.735718 2048 -704 ) 
4 87 239 (1792 2048 -656 ) (1696 2048 -656 ) (1696 2048 -704 ) (1792 2048 -704 ) 
4 87 225 (1808 2048 -656 ) (1792 2048 -656 ) (1792 2048 -704 ) (1808 2048 -704 ) 
4 87 217 (1920 2048 -656 ) (1808 2048 -656 ) (1808 2048 -704 ) (1906.735718 2048 -704 ) 
4 87 92 (1889.050049 2048 -768 ) (1696 2048 -768 ) (1696 2712 -768 ) (1889.050049 2712 -768 ) 
4 87 89 (1696 2048 -672 ) (1696 2048 -656 ) (1696 2704 -656 ) (1696 2704 -672 ) 
4 87 90 (1696 2704 -768 ) (1696 2048 -768 ) (1696 2048 -688 ) (1696 2704 -688 ) 
4 87 88 (1696 2712 -656 ) (1696 2712 -768 ) (1696 2704 -768 ) (1696 2704 -656 ) 
4 88 513 (1024 2704 -656 ) (1024 2712 -656 ) (1024 2712 -768 ) (1024 2704 -768 ) 
4 88 92 (1024 2704 -768 ) (1024 2712 -768 ) (1696 2712 -768 ) (1696 2704 -768 ) 
4 88 89 (1696 2704 -672 ) (1696 2704 -656 ) (1024 2704 -656 ) (1024 2704 -672 ) 
4 88 90 (1024 2704 -768 ) (1696 2704 -768 ) (1696 2704 -688 ) (1024 2704 -688 ) 
4 89 514 (1024 2048 -672 ) (1024 2048 -656 ) (1024 2704 -656 ) (1024 2704 -672 ) 
4 89 240 (1696 2048 -656 ) (1024 2048 -656 ) (1024 2048 -672 ) (1696 2048 -672 ) 
4 90 515 (1024 2048 -768 ) (1024 2048 -688 ) (1024 2704 -688 ) (1024 2704 -768 ) 
4 90 407 (1024 2048 -720 ) (1024 2048 -768 ) (1696 2048 -768 ) (1696 2048 -720 ) 
4 90 396 (1024 2048 -704 ) (1024 2048 -720 ) (1696 2048 -720 ) (1696 2048 -704 ) 
4 90 241 (1024 2048 -688 ) (1024 2048 -704 ) (1696 2048 -704 ) (1696 2048 -688 ) 
4 90 92 (1696 2048 -768 ) (1024 2048 -768 ) (1024 2704 -768 ) (1696 2704 -768 ) 
4 91 408 (2048 2048 -960 ) (2048 2048 -768 ) (1905.049927 2048 -768 ) (1852 2048 -960 ) 
4 91 95 (1852 2712 -960 ) (2048 2712 -960 ) (2048 2048 -960 ) (1852 2048 -960 ) 
4 91 93 (1852 2656 -960 ) (1852 2432 -960 ) (1905.049805 2432 -768 ) (1905.049805 2656 -768 ) 
4 91 94 (1852 2304 -960 ) (1852 2080 -960 ) (1905.049805 2080 -768 ) (1905.049805 2304 -768 ) 
4 92 515 (1024 2048 -960 ) (1024 2048 -768 ) (1024 2704 -768 ) (1024 2704 -960 ) 
4 92 513 (1024 2704 -768 ) (1024 2712 -768 ) (1024 2712 -960 ) (1024 2704 -960 ) 
4 92 409 (1889.050171 2048 -768 ) (1024 2048 -768 ) (1024 2048 -960 ) (1836 2048 -960 ) 
4 92 96 (1024 2048 -960 ) (1024 2712 -960 ) (1836 2712 -960 ) (1836 2048 -960 ) 
4 92 93 (1836 2432 -960 ) (1836 2656 -960 ) (1889.050781 2656 -768 ) (1889.050781 2432 -768 ) 
4 92 94 (1836 2080 -960 ) (1836 2304 -960 ) (1889.050781 2304 -768 ) (1889.050781 2080 -768 ) 
5 95 410 (2048 2048 -1235.047363 ) (2048 2048 -960 ) (1852 2048 -960 ) (1592 2048 -1888 ) (1867.578735 2048 -1888 ) 
4 95 97 (1867.578125 2048 -1888 ) (1867.578125 2712 -1888 ) (2040.042358 2712 -1263.843262 ) (2040.042358 2048 -1263.843140 ) 
4 96 515 (1024 2704 -1888 ) (1024 2048 -1888 ) (1024 2048 -960 ) (1024 2704 -960 ) 
4 96 513 (1024 2712 -1888 ) (1024 2704 -1888 ) (1024 2704 -960 ) (1024 2712 -960 ) 
4 96 411 (1836 2048 -960 ) (1024 2048 -960 ) (1024 2048 -1888 ) (1576 2048 -1888 ) 
4 96 102 (1024 2048 -1888 ) (1024 2712 -1888 ) (1576 2712 -1888 ) (1576 2048 -1888 ) 
3 97 412 (2040.003418 2048 -1263.987427 ) (1867.578735 2048 -1888 ) (1872 2048 -1888 ) 
3 98 413 (2048 2048 -1888 ) (2048 2048 -1293.714722 ) (1888 2048 -1888 ) 
4 98 99 (1888 2712 -1888 ) (2048 2712 -1888 ) (2048 2048 -1888 ) (1888 2048 -1888 ) 
4 99 424 (2048 2048 -2387.810059 ) (2048 2048 -1896 ) (1888 2048 -1896 ) (1888 2048 -2387.810059 ) 
4 99 421 (2048 2048 -1896 ) (2048 2048 -1888 ) (1888 2048 -1888 ) (1888 2048 -1896 ) 
4 99 101 (1888 2728 -2387.810059 ) (1888 2048 -2387.810059 ) (1888 2048 -1896 ) (1888 2728 -1896 ) 
4 99 100 (1888 3072 -2387.810059 ) (1888 2728 -2387.810059 ) (1888 2728 -1888 ) (1888 3072 -1888 ) 
4 100 101 (1576 2728 -1896 ) (1576 2728 -2387.810059 ) (1888 2728 -2387.810059 ) (1888 2728 -1896 ) 
4 100 102 (1576 3072 -2387.810059 ) (1576 2728 -2387.810059 ) (1576 2728 -1888 ) (1576 3072 -1888 ) 
4 101 424 (1576 2048 -1896 ) (1576 2048 -2387.810059 ) (1888 2048 -2387.810059 ) (1888 2048 -1896 ) 
4 101 102 (1576 2728 -2387.810059 ) (1576 2048 -2387.810059 ) (1576 2048 -1896 ) (1576 2728 -1896 ) 
4 102 515 (1024 2704 -2387.810059 ) (1024 2048 -2387.810059 ) (1024 2048 -1888 ) (1024 2704 -1888 ) 
4 102 513 (1024 3072 -1888 ) (1024 3072 -2387.810059 ) (1024 2704 -2387.810059 ) (1024 2704 -1888 ) 
4 102 424 (1024 2048 -1896 ) (1024 2048 -2387.810059 ) (1576 2048 -2387.810059 ) (1576 2048 -1896 ) 
4 102 423 (1576 2048 -1888 ) (1024 2048 -1888 ) (1024 2048 -1896 ) (1576 2048 -1896 ) 
4 103 1210 (1408 1024 1107.810059 ) (1024 1024 1107.810059 ) (1024 1024 -384 ) (1408 1024 -384 ) 
4 103 1193 (1504 1024 1107.810059 ) (1408 1024 1107.810059 ) (1408 1024 -384 ) (1504 1024 -384 ) 
4 103 1188 (2048 1024 -384 ) (2048 1024 1107.810059 ) (1504 1024 1107.810059 ) (1504 1024 -384 ) 
4 103 811 (1024 1024 -384 ) (1024 1024 1107.810059 ) (1024 1504 1107.810059 ) (1024 1504 -384 ) 
4 103 763 (1024 1504 1107.810059 ) (1024 1520 1107.810059 ) (1024 1520 -384 ) (1024 1504 -384 ) 
4 103 634 (1024 1520 1107.810059 ) (1024 2048 1107.810059 ) (1024 2048 -384 ) (1024 1520 -384 ) 
4 103 116 (1024 1120 -384 ) (1024 1216 -384 ) (1216 1216 -384 ) (1216 1120 -384 ) 
4 103 115 (2048 1024 -384 ) (1504 1024 -384 ) (1504 1120 -384 ) (2048 1120 -384 ) 
4 103 113 (1216 1264 -384 ) (1216 1360 -384 ) (2048 1360 -384 ) (2048 1264 -384 ) 
4 103 112 (1216 1360 -384 ) (1216 1504 -384 ) (2048 1504 -384 ) (2048 1360 -384 ) 
4 103 114 (1216 1120 -384 ) (1216 1264 -384 ) (2048 1264 -384 ) (2048 1120 -384 ) 
4 103 110 (1168 1648 -384 ) (2048 1648 -384 ) (2048 1504 -384 ) (1168 1504 -384 ) 
4 103 111 (1024 1504 -384 ) (1024 1648 -384 ) (1072 1648 -384 ) (1072 1504 -384 ) 
4 103 109 (1152 1696 -384 ) (1152 1712 -384 ) (1360 1712 -384 ) (1360 1696 -384 ) 
4 103 108 (1376 1712 -384 ) (1376 1648 -384 ) (1360 1648 -384 ) (1360 1712 -384 ) 
4 103 107 (1152 1872 -384 ) (1168 1872 -384 ) (1168 1712 -384 ) (1152 1712 -384 ) 
4 103 106 (1776 1872 -384 ) (2048 1872 -384 ) (2048 1648 -384 ) (1776 1648 -384 ) 
4 103 105 (1024 1888 -384 ) (1024 2048 -384 ) (1792 2048 -384 ) (1792 1888 -384 ) 
4 103 104 (1792 2048 -384 ) (2048 2048 -384 ) (2048 1872 -384 ) (1792 1872 -384 ) 
4 104 127 (1808 1872 -400 ) (1792 1872 -400 ) (1792 1888 -400 ) (1808 1888 -400 ) 
4 104 126 (1792 1888 -400 ) (1792 2048 -400 ) (1808 2048 -400 ) (1808 1888 -400 ) 
4 104 120 (1920 1872 -400 ) (1808 1872 -400 ) (1808 2048 -400 ) (1920 2048 -400 ) 
4 104 117 (2048 2048 -400 ) (2048 1872 -400 ) (1920 1872 -400 ) (1920 2048 -400 ) 
4 104 106 (1792 1872 -400 ) (2048 1872 -400 ) (2048 1872 -384 ) (1792 1872 -384 ) 
4 104 105 (1792 2048 -400 ) (1792 1888 -400 ) (1792 1888 -384 ) (1792 2048 -384 ) 
4 105 635 (1024 1888 -384 ) (1024 2048 -384 ) (1024 2048 -400 ) (1024 1888 -400 ) 
4 105 134 (1024 1888 -400 ) (1024 1984 -400 ) (1696 1984 -400 ) (1696 1888 -400 ) 
4 105 131 (1024 1984 -400 ) (1024 2048 -400 ) (1696 2048 -400 ) (1696 1984 -400 ) 
4 105 126 (1696 2048 -400 ) (1792 2048 -400 ) (1792 1888 -400 ) (1696 1888 -400 ) 
4 106 140 (1920 1648 -400 ) (1808 1648 -400 ) (1808 1872 -400 ) (1920 1872 -400 ) 
4 106 142 (1808 1648 -400 ) (1792 1648 -400 ) (1792 1872 -400 ) (1808 1872 -400 ) 
4 106 138 (1920 1840 -400 ) (1920 1872 -400 ) (2032 1872 -400 ) (2032 1840 -400 ) 
4 106 139 (2032 1648 -400 ) (1920 1648 -400 ) (1920 1840 -400 ) (2032 1840 -400 ) 
4 106 137 (2048 1872 -400 ) (2048 1648 -400 ) (2032 1648 -400 ) (2032 1872 -400 ) 
4 106 110 (1776 1648 -400 ) (2048 1648 -400 ) (2048 1648 -384 ) (1776 1648 -384 ) 
4 107 109 (1152 1712 -384 ) (1152 1712 -400 ) (1168 1712 -400 ) (1168 1712 -384 ) 
4 108 110 (1360 1648 -400 ) (1376 1648 -400 ) (1376 1648 -384 ) (1360 1648 -384 ) 
4 108 109 (1360 1712 -384 ) (1360 1712 -400 ) (1360 1696 -400 ) (1360 1696 -384 ) 
4 110 148 (1184 1520 -400 ) (1184 1632 -400 ) (1216 1632 -400 ) (1216 1520 -400 ) 
4 110 147 (1792 1504 -400 ) (1216 1504 -400 ) (1216 1632 -400 ) (1792 1632 -400 ) 
4 110 140 (1808 1600 -400 ) (1808 1648 -400 ) (1920 1648 -400 ) (1920 1600 -400 ) 
4 110 141 (1920 1504 -400 ) (1808 1504 -400 ) (1808 1600 -400 ) (1920 1600 -400 ) 
4 110 142 (1808 1504 -400 ) (1792 1504 -400 ) (1792 1648 -400 ) (1808 1648 -400 ) 
4 110 139 (2032 1504 -400 ) (1920 1504 -400 ) (1920 1648 -400 ) (2032 1648 -400 ) 
4 110 137 (2048 1648 -400 ) (2048 1504 -400 ) (2032 1504 -400 ) (2032 1648 -400 ) 
4 110 112 (1216 1504 -400 ) (2048 1504 -400 ) (2048 1504 -384 ) (1216 1504 -384 ) 
4 111 763 (1024 1504 -384 ) (1024 1520 -384 ) (1024 1520 -400 ) (1024 1504 -400 ) 
4 111 637 (1024 1520 -384 ) (1024 1648 -384 ) (1024 1648 -400 ) (1024 1520 -400 ) 
4 111 153 (1024 1520 -400 ) (1024 1632 -400 ) (1056 1632 -400 ) (1056 1520 -400 ) 
4 112 164 (1344 1360 -400 ) (1216 1360 -400 ) (1216 1376 -400 ) (1344 1376 -400 ) 
4 112 163 (1232 1504 -400 ) (1344 1504 -400 ) (1344 1376 -400 ) (1232 1376 -400 ) 
4 112 161 (1360 1360 -400 ) (1344 1360 -400 ) (1344 1504 -400 ) (1360 1504 -400 ) 
4 112 157 (1456 1360 -400 ) (1360 1360 -400 ) (1360 1504 -400 ) (1456 1504 -400 ) 
4 112 155 (1472 1360 -400 ) (1456 1360 -400 ) (1456 1504 -400 ) (1472 1504 -400 ) 
4 112 154 (2048 1504 -400 ) (2048 1360 -400 ) (1472 1360 -400 ) (1472 1504 -400 ) 
4 112 113 (1216 1360 -384 ) (1242.666748 1360 -400 ) (2048 1360 -400 ) (2048 1360 -384 ) 
4 113 166 (1456 1264 -400 ) (1242.666748 1264 -400 ) (1242.666748 1360 -400 ) (1456 1360 -400 ) 
4 113 155 (1472 1264 -400 ) (1456 1264 -400 ) (1456 1360 -400 ) (1472 1360 -400 ) 
4 113 154 (2048 1360 -400 ) (2048 1264 -400 ) (1472 1264 -400 ) (1472 1360 -400 ) 
4 113 114 (1216 1264 -384 ) (1242.666748 1264 -400 ) (2048 1264 -400 ) (2048 1264 -384 ) 
4 114 179 (1216 1136 -400 ) (1216 1216 -400 ) (1504 1216 -400 ) (1504 1136 -400 ) 
4 114 177 (1232 1248 -400 ) (1504 1248 -400 ) (1504 1216 -400 ) (1232 1216 -400 ) 
4 114 176 (1520 1120 -400 ) (1504 1120 -400 ) (1504 1248 -400 ) (1520 1248 -400 ) 
4 114 175 (2048 1248 -400 ) (2048 1120 -400 ) (1520 1120 -400 ) (1520 1248 -400 ) 
4 114 171 (2048 1264 -400 ) (2048 1248 -400 ) (1216 1248 -400 ) (1216 1264 -400 ) 
4 114 116 (1216 1216 -400 ) (1216 1120 -400 ) (1216 1120 -384 ) (1216 1216 -384 ) 
4 114 115 (1504 1120 -400 ) (2048 1120 -400 ) (2048 1120 -384 ) (1504 1120 -384 ) 
4 115 1188 (2048 1024 -400 ) (2048 1024 -384 ) (1504 1024 -384 ) (1504 1024 -400 ) 
4 115 175 (2048 1120 -400 ) (2048 1024 -400 ) (1520 1024 -400 ) (1520 1120 -400 ) 
4 116 813 (1024 1120 -384 ) (1024 1216 -384 ) (1024 1216 -400 ) (1024 1120 -400 ) 
4 116 180 (1024 1136 -400 ) (1024 1200 -400 ) (1216 1200 -400 ) (1216 1136 -400 ) 
4 117 138 (2032 1872 -400 ) (1920 1872 -400 ) (1920 1872 -496 ) (2032 1872 -496 ) 
4 117 137 (2048 1872 -496 ) (2048 1872 -400 ) (2032 1872 -400 ) (2032 1872 -496 ) 
4 117 120 (1920 1872 -496 ) (1920 1872 -400 ) (1920 2048 -400 ) (1920 2048 -496 ) 
4 117 119 (2048 1872 -496 ) (2032 1872 -496 ) (2032 1936 -496 ) (2048 1936 -496 ) 
4 117 118 (1920 1936 -496 ) (1920 2024 -496 ) (2048 2024 -496 ) (2048 1936 -496 ) 
4 118 193 (2032 1984 -512 ) (2032 1952 -512 ) (2016 1952 -512 ) (2016 1984 -512 ) 
4 118 192 (2016 2008 -512 ) (2032 2008 -512 ) (2032 1984 -512 ) (2016 1984 -512 ) 
4 118 195 (1936 1952 -512 ) (1936 2008 -512 ) (2016 2008 -512 ) (2016 1952 -512 ) 
4 118 187 (2048 1984 -512 ) (2048 1936 -512 ) (2032 1936 -512 ) (2032 1984 -512 ) 
4 118 185 (2048 2000 -512 ) (2048 1984 -512 ) (2032 1984 -512 ) (2032 2000 -512 ) 
4 118 184 (2048 2008 -512 ) (2048 2000 -512 ) (2032 2000 -512 ) (2032 2008 -512 ) 
4 118 119 (2048 1936 -496 ) (2032 1936 -496 ) (2032 1936 -512 ) (2048 1936 -512 ) 
4 119 187 (2048 1936 -512 ) (2048 1872 -512 ) (2032 1872 -512 ) (2032 1936 -512 ) 
4 119 137 (2032 1872 -512 ) (2048 1872 -512 ) (2048 1872 -496 ) (2032 1872 -496 ) 
4 120 140 (1920 1872 -496 ) (1920 1872 -400 ) (1808 1872 -400 ) (1808 1872 -496 ) 
5 120 128 (1808 1872 -490 ) (1808 1872 -486.006561 ) (1808 2048 -486.006531 ) (1808 2048 -496 ) (1808 1896 -496 ) 
4 120 127 (1808 1872 -486.006561 ) (1808 1872 -400 ) (1808 1888 -400 ) (1808 1888 -486.006561 ) 
4 120 126 (1808 1888 -400 ) (1808 2048 -400 ) (1808 2048 -486.006531 ) (1808 1888 -486.006561 ) 
3 120 123 (1808 1872 -496 ) (1808 1872 -490 ) (1808 1896 -496 ) 
4 121 142 (1792 1872 -512 ) (1808 1872 -512 ) (1808 1872 -505 ) (1792 1872 -506 ) 
4 121 130 (1808 1932 -505 ) (1808 2048 -505 ) (1792 2048 -506 ) (1792 1936 -506 ) 
4 121 123 (1792 1872 -506 ) (1808 1872 -505 ) (1808 1932 -505 ) (1792 1936 -506 ) 
4 121 122 (1792 2048 -512 ) (1792 1888 -512 ) (1792 1888 -505.997986 ) (1792 2048 -505.997986 ) 
4 122 226 (1696 2048 -512 ) (1792 2048 -512 ) (1792 1888 -512 ) (1696 1888 -512 ) 
5 122 130 (1727.991699 1952.010010 -510 ) (1728.001709 1952 -510 ) (1792 1936 -506 ) (1792 2048 -506 ) (1727.991577 2048 -510 ) 
3 122 125 (1696 1984.001831 -512 ) (1696 1960 -512 ) (1728.001709 1952 -510 ) 
4 122 124 (1696 1960 -512 ) (1696 1888 -512 ) (1792 1888 -506 ) (1792 1936 -506 ) 
4 123 142 (1792 1872 -506 ) (1808 1872 -505 ) (1808 1872 -490 ) (1792 1872 -490 ) 
4 123 130 (1808 1932.002930 -505 ) (1792 1936.002930 -506 ) (1792 1920 -502 ) (1808 1916 -501 ) 
4 123 128 (1792 1920 -502 ) (1792 1872 -490 ) (1808 1872 -490 ) (1808 1916 -501 ) 
3 123 124 (1792 1888 -494 ) (1792 1935.996094 -506 ) (1792 1888 -506 ) 
3 124 133 (1696 1888 -506 ) (1696 1888 -494 ) (1696 1952 -510 ) 
4 124 132 (1696 1960 -512 ) (1696 1888 -512 ) (1696 1888 -506 ) (1696 1952 -510 ) 
5 124 130 (1792 1936.002930 -506 ) (1728.011719 1952 -510 ) (1727.994141 1952 -510 ) (1749.325439 1930.668701 -504.667175 ) (1792 1920 -502 ) 
4 124 129 (1791.994019 1888 -494 ) (1792 1888 -494 ) (1792 1920 -502 ) (1749.325562 1930.668701 -504.667175 ) 
3 124 125 (1728.011719 1952 -510 ) (1696 1960.002930 -512 ) (1696 1952 -510 ) 
3 125 132 (1696 1984 -512 ) (1696 1960 -512 ) (1696 1952 -510 ) 
5 126 134 (1696 1888 -490 ) (1696 1888 -400 ) (1696 1984 -400 ) (1696 1984 -508 ) (1696 1952 -506 ) 
4 126 131 (1696 1984 -400 ) (1696 2048 -400 ) (1696 2048 -508 ) (1696 1984 -508 ) 
5 126 128 (1792 2048 -490.005951 ) (1808 2048 -486.005859 ) (1808 1888 -486.005859 ) (1792.023926 1888 -490 ) (1792 1888.023926 -490.005981 ) 
5 126 127 (1792 1888 -490 ) (1792.027344 1888 -490 ) (1808 1888 -486.006836 ) (1808 1888 -400 ) (1792 1888 -400 ) 
5 127 142 (1808 1872 -486.006561 ) (1808 1872 -400 ) (1792 1872 -400 ) (1792 1872 -490 ) (1792.026245 1872 -490 ) 
5 127 128 (1792.023804 1872 -490 ) (1792 1872.023804 -490.005951 ) (1792 1888 -490.005981 ) (1808 1888 -486.005859 ) (1808 1872 -486.005859 ) 
3 128 142 (1808 1872 -490 ) (1808 1872 -486.006561 ) (1792.026245 1872 -490 ) 
4 128 130 (1808 1916 -501 ) (1792 1920 -502 ) (1792 2048 -502 ) (1808 2048 -501 ) 
5 128 129 (1792 2048 -502 ) (1792 1919.996094 -502 ) (1792 1888 -494 ) (1792 1888 -493.998566 ) (1792 2048 -493.998535 ) 
4 129 130 (1792 1920 -502 ) (1749.324219 1930.669922 -504.667480 ) (1749.324219 2048 -504.667480 ) (1792 2048 -502 ) 
4 131 645 (1024 2048 -511 ) (1024 2048 -512 ) (1024 1984 -512 ) (1024 1984 -511 ) 
4 131 643 (1024 1984 -400 ) (1024 2048 -400 ) (1024 2048 -511 ) (1024 1984 -511 ) 
4 131 228 (1024 1984 -512 ) (1024 2048 -512 ) (1168 2048 -512 ) (1168 1984 -512 ) 
4 131 227 (1168 2048 -512 ) (1360 2048 -512 ) (1360 1984 -512 ) (1168 1984 -512 ) 
4 131 226 (1360 2048 -512 ) (1696 2048 -512 ) (1696 1984 -512 ) (1360 1984 -512 ) 
4 131 134 (1696 1984 -508 ) (1696 1984 -400 ) (1024 1984 -400 ) (1024 1984 -508 ) 
3 132 642 (1024 1984 -512 ) (1024 1960 -512 ) (1024 1952 -510 ) 
4 132 641 (1024 1960 -512 ) (1024 1888 -512 ) (1024 1888 -506 ) (1024 1952 -510 ) 
4 132 228 (1024 1888 -512 ) (1024 1984 -512 ) (1168 1984 -512 ) (1168 1888 -512 ) 
4 132 227 (1168 1984 -512 ) (1360 1984 -512 ) (1360 1888 -512 ) (1168 1888 -512 ) 
4 132 226 (1360 1984 -512 ) (1696 1984 -512 ) (1696 1888 -512 ) (1360 1888 -512 ) 
4 132 133 (1024 1952 -510 ) (1024 1888 -506 ) (1696 1888 -506 ) (1696 1952 -510 ) 
3 133 641 (1024 1952 -510 ) (1024 1888 -506 ) (1024 1888 -494 ) 
5 134 644 (1024 1888 -400 ) (1024 1984 -400 ) (1024 1984 -508 ) (1024 1952 -506 ) (1024 1888 -490 ) 
4 134 136 (1088 1888 -400 ) (1024 1888 -400 ) (1024 1888 -480 ) (1088 1888 -480 ) 
4 134 135 (1696 1888 -480 ) (1696 1888 -400 ) (1552 1888 -400 ) (1552 1888 -480 ) 
4 135 143 (1696 1872 -480 ) (1696 1872 -400 ) (1552 1872 -400 ) (1552 1872 -480 ) 
4 136 646 (1024 1872 -400 ) (1024 1888 -400 ) (1024 1888 -480 ) (1024 1872 -480 ) 
4 136 151 (1072 1872 -400 ) (1024 1872 -400 ) (1024 1872 -480 ) (1072 1872 -480 ) 
4 136 150 (1088 1872 -480 ) (1088 1872 -400 ) (1072 1872 -400 ) (1072 1872 -480 ) 
4 137 270 (2048 1600 -512 ) (2048 1504 -512 ) (2032 1504 -512 ) (2032 1600 -512 ) 
4 137 187 (2032 1872 -512 ) (2048 1872 -512 ) (2048 1600 -512 ) (2032 1600 -512 ) 
4 137 154 (2032 1504 -512 ) (2048 1504 -512 ) (2048 1504 -400 ) (2032 1504 -400 ) 
4 137 138 (2032 1872 -400 ) (2032 1872 -496 ) (2032 1840 -496 ) (2032 1840 -400 ) 
4 137 139 (2032 1840 -512 ) (2032 1504 -512 ) (2032 1504 -400 ) (2032 1840 -400 ) 
4 138 140 (1920 1872 -400 ) (1920 1872 -496 ) (1920 1840 -496 ) (1920 1840 -400 ) 
4 138 139 (1920 1840 -400 ) (1920 1840 -496 ) (2032 1840 -496 ) (2032 1840 -400 ) 
4 139 274 (1936 1504 -512 ) (1920 1504 -512 ) (1920 1600 -512 ) (1936 1600 -512 ) 
4 139 272 (2032 1600 -512 ) (2032 1504 -512 ) (1936 1504 -512 ) (1936 1600 -512 ) 
4 139 206 (2032 1616 -512 ) (2032 1600 -512 ) (1936 1600 -512 ) (1936 1616 -512 ) 
4 139 203 (2032 1824 -512 ) (2032 1616 -512 ) (2016 1616 -512 ) (2016 1824 -512 ) 
4 139 205 (2016 1616 -512 ) (1936 1616 -512 ) (1936 1824 -512 ) (2016 1824 -512 ) 
4 139 154 (1920 1504 -512 ) (2032 1504 -512 ) (2032 1504 -400 ) (1920 1504 -400 ) 
4 139 140 (1920 1600 -496 ) (1920 1600 -400 ) (1920 1840 -400 ) (1920 1840 -496 ) 
4 139 141 (1920 1600 -512 ) (1920 1504 -512 ) (1920 1504 -400 ) (1920 1600 -400 ) 
4 140 141 (1808 1600 -400 ) (1808 1600 -496 ) (1920 1600 -496 ) (1920 1600 -400 ) 
4 140 142 (1808 1872 -400 ) (1808 1872 -496 ) (1808 1600 -496 ) (1808 1600 -400 ) 
4 141 275 (1920 1584 -512 ) (1920 1504 -512 ) (1808 1504 -512 ) (1808 1584 -512 ) 
4 141 154 (1808 1504 -512 ) (1920 1504 -512 ) (1920 1504 -400 ) (1808 1504 -400 ) 
4 141 142 (1808 1600 -512 ) (1808 1504 -512 ) (1808 1504 -400 ) (1808 1600 -400 ) 
4 142 276 (1808 1600 -512 ) (1808 1504 -512 ) (1792 1504 -512 ) (1792 1600 -512 ) 
4 142 154 (1792 1504 -512 ) (1808 1504 -512 ) (1808 1504 -400 ) (1792 1504 -400 ) 
4 142 147 (1792 1632 -512 ) (1792 1504 -512 ) (1792 1504 -400 ) (1792 1632 -400 ) 
4 143 144 (1376 1872 -400 ) (1376 1872 -512 ) (1376 1712 -512 ) (1376 1712 -400 ) 
4 144 145 (1360 1872 -400 ) (1360 1872 -512 ) (1360 1712 -512 ) (1360 1712 -400 ) 
4 146 260 (1192 1648 -512 ) (1180 1648 -512 ) (1180 1696 -512 ) (1192 1696 -512 ) 
4 146 258 (1204 1648 -512 ) (1192 1648 -512 ) (1192 1696 -512 ) (1204 1696 -512 ) 
4 146 257 (1216 1648 -512 ) (1204 1648 -512 ) (1204 1696 -512 ) (1216 1696 -512 ) 
4 146 256 (1276 1648 -512 ) (1216 1648 -512 ) (1216 1696 -512 ) (1276 1696 -512 ) 
4 146 254 (1288 1648 -512 ) (1276 1648 -512 ) (1276 1696 -512 ) (1288 1696 -512 ) 
4 146 253 (1300 1648 -512 ) (1288 1648 -512 ) (1288 1696 -512 ) (1300 1696 -512 ) 
4 146 252 (1324 1648 -512 ) (1300 1648 -512 ) (1300 1696 -512 ) (1324 1696 -512 ) 
4 146 251 (1336 1648 -512 ) (1324 1648 -512 ) (1324 1696 -512 ) (1336 1696 -512 ) 
4 146 250 (1348 1648 -512 ) (1336 1648 -512 ) (1336 1696 -512 ) (1348 1696 -512 ) 
4 146 249 (1360 1696 -512 ) (1360 1648 -512 ) (1348 1648 -512 ) (1348 1696 -512 ) 
4 146 149 (1168 1696 -512 ) (1168 1648 -512 ) (1168 1648 -400 ) (1168 1696 -400 ) 
4 147 343 (1312 1504 -512 ) (1216 1504 -512 ) (1216 1600 -512 ) (1312 1600 -512 ) 
4 147 337 (1360 1504 -512 ) (1312 1504 -512 ) (1312 1600 -512 ) (1360 1600 -512 ) 
4 147 321 (1456 1504 -512 ) (1360 1504 -512 ) (1360 1600 -512 ) (1456 1600 -512 ) 
4 147 277 (1472 1504 -512 ) (1456 1504 -512 ) (1456 1600 -512 ) (1472 1600 -512 ) 
4 147 276 (1792 1600 -512 ) (1792 1504 -512 ) (1472 1504 -512 ) (1472 1600 -512 ) 
4 147 264 (1792 1632 -512 ) (1792 1600 -512 ) (1216 1600 -512 ) (1216 1632 -512 ) 
4 147 163 (1232 1504 -512 ) (1344 1504 -512 ) (1344 1504 -400 ) (1232 1504 -400 ) 
4 147 162 (1344 1504 -512 ) (1360 1504 -512 ) (1360 1504 -448 ) (1344 1504 -448 ) 
4 147 161 (1360 1504 -448 ) (1360 1504 -400 ) (1344 1504 -400 ) (1344 1504 -448 ) 
4 147 158 (1360 1504 -512 ) (1456 1504 -512 ) (1456 1504 -432 ) (1360 1504 -432 ) 
4 147 157 (1456 1504 -432 ) (1456 1504 -400 ) (1360 1504 -400 ) (1360 1504 -432 ) 
4 147 156 (1456 1504 -512 ) (1472 1504 -512 ) (1472 1504 -448 ) (1456 1504 -448 ) 
4 147 155 (1472 1504 -448 ) (1472 1504 -400 ) (1456 1504 -400 ) (1456 1504 -448 ) 
4 147 154 (1472 1504 -512 ) (1792 1504 -512 ) (1792 1504 -400 ) (1472 1504 -400 ) 
4 147 148 (1216 1632 -400 ) (1216 1632 -512 ) (1216 1520 -512 ) (1216 1520 -400 ) 
4 148 344 (1184 1520 -512 ) (1184 1600 -512 ) (1216 1600 -512 ) (1216 1520 -512 ) 
4 148 264 (1184 1600 -512 ) (1184 1632 -512 ) (1216 1632 -512 ) (1216 1600 -512 ) 
4 149 152 (1152 1632 -512 ) (1168 1632 -512 ) (1168 1632 -400 ) (1152 1632 -400 ) 
4 149 150 (1152 1696 -512 ) (1152 1632 -512 ) (1152 1632 -400 ) (1152 1696 -400 ) 
4 150 152 (1072 1632 -512 ) (1152 1632 -512 ) (1152 1632 -400 ) (1072 1632 -400 ) 
4 150 151 (1072 1872 -400 ) (1072 1872 -512 ) (1072 1648 -512 ) (1072 1648 -400 ) 
4 151 648 (1024 1648 -400 ) (1024 1872 -400 ) (1024 1872 -512 ) (1024 1648 -512 ) 
4 152 165 (1072 1504 -512 ) (1168 1504 -512 ) (1168 1504 -400 ) (1072 1504 -400 ) 
4 153 686 (1024 1520 -400 ) (1024 1632 -400 ) (1024 1632 -512 ) (1024 1520 -512 ) 
4 153 345 (1024 1520 -512 ) (1024 1600 -512 ) (1056 1600 -512 ) (1056 1520 -512 ) 
4 153 265 (1024 1600 -512 ) (1024 1632 -512 ) (1056 1632 -512 ) (1056 1600 -512 ) 
4 154 276 (1472 1504 -512 ) (1808 1504 -512 ) (1808 1264 -512 ) (1472 1264 -512 ) 
4 154 275 (1808 1504 -512 ) (1920 1504 -512 ) (1920 1264 -512 ) (1808 1264 -512 ) 
4 154 274 (1920 1504 -512 ) (1936 1504 -512 ) (1936 1264 -512 ) (1920 1264 -512 ) 
4 154 273 (1936 1504 -512 ) (2032 1504 -512 ) (2032 1264 -512 ) (1936 1264 -512 ) 
4 154 270 (2032 1504 -512 ) (2048 1504 -512 ) (2048 1456 -512 ) (2032 1456 -512 ) 
4 154 271 (2048 1456 -512 ) (2048 1264 -512 ) (2032 1264 -512 ) (2032 1456 -512 ) 
4 154 173 (1472 1264 -512 ) (2048 1264 -512 ) (2048 1264 -448 ) (1472 1264 -448 ) 
4 154 171 (2048 1264 -448 ) (2048 1264 -400 ) (1472 1264 -400 ) (1472 1264 -448 ) 
4 154 156 (1472 1504 -448 ) (1472 1504 -512 ) (1472 1488 -512 ) (1472 1392 -448 ) 
4 154 155 (1472 1504 -400 ) (1472 1504 -448 ) (1472 1264 -448 ) (1472 1264 -400 ) 
4 155 171 (1472 1264 -448 ) (1472 1264 -400 ) (1456 1264 -400 ) (1456 1264 -448 ) 
4 155 166 (1456 1264 -432 ) (1456 1264 -400 ) (1456 1360 -400 ) (1456 1360 -432 ) 
4 155 159 (1456 1488 -448 ) (1456 1416 -448 ) (1456 1392 -432 ) (1456 1488 -432 ) 
4 155 158 (1456 1504 -432 ) (1456 1504 -448 ) (1456 1488 -448 ) (1456 1488 -432 ) 
4 155 157 (1456 1504 -400 ) (1456 1504 -432 ) (1456 1360 -432 ) (1456 1360 -400 ) 
4 155 156 (1456 1392 -448 ) (1456 1504 -448 ) (1472 1504 -448 ) (1472 1392 -448 ) 
4 156 277 (1456 1504 -512 ) (1472 1504 -512 ) (1472 1488 -512 ) (1456 1488 -512 ) 
3 156 159 (1456 1416 -448 ) (1456 1488 -448 ) (1456 1488 -496 ) 
4 156 158 (1456 1504 -448 ) (1456 1504 -512 ) (1456 1488 -512 ) (1456 1488 -448 ) 
4 157 166 (1456 1360 -432 ) (1456 1360 -400 ) (1360 1360 -400 ) (1360 1360 -432 ) 
4 157 161 (1360 1504 -400 ) (1360 1504 -432 ) (1360 1360 -432 ) (1360 1360 -400 ) 
4 157 159 (1360 1392 -432 ) (1360 1488 -432 ) (1456 1488 -432 ) (1456 1392 -432 ) 
4 157 158 (1360 1488 -432 ) (1360 1504 -432 ) (1456 1504 -432 ) (1456 1488 -432 ) 
4 158 162 (1360 1504 -448 ) (1360 1504 -512 ) (1360 1488 -512 ) (1360 1488 -448 ) 
4 158 161 (1360 1504 -432 ) (1360 1504 -448 ) (1360 1488 -448 ) (1360 1488 -432 ) 
4 158 159 (1456 1488 -496 ) (1456 1488 -432 ) (1360 1488 -432 ) (1360 1488 -496 ) 
3 159 162 (1360 1488 -448 ) (1360 1488 -496 ) (1360 1416 -448 ) 
4 159 161 (1360 1392 -432 ) (1360 1488 -432 ) (1360 1488 -448 ) (1360 1416 -448 ) 
4 160 329 (1456 1372 -512 ) (1456 1360 -512 ) (1360 1360 -512 ) (1360 1372 -512 ) 
4 160 328 (1456 1384 -512 ) (1456 1372 -512 ) (1360 1372 -512 ) (1360 1384 -512 ) 
4 160 327 (1456 1396 -512 ) (1456 1384 -512 ) (1360 1384 -512 ) (1360 1396 -512 ) 
4 160 326 (1456 1408 -512 ) (1456 1396 -512 ) (1360 1396 -512 ) (1360 1408 -512 ) 
4 160 325 (1456 1420 -512 ) (1456 1408 -512 ) (1360 1408 -512 ) (1360 1420 -512 ) 
4 160 324 (1456 1488 -512 ) (1456 1420 -512 ) (1360 1420 -512 ) (1360 1488 -512 ) 
3 160 170 (1360 1360 -512 ) (1429.333374 1360 -512 ) (1360 1360 -470.399933 ) 
5 160 168 (1429.333374 1360 -512 ) (1456 1360 -512 ) (1456 1360 -448 ) (1360 1360 -448 ) (1360 1360 -470.399933 ) 
4 161 166 (1360 1360 -432 ) (1360 1360 -400 ) (1344 1360 -400 ) (1344 1360 -432 ) 
4 161 164 (1344 1376 -448 ) (1344 1360 -448 ) (1344 1360 -400 ) (1344 1376 -400 ) 
4 161 163 (1344 1504 -400 ) (1344 1504 -448 ) (1344 1376 -448 ) (1344 1376 -400 ) 
4 161 162 (1344 1392 -448 ) (1344 1504 -448 ) (1360 1504 -448 ) (1360 1392 -448 ) 
4 162 163 (1344 1504 -448 ) (1344 1504 -512 ) (1344 1488 -512 ) (1344 1392 -448 ) 
4 163 343 (1232 1504 -512 ) (1312 1504 -512 ) (1312 1376 -512 ) (1232 1376 -512 ) 
4 163 341 (1328 1376 -512 ) (1312 1376 -512 ) (1312 1488 -512 ) (1328 1488 -512 ) 
4 163 340 (1344 1488 -512 ) (1344 1376 -512 ) (1328 1376 -512 ) (1328 1488 -512 ) 
4 163 339 (1312 1504 -512 ) (1344 1504 -512 ) (1344 1488 -512 ) (1312 1488 -512 ) 
5 163 164 (1344 1376 -448 ) (1344 1376 -400 ) (1232 1376 -400 ) (1232 1376 -409.600006 ) (1296 1376 -448 ) 
4 164 166 (1344 1360 -432 ) (1344 1360 -400 ) (1242.666748 1360 -400 ) (1296 1360 -432 ) 
4 165 815 (1024 1360 -400 ) (1024 1504 -400 ) (1024 1504 -512 ) (1024 1360 -512 ) 
4 165 169 (1216 1360 -448 ) (1216 1360 -432 ) (1024 1360 -432 ) (1024 1360 -448 ) 
4 165 170 (1024 1360 -512 ) (1216 1360 -512 ) (1216 1360 -448 ) (1024 1360 -448 ) 
4 165 167 (1216 1360 -432 ) (1216 1360 -400 ) (1024 1360 -400 ) (1024 1360 -432 ) 
4 166 171 (1456 1264 -432 ) (1456 1264 -400 ) (1242.666748 1264 -400 ) (1296 1264 -432 ) 
4 167 815 (1024 1264 -400 ) (1024 1360 -400 ) (1024 1360 -432 ) (1024 1264 -432 ) 
4 167 172 (1216 1264 -400 ) (1024 1264 -400 ) (1024 1264 -432 ) (1216 1264 -432 ) 
4 167 169 (1024 1360 -432 ) (1269.333374 1360 -432 ) (1269.333374 1264 -432 ) (1024 1264 -432 ) 
4 168 353 (1429.333374 1360 -512 ) (1456 1360 -512 ) (1456 1264 -512 ) (1429.333374 1264 -512 ) 
4 168 170 (1322.662720 1360 -448 ) (1429.329468 1360 -512 ) (1429.329468 1264 -512 ) (1322.662720 1264 -448 ) 
4 169 815 (1024 1360 -432 ) (1024 1360 -448 ) (1024 1264 -448 ) (1024 1264 -432 ) 
4 169 172 (1216 1264 -432 ) (1024 1264 -432 ) (1024 1264 -448 ) (1216 1264 -448 ) 
4 169 170 (1024 1360 -448 ) (1296 1360 -448 ) (1296 1264 -448 ) (1024 1264 -448 ) 
4 170 815 (1024 1360 -448 ) (1024 1360 -512 ) (1024 1264 -512 ) (1024 1264 -448 ) 
4 170 354 (1228 1360 -512 ) (1240 1360 -512 ) (1240 1264 -512 ) (1228 1264 -512 ) 
4 170 353 (1240 1360 -512 ) (1429.333374 1360 -512 ) (1429.333374 1264 -512 ) (1240 1264 -512 ) 
4 170 174 (1024 1264 -512 ) (1216 1264 -512 ) (1216 1264 -448 ) (1024 1264 -448 ) 
5 171 177 (1504 1248 -400 ) (1232 1248 -400 ) (1232 1248 -409.600006 ) (1296 1248 -448 ) (1504 1248 -448 ) 
4 171 176 (1520 1248 -400 ) (1504 1248 -400 ) (1504 1248 -448 ) (1520 1248 -448 ) 
4 171 175 (2048 1248 -448 ) (2048 1248 -400 ) (1520 1248 -400 ) (1520 1248 -448 ) 
4 171 173 (2048 1248 -448 ) (1456 1248 -448 ) (1456 1264 -448 ) (2048 1264 -448 ) 
4 172 815 (1024 1248 -400 ) (1024 1264 -400 ) (1024 1264 -448 ) (1024 1248 -448 ) 
4 172 178 (1216 1248 -400 ) (1024 1248 -400 ) (1024 1248 -448 ) (1216 1248 -448 ) 
4 172 174 (1216 1248 -448 ) (1024 1248 -448 ) (1024 1264 -448 ) (1216 1264 -448 ) 
4 173 276 (1472 1264 -512 ) (1808 1264 -512 ) (1808 1248 -512 ) (1472 1248 -512 ) 
4 173 275 (1808 1264 -512 ) (1920 1264 -512 ) (1920 1248 -512 ) (1808 1248 -512 ) 
4 173 274 (1920 1264 -512 ) (1936 1264 -512 ) (1936 1248 -512 ) (1920 1248 -512 ) 
4 173 273 (1936 1264 -512 ) (2032 1264 -512 ) (2032 1248 -512 ) (1936 1248 -512 ) 
4 173 271 (2032 1264 -512 ) (2048 1264 -512 ) (2048 1248 -512 ) (2032 1248 -512 ) 
4 173 177 (1456 1248 -512 ) (1504 1248 -512 ) (1504 1248 -448 ) (1456 1248 -448 ) 
4 173 176 (1504 1248 -512 ) (1520 1248 -512 ) (1520 1248 -448 ) (1504 1248 -448 ) 
4 173 175 (1520 1248 -512 ) (2048 1248 -512 ) (2048 1248 -448 ) (1520 1248 -448 ) 
4 174 815 (1024 1264 -448 ) (1024 1264 -512 ) (1024 1248 -512 ) (1024 1248 -448 ) 
4 174 178 (1024 1248 -512 ) (1216 1248 -512 ) (1216 1248 -448 ) (1024 1248 -448 ) 
4 175 1189 (2048 1024 -512 ) (2048 1024 -400 ) (1520 1024 -400 ) (1520 1024 -512 ) 
4 175 279 (1808 1024 -512 ) (1520 1024 -512 ) (1520 1120 -512 ) (1808 1120 -512 ) 
4 175 276 (1520 1120 -512 ) (1520 1248 -512 ) (1808 1248 -512 ) (1808 1120 -512 ) 
4 175 275 (1920 1024 -512 ) (1808 1024 -512 ) (1808 1248 -512 ) (1920 1248 -512 ) 
4 175 274 (1936 1024 -512 ) (1920 1024 -512 ) (1920 1248 -512 ) (1936 1248 -512 ) 
4 175 273 (2032 1024 -512 ) (1936 1024 -512 ) (1936 1248 -512 ) (2032 1248 -512 ) 
4 175 271 (2048 1024 -512 ) (2032 1024 -512 ) (2032 1248 -512 ) (2048 1248 -512 ) 
4 175 176 (1520 1248 -400 ) (1520 1248 -512 ) (1520 1120 -512 ) (1520 1120 -400 ) 
4 176 276 (1504 1120 -512 ) (1504 1248 -512 ) (1520 1248 -512 ) (1520 1120 -512 ) 
4 176 179 (1504 1216 -512 ) (1504 1136 -512 ) (1504 1136 -400 ) (1504 1216 -400 ) 
4 176 177 (1504 1248 -400 ) (1504 1248 -512 ) (1504 1216 -512 ) (1504 1216 -400 ) 
4 177 378 (1232 1248 -512 ) (1344 1248 -512 ) (1344 1216 -512 ) (1232 1216 -512 ) 
4 177 376 (1344 1248 -512 ) (1456 1248 -512 ) (1456 1216 -512 ) (1344 1216 -512 ) 
4 177 278 (1456 1248 -512 ) (1472 1248 -512 ) (1472 1216 -512 ) (1456 1216 -512 ) 
4 177 276 (1472 1248 -512 ) (1504 1248 -512 ) (1504 1216 -512 ) (1472 1216 -512 ) 
4 177 179 (1232 1216 -512 ) (1504 1216 -512 ) (1504 1216 -400 ) (1232 1216 -400 ) 
4 178 815 (1024 1216 -400 ) (1024 1248 -400 ) (1024 1248 -512 ) (1024 1216 -512 ) 
4 179 378 (1216 1216 -512 ) (1344 1216 -512 ) (1344 1136 -512 ) (1216 1136 -512 ) 
4 179 376 (1344 1216 -512 ) (1456 1216 -512 ) (1456 1136 -512 ) (1344 1136 -512 ) 
4 179 278 (1456 1216 -512 ) (1472 1216 -512 ) (1472 1136 -512 ) (1456 1136 -512 ) 
4 179 276 (1472 1216 -512 ) (1504 1216 -512 ) (1504 1136 -512 ) (1472 1136 -512 ) 
4 179 180 (1216 1200 -512 ) (1216 1136 -512 ) (1216 1136 -400 ) (1216 1200 -400 ) 
4 180 819 (1024 1136 -400 ) (1024 1200 -400 ) (1024 1200 -512 ) (1024 1136 -512 ) 
4 180 379 (1024 1136 -512 ) (1024 1200 -512 ) (1216 1200 -512 ) (1216 1136 -512 ) 
4 181 1212 (1408 1024 -400 ) (1104 1024 -400 ) (1104 1024 -512 ) (1408 1024 -512 ) 
4 181 1213 (1104 1024 -400 ) (1024 1024 -400 ) (1024 1024 -512 ) (1104 1024 -512 ) 
4 181 1194 (1504 1024 -400 ) (1408 1024 -400 ) (1408 1024 -512 ) (1504 1024 -512 ) 
4 181 820 (1024 1024 -512 ) (1024 1024 -400 ) (1024 1120 -400 ) (1024 1120 -512 ) 
4 182 190 (2032 2024 -512 ) (2032 2048 -512 ) (2032 2048 -656 ) (2032 2024 -656 ) 
4 182 183 (2032 2024 -656 ) (2032 2048 -656 ) (2048 2048 -656 ) (2048 2024 -656 ) 
4 183 395 (2048 2048 -704 ) (2048 2024 -704 ) (2032 2024 -704 ) (2032 2048 -704 ) 
4 183 191 (2032 2048 -704 ) (2032 2024 -704 ) (2032 2024 -656 ) (2032 2048 -656 ) 
4 184 398 (2048 2008 -704 ) (2048 2000 -704 ) (2032 2000 -704 ) (2032 2008 -704 ) 
4 184 192 (2032 2008 -704 ) (2032 2000 -704 ) (2032 2000 -512 ) (2032 2008 -512 ) 
4 184 185 (2032 2000 -512 ) (2032 2000 -560 ) (2048 2000 -560 ) (2048 2000 -512 ) 
4 184 186 (2032 2000 -672 ) (2032 2000 -704 ) (2048 2000 -704 ) (2048 2000 -672 ) 
4 185 192 (2032 1984 -560 ) (2032 1984 -512 ) (2032 2000 -512 ) (2032 2000 -560 ) 
4 185 187 (2032 1984 -512 ) (2032 1984 -544 ) (2048 1984 -544 ) (2048 1984 -512 ) 
4 186 398 (2048 2000 -704 ) (2048 1984 -704 ) (2032 1984 -704 ) (2032 2000 -704 ) 
4 186 192 (2032 2000 -704 ) (2032 1984 -704 ) (2032 1984 -672 ) (2032 2000 -672 ) 
4 186 189 (2032 1984 -688 ) (2032 1984 -704 ) (2048 1984 -704 ) (2048 1984 -688 ) 
4 187 270 (2048 1600 -544 ) (2048 1600 -512 ) (2032 1600 -512 ) (2032 1600 -544 ) 
4 187 206 (2032 1600 -544 ) (2032 1600 -512 ) (2032 1616 -512 ) (2032 1616 -544 ) 
4 187 203 (2032 1616 -512 ) (2032 1824 -512 ) (2032 1824 -544 ) (2032 1616 -544 ) 
4 187 198 (2032 1840 -512 ) (2032 1936 -512 ) (2032 1936 -544 ) (2032 1840 -544 ) 
4 187 193 (2032 1952 -512 ) (2032 1984 -512 ) (2032 1984 -544 ) (2032 1952 -544 ) 
4 188 281 (2048 1600 -672 ) (2048 1600 -560 ) (2032 1600 -560 ) (2032 1600 -672 ) 
4 188 201 (2032 1936 -656 ) (2032 1936 -664 ) (2032 1840 -664 ) (2032 1840 -656 ) 
4 188 198 (2032 1840 -560 ) (2032 1936 -560 ) (2032 1936 -656 ) (2032 1840 -656 ) 
4 189 398 (2048 1984 -704 ) (2048 1600 -704 ) (2032 1600 -704 ) (2032 1984 -704 ) 
4 189 282 (2032 1600 -704 ) (2048 1600 -704 ) (2048 1600 -688 ) (2032 1600 -688 ) 
4 189 204 (2032 1824 -704 ) (2032 1616 -704 ) (2032 1616 -688 ) (2032 1824 -688 ) 
4 189 202 (2032 1840 -704 ) (2032 1824 -704 ) (2032 1824 -688 ) (2032 1840 -688 ) 
4 189 197 (2032 1936 -704 ) (2032 1840 -704 ) (2032 1840 -688 ) (2032 1936 -688 ) 
4 189 196 (2032 1952 -704 ) (2032 1936 -704 ) (2032 1936 -688 ) (2032 1952 -688 ) 
4 189 194 (2032 1984 -704 ) (2032 1952 -704 ) (2032 1952 -688 ) (2032 1984 -688 ) 
4 190 207 (1936 2024 -512 ) (1936 2048 -512 ) (1936 2048 -640 ) (1936 2024 -640 ) 
4 190 191 (1936 2024 -656 ) (1936 2048 -656 ) (2032 2048 -656 ) (2032 2024 -656 ) 
4 191 395 (1936 2024 -704 ) (1936 2048 -704 ) (2032 2048 -704 ) (2032 2024 -704 ) 
4 191 215 (1936 2048 -704 ) (1936 2024 -704 ) (1936 2024 -656 ) (1936 2048 -656 ) 
4 192 398 (2016 2008 -704 ) (2032 2008 -704 ) (2032 1984 -704 ) (2016 1984 -704 ) 
4 192 193 (2016 1984 -512 ) (2016 1984 -560 ) (2032 1984 -560 ) (2032 1984 -512 ) 
4 192 194 (2016 1984 -672 ) (2016 1984 -704 ) (2032 1984 -704 ) (2032 1984 -672 ) 
4 192 195 (2016 2008 -512 ) (2016 2008 -704 ) (2016 1984 -704 ) (2016 1984 -512 ) 
4 193 195 (2016 1952 -560 ) (2016 1952 -512 ) (2016 1984 -512 ) (2016 1984 -560 ) 
4 194 398 (2032 1984 -704 ) (2032 1952 -704 ) (2016 1952 -704 ) (2016 1984 -704 ) 
4 194 196 (2016 1952 -704 ) (2032 1952 -704 ) (2032 1952 -672 ) (2016 1952 -672 ) 
4 194 195 (2016 1984 -704 ) (2016 1952 -704 ) (2016 1952 -672 ) (2016 1984 -672 ) 
4 195 398 (1936 1952 -704 ) (1936 2008 -704 ) (2016 2008 -704 ) (2016 1952 -704 ) 
4 195 216 (1936 2008 -704 ) (1936 1952 -704 ) (1936 1952 -656 ) (1936 2008 -656 ) 
4 195 196 (1936 1952 -672 ) (1936 1952 -704 ) (2016 1952 -704 ) (2016 1952 -672 ) 
4 196 398 (1936 1936 -704 ) (1936 1952 -704 ) (2032 1952 -704 ) (2032 1936 -704 ) 
4 196 216 (1936 1952 -704 ) (1936 1936 -704 ) (1936 1936 -672 ) (1936 1952 -672 ) 
4 196 197 (1936 1936 -672 ) (1936 1936 -704 ) (2032 1936 -704 ) (2032 1936 -672 ) 
4 197 398 (1936 1840 -704 ) (1936 1936 -704 ) (2032 1936 -704 ) (2032 1840 -704 ) 
4 197 216 (1936 1936 -704 ) (1936 1840 -704 ) (1936 1840 -656 ) (1936 1936 -656 ) 
4 197 208 (1936 1840 -640 ) (1936 1840 -608 ) (1936 1936 -608 ) (1936 1936 -640 ) 
4 197 202 (1936 1840 -672 ) (1936 1840 -704 ) (2032 1840 -704 ) (2032 1840 -672 ) 
4 197 200 (1984.005859 1936 -640 ) (1936 1936 -607.996094 ) (1936 1840 -607.996094 ) (1984.005859 1840 -640 ) 
4 198 201 (2032 1840 -656 ) (2020 1840 -656 ) (2020 1936 -656 ) (2032 1936 -656 ) 
4 198 199 (2008 1936 -512 ) (2008 1936 -648 ) (2008 1840 -648 ) (2008 1840 -512 ) 
4 199 200 (1996 1936 -512 ) (1996 1936 -640 ) (1996 1840 -640 ) (1996 1840 -512 ) 
4 200 208 (1936 1840 -608 ) (1936 1840 -512 ) (1936 1936 -512 ) (1936 1936 -608 ) 
4 202 398 (1936 1824 -704 ) (1936 1840 -704 ) (2032 1840 -704 ) (2032 1824 -704 ) 
4 202 216 (1936 1840 -704 ) (1936 1824 -704 ) (1936 1824 -672 ) (1936 1840 -672 ) 
4 202 204 (2016 1824 -704 ) (2032 1824 -704 ) (2032 1824 -672 ) (2016 1824 -672 ) 
4 202 205 (1936 1824 -672 ) (1936 1824 -704 ) (2016 1824 -704 ) (2016 1824 -672 ) 
4 203 206 (2032 1616 -560 ) (2032 1616 -512 ) (2016 1616 -512 ) (2016 1616 -560 ) 
4 203 205 (2016 1824 -512 ) (2016 1824 -560 ) (2016 1616 -560 ) (2016 1616 -512 ) 
4 204 398 (2016 1824 -704 ) (2032 1824 -704 ) (2032 1616 -704 ) (2016 1616 -704 ) 
4 204 205 (2016 1824 -672 ) (2016 1824 -704 ) (2016 1616 -704 ) (2016 1616 -672 ) 
4 205 398 (1936 1616 -704 ) (1936 1824 -704 ) (2016 1824 -704 ) (2016 1616 -704 ) 
4 205 216 (1936 1824 -704 ) (1936 1696 -704 ) (1936 1696 -656 ) (1936 1824 -656 ) 
4 205 206 (1936 1616 -512 ) (1936 1616 -560 ) (2016 1616 -560 ) (2016 1616 -512 ) 
4 206 272 (2032 1600 -544 ) (2032 1600 -512 ) (1936 1600 -512 ) (1936 1600 -544 ) 
4 207 209 (1920 2048 -640 ) (1920 2024 -640 ) (1920 2024 -512 ) (1920 2048 -512 ) 
4 208 209 (1920 1936 -640 ) (1920 1840 -640 ) (1920 1840 -512 ) (1920 1936 -512 ) 
4 209 210 (1808 1696 -512 ) (1808 1696 -640 ) (1920 1696 -640 ) (1920 1696 -512 ) 
4 210 212 (1808 1684 -512 ) (1808 1684 -640 ) (1920 1684 -640 ) (1920 1684 -512 ) 
4 211 219 (1808 1684 -656 ) (1808 1696 -656 ) (1920 1696 -656 ) (1920 1684 -656 ) 
4 211 213 (1808 1684 -648 ) (1808 1684 -656 ) (1920 1684 -656 ) (1920 1684 -648 ) 
4 212 214 (1808 1672 -512 ) (1808 1672 -648 ) (1920 1672 -648 ) (1920 1672 -512 ) 
4 213 219 (1808 1672 -656 ) (1808 1684 -656 ) (1920 1684 -656 ) (1920 1672 -656 ) 
4 214 302 (1888 1600 -656 ) (1920 1600 -656 ) (1920 1600 -576 ) (1888 1600 -576 ) 
4 214 303 (1808 1600 -576 ) (1808 1600 -656 ) (1888 1600 -656 ) (1888 1600 -576 ) 
4 214 223 (1808 1612 -656 ) (1808 1624 -656 ) (1920 1624 -656 ) (1920 1612 -656 ) 
4 214 224 (1808 1600 -656 ) (1808 1612 -656 ) (1920 1612 -656 ) (1920 1600 -656 ) 
4 214 222 (1808 1624 -656 ) (1808 1636 -656 ) (1920 1636 -656 ) (1920 1624 -656 ) 
4 214 220 (1808 1648 -656 ) (1808 1660 -656 ) (1920 1660 -656 ) (1920 1648 -656 ) 
4 214 221 (1808 1636 -656 ) (1808 1648 -656 ) (1920 1648 -656 ) (1920 1636 -656 ) 
4 215 395 (1922.735718 2048 -704 ) (1936 2048 -704 ) (1936 2024 -704 ) (1922.735718 2024 -704 ) 
4 216 398 (1920 1696 -704 ) (1920 2008 -704 ) (1936 2008 -704 ) (1936 1696 -704 ) 
4 216 219 (1920 2008 -704 ) (1920 1696 -704 ) (1920 1696 -656 ) (1920 2008 -656 ) 
4 217 396 (1808 2024 -704 ) (1808 2048 -704 ) (1906.735718 2048 -704 ) (1906.735718 2024 -704 ) 
4 217 225 (1808 2048 -704 ) (1808 2024 -704 ) (1808 2024 -656 ) (1808 2048 -656 ) 
4 217 218 (1920 2024 -656 ) (1808 2024 -656 ) (1808 2024 -704 ) (1906.735718 2024 -704 ) 
4 218 397 (1808 2008 -704 ) (1808 2024 -704 ) (1906.736816 2024 -704 ) (1906.736938 2008 -704 ) 
4 218 225 (1808 2024 -704 ) (1808 2008 -704 ) (1808 2008 -656 ) (1808 2024 -656 ) 
4 218 219 (1920 2008 -656 ) (1808 2008 -656 ) (1808 2008 -704 ) (1906.736816 2008 -704 ) 
4 219 398 (1920 1600 -704 ) (1808 1600 -704 ) (1808 2008 -704 ) (1920 2008 -704 ) 
4 219 225 (1808 2008 -704 ) (1808 1696 -704 ) (1808 1696 -656 ) (1808 2008 -656 ) 
4 220 221 (1920 1648 -664 ) (1920 1648 -656 ) (1808 1648 -656 ) (1808 1648 -664 ) 
4 221 222 (1920 1636 -672 ) (1920 1636 -656 ) (1808 1636 -656 ) (1808 1636 -672 ) 
4 222 223 (1920 1624 -680 ) (1920 1624 -656 ) (1808 1624 -656 ) (1808 1624 -680 ) 
4 223 224 (1920 1612 -688 ) (1920 1612 -656 ) (1808 1612 -656 ) (1808 1612 -688 ) 
4 224 302 (1920 1600 -696 ) (1920 1600 -656 ) (1888 1600 -656 ) (1888 1600 -696 ) 
4 224 303 (1888 1600 -656 ) (1808 1600 -656 ) (1808 1600 -696 ) (1888 1600 -696 ) 
4 225 397 (1792 2008 -704 ) (1792 2024 -704 ) (1808 2024 -704 ) (1808 2008 -704 ) 
4 225 398 (1792 1696 -704 ) (1792 2008 -704 ) (1808 2008 -704 ) (1808 1696 -704 ) 
4 225 396 (1792 2024 -704 ) (1792 2048 -704 ) (1808 2048 -704 ) (1808 2024 -704 ) 
4 225 239 (1792 2048 -704 ) (1792 1696 -704 ) (1792 1696 -656 ) (1792 2048 -656 ) 
4 226 229 (1360 1888 -528 ) (1360 2048 -528 ) (1792 2048 -528 ) (1792 1888 -528 ) 
4 226 227 (1360 2048 -528 ) (1360 1888 -528 ) (1360 1888 -512 ) (1360 2048 -512 ) 
4 227 229 (1168 1888 -528 ) (1168 2048 -528 ) (1360 2048 -528 ) (1360 1888 -528 ) 
4 227 228 (1168 2048 -528 ) (1168 1888 -528 ) (1168 1888 -512 ) (1168 2048 -512 ) 
4 228 645 (1024 1984 -512 ) (1024 2048 -512 ) (1024 2048 -515 ) (1024 2032.005981 -515 ) 
4 228 642 (1024 1960 -512 ) (1024 1984 -512 ) (1024 2032.005981 -515 ) (1024 1972.001465 -515 ) 
4 228 641 (1024 1888 -512 ) (1024 1960 -512 ) (1024 1972.001465 -515 ) (1024 1888 -515 ) 
4 228 640 (1024 2048 -515 ) (1024 2048 -528 ) (1024 1888 -528 ) (1024 1888 -515 ) 
4 228 229 (1024 1888 -528 ) (1024 2048 -528 ) (1168 2048 -528 ) (1168 1888 -528 ) 
4 229 640 (1024 2048 -528 ) (1024 2048 -530 ) (1024 1888 -530 ) (1024 1888 -528 ) 
4 229 639 (1024 2048 -530 ) (1024 2048 -640 ) (1024 1888 -640 ) (1024 1888 -530 ) 
4 229 238 (1024 1984 -640 ) (1024 2048 -640 ) (1696 2048 -640 ) (1696 1984 -640 ) 
4 229 230 (1552 1888 -640 ) (1744 1888 -640 ) (1744 1888 -528 ) (1552 1888 -528 ) 
4 229 231 (1024 1888 -640 ) (1088 1888 -640 ) (1088 1888 -528 ) (1024 1888 -528 ) 
4 230 232 (1552 1872 -640 ) (1744 1872 -640 ) (1744 1872 -528 ) (1552 1872 -528 ) 
4 231 647 (1024 1888 -640 ) (1024 1872 -640 ) (1024 1872 -528 ) (1024 1888 -528 ) 
4 231 232 (1024 1872 -640 ) (1088 1872 -640 ) (1088 1872 -528 ) (1024 1872 -528 ) 
4 232 649 (1024 1872 -640 ) (1024 1792 -640 ) (1024 1792 -528 ) (1024 1872 -528 ) 
4 232 235 (1360 1792 -640 ) (1552 1792 -640 ) (1552 1792 -560 ) (1360 1792 -560 ) 
4 232 236 (1024 1792 -640 ) (1216 1792 -640 ) (1216 1792 -560 ) (1024 1792 -560 ) 
4 232 234 (1696 1792 -640 ) (1792 1792 -640 ) (1792 1792 -560 ) (1696 1792 -560 ) 
4 232 233 (1792 1792 -560 ) (1792 1792 -528 ) (1024 1792 -528 ) (1024 1792 -560 ) 
4 233 649 (1024 1760 -560 ) (1024 1760 -528 ) (1024 1792 -528 ) (1024 1792 -560 ) 
4 233 235 (1552 1760 -560 ) (1360 1760 -560 ) (1360 1792 -560 ) (1552 1792 -560 ) 
4 233 236 (1216 1760 -560 ) (1024 1760 -560 ) (1024 1792 -560 ) (1216 1792 -560 ) 
4 233 234 (1792 1760 -560 ) (1696 1760 -560 ) (1696 1792 -560 ) (1792 1792 -560 ) 
4 233 237 (1792 1760 -560 ) (1792 1760 -528 ) (1024 1760 -528 ) (1024 1760 -560 ) 
4 234 237 (1696 1760 -640 ) (1792 1760 -640 ) (1792 1760 -560 ) (1696 1760 -560 ) 
4 235 237 (1360 1760 -640 ) (1552 1760 -640 ) (1552 1760 -560 ) (1360 1760 -560 ) 
4 236 649 (1024 1792 -640 ) (1024 1760 -640 ) (1024 1760 -560 ) (1024 1792 -560 ) 
4 236 237 (1024 1760 -640 ) (1216 1760 -640 ) (1216 1760 -560 ) (1024 1760 -560 ) 
4 237 649 (1024 1760 -640 ) (1024 1696 -640 ) (1024 1696 -528 ) (1024 1760 -528 ) 
4 237 263 (1240 1696 -560 ) (1252 1696 -560 ) (1252 1696 -552 ) (1240 1696 -552 ) 
4 237 262 (1252 1696 -568 ) (1264 1696 -568 ) (1264 1696 -552 ) (1252 1696 -552 ) 
4 237 261 (1264 1696 -576 ) (1276 1696 -576 ) (1276 1696 -552 ) (1264 1696 -552 ) 
4 237 259 (1228 1696 -552 ) (1276 1696 -552 ) (1276 1696 -544 ) (1228 1696 -544 ) 
4 237 257 (1216 1696 -528 ) (1204 1696 -528 ) (1204 1696 -536 ) (1216 1696 -536 ) 
4 237 256 (1276 1696 -528 ) (1216 1696 -528 ) (1216 1696 -544 ) (1276 1696 -544 ) 
4 237 255 (1312 1696 -608 ) (1324 1696 -608 ) (1324 1696 -600 ) (1312 1696 -600 ) 
4 237 254 (1288 1696 -528 ) (1276 1696 -528 ) (1276 1696 -584 ) (1288 1696 -584 ) 
4 237 253 (1300 1696 -528 ) (1288 1696 -528 ) (1288 1696 -592 ) (1300 1696 -592 ) 
4 237 252 (1324 1696 -528 ) (1300 1696 -528 ) (1300 1696 -600 ) (1324 1696 -600 ) 
4 237 251 (1336 1696 -528 ) (1324 1696 -528 ) (1324 1696 -616 ) (1336 1696 -616 ) 
4 237 250 (1348 1696 -528 ) (1336 1696 -528 ) (1336 1696 -624 ) (1348 1696 -624 ) 
4 237 249 (1360 1696 -528 ) (1348 1696 -528 ) (1348 1696 -632 ) (1360 1696 -632 ) 
4 237 247 (1792 1696 -640 ) (1792 1696 -528 ) (1360 1696 -528 ) (1360 1696 -640 ) 
4 237 244 (1192 1696 -528 ) (1168 1696 -528 ) (1168 1696 -640 ) (1360 1696 -640 ) 
4 237 245 (1152 1696 -528 ) (1024 1696 -528 ) (1024 1696 -640 ) (1152 1696 -640 ) 
4 238 702 (1024 2048 -640 ) (1024 2048 -656 ) (1024 1984 -656 ) (1024 1984 -640 ) 
4 238 240 (1024 1984 -656 ) (1024 2048 -656 ) (1696 2048 -656 ) (1696 1984 -656 ) 
4 239 397 (1792 2024 -704 ) (1792 2008 -704 ) (1696 2008 -704 ) (1696 2024 -704 ) 
4 239 398 (1792 2008 -704 ) (1792 1696 -704 ) (1696 1696 -704 ) (1696 2008 -704 ) 
4 239 396 (1696 2048 -704 ) (1792 2048 -704 ) (1792 2024 -704 ) (1696 2024 -704 ) 
4 239 248 (1696 1696 -704 ) (1792 1696 -704 ) (1792 1696 -656 ) (1696 1696 -656 ) 
4 239 240 (1696 1984 -672 ) (1696 1984 -656 ) (1696 2048 -656 ) (1696 2048 -672 ) 
4 239 241 (1696 2048 -704 ) (1696 1984 -704 ) (1696 1984 -688 ) (1696 2048 -688 ) 
4 239 242 (1696 1984 -704 ) (1696 1696 -704 ) (1696 1696 -656 ) (1696 1984 -656 ) 
4 240 718 (1024 2048 -656 ) (1024 2048 -672 ) (1024 1984 -672 ) (1024 1984 -656 ) 
4 240 242 (1696 1984 -672 ) (1696 1984 -656 ) (1024 1984 -656 ) (1024 1984 -672 ) 
4 241 719 (1024 2048 -688 ) (1024 2048 -704 ) (1024 1984 -704 ) (1024 1984 -688 ) 
4 241 397 (1024 2008 -704 ) (1024 2024 -704 ) (1696 2024 -704 ) (1696 2008 -704 ) 
4 241 398 (1024 1984 -704 ) (1024 2008 -704 ) (1696 2008 -704 ) (1696 1984 -704 ) 
4 241 396 (1024 2024 -704 ) (1024 2048 -704 ) (1696 2048 -704 ) (1696 2024 -704 ) 
4 241 242 (1024 1984 -704 ) (1696 1984 -704 ) (1696 1984 -688 ) (1024 1984 -688 ) 
4 242 723 (1024 1776 -704 ) (1024 1696 -704 ) (1024 1696 -656 ) (1024 1776 -656 ) 
4 242 720 (1024 1984 -704 ) (1024 1776 -704 ) (1024 1776 -656 ) (1024 1984 -656 ) 
4 242 398 (1024 1696 -704 ) (1024 1984 -704 ) (1696 1984 -704 ) (1696 1696 -704 ) 
4 242 248 (1456 1696 -704 ) (1696 1696 -704 ) (1696 1696 -656 ) (1384 1696 -656 ) 
4 242 246 (1024 1696 -704 ) (1456 1696 -704 ) (1384 1696 -656 ) (1024 1696 -656 ) 
4 243 244 (1168 1696 -528 ) (1191.998047 1696 -528 ) (1191.998047 1648 -528 ) (1168 1648 -528 ) 
4 245 649 (1024 1696 -528 ) (1024 1696 -640 ) (1024 1648 -640 ) (1024 1648 -528 ) 
4 246 723 (1024 1696 -656 ) (1024 1696 -704 ) (1024 1648 -704 ) (1024 1648 -656 ) 
4 246 398 (1024 1648 -704 ) (1024 1696 -704 ) (1456 1696 -704 ) (1456 1648 -704 ) 
4 246 266 (1024 1648 -704 ) (1456 1648 -704 ) (1384 1648 -656 ) (1024 1648 -656 ) 
4 246 248 (1456.005859 1696 -704 ) (1384.005859 1696 -656 ) (1384 1648 -656 ) (1456 1648 -704 ) 
4 247 249 (1360 1696 -528 ) (1360 1696 -632 ) (1360 1648 -632 ) (1360 1648 -528 ) 
4 248 398 (1456 1696 -704 ) (1792 1696 -704 ) (1792 1648 -704 ) (1456 1648 -704 ) 
4 248 266 (1456 1648 -704 ) (1792 1648 -704 ) (1792 1648 -656 ) (1384 1648 -656 ) 
4 249 250 (1348 1696 -512 ) (1348 1696 -624 ) (1348 1648 -624 ) (1348 1648 -512 ) 
4 250 251 (1336 1696 -512 ) (1336 1696 -616 ) (1336 1648 -616 ) (1336 1648 -512 ) 
4 251 255 (1324 1696 -600 ) (1324 1696 -608 ) (1324 1648 -608 ) (1324 1648 -600 ) 
4 251 252 (1324 1696 -512 ) (1324 1696 -600 ) (1324 1648 -600 ) (1324 1648 -512 ) 
4 252 255 (1312 1696 -600 ) (1324 1696 -600 ) (1324 1648 -600 ) (1312 1648 -600 ) 
4 252 253 (1300 1696 -512 ) (1300 1696 -592 ) (1300 1648 -592 ) (1300 1648 -512 ) 
4 253 254 (1288 1696 -512 ) (1288 1696 -584 ) (1288 1648 -584 ) (1288 1648 -512 ) 
4 254 261 (1276 1696 -552 ) (1276 1696 -576 ) (1276 1648 -576 ) (1276 1648 -552 ) 
4 254 259 (1276 1696 -544 ) (1276 1696 -552 ) (1276 1648 -552 ) (1276 1648 -544 ) 
4 254 256 (1276 1696 -512 ) (1276 1696 -544 ) (1276 1648 -544 ) (1276 1648 -512 ) 
4 256 259 (1228 1696 -544 ) (1276 1696 -544 ) (1276 1648 -544 ) (1228 1648 -544 ) 
4 256 257 (1216 1696 -512 ) (1216 1696 -536 ) (1216 1648 -536 ) (1216 1648 -512 ) 
4 257 258 (1204 1696 -512 ) (1204 1696 -528 ) (1204 1648 -528 ) (1204 1648 -512 ) 
4 258 260 (1192 1696 -512 ) (1192 1696 -520 ) (1192 1648 -520 ) (1192 1648 -512 ) 
4 259 263 (1240 1696 -552 ) (1252 1696 -552 ) (1252 1648 -552 ) (1240 1648 -552 ) 
4 259 262 (1252 1696 -552 ) (1264 1696 -552 ) (1264 1648 -552 ) (1252 1648 -552 ) 
4 259 261 (1264 1696 -552 ) (1276 1696 -552 ) (1276 1648 -552 ) (1264 1648 -552 ) 
4 261 262 (1264 1648 -568 ) (1264 1648 -552 ) (1264 1696 -552 ) (1264 1696 -568 ) 
4 262 263 (1252 1648 -560 ) (1252 1648 -552 ) (1252 1696 -552 ) (1252 1696 -560 ) 
4 264 344 (1216 1600 -512 ) (1168 1600 -512 ) (1168 1600 -528 ) (1216 1600 -528 ) 
4 264 343 (1312 1600 -512 ) (1216 1600 -512 ) (1216 1600 -528 ) (1312 1600 -528 ) 
4 264 337 (1360 1600 -512 ) (1312 1600 -512 ) (1312 1600 -528 ) (1360 1600 -528 ) 
4 264 321 (1456 1600 -512 ) (1360 1600 -512 ) (1360 1600 -528 ) (1456 1600 -528 ) 
4 264 277 (1472 1600 -512 ) (1456 1600 -512 ) (1456 1600 -528 ) (1472 1600 -528 ) 
4 264 276 (1792 1600 -528 ) (1792 1600 -512 ) (1472 1600 -512 ) (1472 1600 -528 ) 
4 264 268 (1792 1616 -528 ) (1792 1600 -528 ) (1168 1600 -528 ) (1168 1616 -528 ) 
4 264 267 (1792 1632 -528 ) (1792 1616 -528 ) (1168 1616 -528 ) (1168 1632 -528 ) 
4 265 686 (1024 1600 -512 ) (1024 1632 -512 ) (1024 1632 -528 ) (1024 1600 -528 ) 
4 265 345 (1072 1600 -512 ) (1024 1600 -512 ) (1024 1600 -528 ) (1072 1600 -528 ) 
4 265 268 (1072 1600 -528 ) (1024 1600 -528 ) (1024 1616 -528 ) (1072 1616 -528 ) 
4 265 267 (1024 1616 -528 ) (1024 1632 -528 ) (1072 1632 -528 ) (1072 1616 -528 ) 
4 266 729 (1024 1644 -704 ) (1024 1632 -704 ) (1024 1632 -656 ) (1024 1644 -656 ) 
4 266 723 (1024 1648 -656 ) (1024 1648 -704 ) (1024 1644 -704 ) (1024 1644 -656 ) 
4 266 703 (1024 1648 -640 ) (1024 1648 -656 ) (1024 1632 -656 ) (1024 1632 -640 ) 
4 266 398 (1024 1632 -704 ) (1024 1648 -704 ) (1792 1648 -704 ) (1792 1632 -704 ) 
4 266 267 (1024 1632 -704 ) (1792 1632 -704 ) (1792 1632 -640 ) (1024 1632 -640 ) 
4 267 729 (1024 1632 -704 ) (1024 1616 -704 ) (1024 1616 -656 ) (1024 1632 -656 ) 
4 267 703 (1024 1616 -656 ) (1024 1616 -640 ) (1024 1632 -640 ) (1024 1632 -656 ) 
4 267 687 (1024 1616 -640 ) (1024 1616 -576 ) (1024 1632 -576 ) (1024 1632 -640 ) 
4 267 686 (1024 1616 -576 ) (1024 1616 -528 ) (1024 1632 -528 ) (1024 1632 -576 ) 
4 267 398 (1024 1616 -704 ) (1024 1632 -704 ) (1792 1632 -704 ) (1792 1616 -704 ) 
4 267 269 (1024 1616 -704 ) (1296 1616 -704 ) (1296 1616 -576 ) (1024 1616 -576 ) 
4 267 268 (1792 1616 -576 ) (1792 1616 -528 ) (1024 1616 -528 ) (1024 1616 -576 ) 
4 268 686 (1024 1600 -576 ) (1024 1600 -528 ) (1024 1616 -528 ) (1024 1616 -576 ) 
4 268 349 (1312 1600 -528 ) (1024 1600 -528 ) (1024 1600 -576 ) (1312 1600 -576 ) 
4 268 337 (1360 1600 -528 ) (1312 1600 -528 ) (1312 1600 -560 ) (1360 1600 -560 ) 
4 268 321 (1456 1600 -528 ) (1360 1600 -528 ) (1360 1600 -560 ) (1456 1600 -560 ) 
4 268 277 (1472 1600 -528 ) (1456 1600 -528 ) (1456 1600 -560 ) (1472 1600 -560 ) 
4 268 276 (1792 1600 -560 ) (1792 1600 -528 ) (1472 1600 -528 ) (1472 1600 -560 ) 
4 268 269 (1024 1616 -576 ) (1296 1616 -576 ) (1249.599854 1600 -576 ) (1024 1600 -576 ) 
4 269 729 (1024 1616 -704 ) (1024 1600 -704 ) (1024 1600 -656 ) (1024 1616 -656 ) 
4 269 703 (1024 1600 -656 ) (1024 1600 -640 ) (1024 1616 -640 ) (1024 1616 -656 ) 
4 269 687 (1024 1600 -640 ) (1024 1600 -576 ) (1024 1616 -576 ) (1024 1616 -640 ) 
4 269 398 (1249.599854 1600 -704 ) (1024 1600 -704 ) (1024 1616 -704 ) (1296 1616 -704 ) 
4 269 350 (1024 1600 -704 ) (1249.599854 1600 -704 ) (1249.599854 1600 -576 ) (1024 1600 -576 ) 
4 270 272 (2032 1600 -512 ) (2032 1600 -544 ) (2032 1504 -544 ) (2032 1504 -512 ) 
4 270 273 (2032 1504 -544 ) (2032 1456 -544 ) (2032 1456 -512 ) (2032 1504 -512 ) 
4 270 271 (2032 1456 -512 ) (2032 1456 -544 ) (2048 1456 -544 ) (2048 1456 -512 ) 
4 271 1189 (2048 1024 -560 ) (2048 1024 -512 ) (2032 1024 -512 ) (2032 1024 -560 ) 
4 271 284 (2048 1024 -560 ) (2032 1024 -560 ) (2032 1440 -560 ) (2048 1440 -560 ) 
4 271 273 (2032 1456 -560 ) (2032 1024 -560 ) (2032 1024 -512 ) (2032 1456 -512 ) 
4 272 274 (1936 1600 -512 ) (1936 1600 -544 ) (1936 1504 -544 ) (1936 1504 -512 ) 
4 272 273 (1936 1504 -512 ) (1936 1504 -544 ) (2032 1504 -544 ) (2032 1504 -512 ) 
4 273 1189 (2032 1024 -512 ) (1936 1024 -512 ) (1936 1024 -560 ) (2032 1024 -560 ) 
4 273 294 (1952 1024 -560 ) (1936 1024 -560 ) (1936 1296 -560 ) (1952 1296 -560 ) 
4 273 292 (2032 1024 -560 ) (2016 1024 -560 ) (2016 1456 -560 ) (2032 1456 -560 ) 
4 273 293 (2016 1024 -560 ) (1952 1024 -560 ) (1952 1488 -560 ) (2016 1488 -560 ) 
4 273 274 (1936 1504 -560 ) (1936 1024 -560 ) (1936 1024 -512 ) (1936 1504 -512 ) 
4 274 1189 (1936 1024 -512 ) (1920 1024 -512 ) (1920 1024 -560 ) (1936 1024 -560 ) 
4 274 296 (1936 1024 -560 ) (1920 1024 -560 ) (1920 1312 -560 ) (1936 1312 -560 ) 
4 274 275 (1920 1584 -560 ) (1920 1024 -560 ) (1920 1024 -512 ) (1920 1584 -512 ) 
4 275 1189 (1920 1024 -512 ) (1808 1024 -512 ) (1808 1024 -560 ) (1920 1024 -560 ) 
4 275 297 (1920 1024 -560 ) (1808 1024 -560 ) (1808 1040 -560 ) (1920 1040 -560 ) 
4 275 279 (1808 1120 -560 ) (1808 1024 -560 ) (1808 1024 -512 ) (1808 1120 -512 ) 
4 275 276 (1808 1584 -560 ) (1808 1120 -560 ) (1808 1120 -512 ) (1808 1584 -512 ) 
4 276 300 (1600 1168 -560 ) (1472 1168 -560 ) (1472 1488 -560 ) (1600 1488 -560 ) 
4 276 299 (1696 1488 -560 ) (1696 1408 -560 ) (1600 1408 -560 ) (1600 1488 -560 ) 
4 276 298 (1696 1504 -560 ) (1696 1488 -560 ) (1472 1488 -560 ) (1472 1504 -560 ) 
4 276 295 (1792 1408 -560 ) (1696 1408 -560 ) (1696 1504 -560 ) (1792 1504 -560 ) 
4 276 280 (1472 1120 -560 ) (1504 1120 -560 ) (1504 1120 -528 ) (1472 1120 -528 ) 
4 276 279 (1504 1120 -560 ) (1808 1120 -560 ) (1808 1120 -512 ) (1504 1120 -512 ) 
4 276 277 (1472 1600 -512 ) (1472 1600 -560 ) (1472 1488 -560 ) (1472 1488 -512 ) 
4 276 278 (1472 1248 -560 ) (1472 1120 -560 ) (1472 1120 -512 ) (1472 1248 -512 ) 
4 277 321 (1456 1600 -512 ) (1456 1600 -560 ) (1456 1504 -560 ) (1456 1504 -512 ) 
4 277 298 (1456 1488 -560 ) (1456 1504 -560 ) (1472 1504 -560 ) (1472 1488 -560 ) 
4 278 376 (1456 1248 -560 ) (1456 1120 -560 ) (1456 1120 -512 ) (1456 1248 -512 ) 
4 278 301 (1456 1168 -560 ) (1456 1248 -560 ) (1472 1248 -560 ) (1472 1168 -560 ) 
4 278 280 (1456 1120 -528 ) (1456 1120 -560 ) (1472 1120 -560 ) (1472 1120 -528 ) 
4 279 1190 (1520 1024 -512 ) (1504 1024 -512 ) (1504 1024 -560 ) (1520 1024 -560 ) 
4 279 1189 (1808 1024 -512 ) (1520 1024 -512 ) (1520 1024 -560 ) (1808 1024 -560 ) 
4 279 297 (1808 1024 -560 ) (1696 1024 -560 ) (1696 1040 -560 ) (1808 1040 -560 ) 
4 279 280 (1504 1120 -528 ) (1504 1120 -560 ) (1504 1024 -560 ) (1504 1024 -528 ) 
4 280 1204 (1456 1024 -528 ) (1456 1024 -560 ) (1504 1024 -560 ) (1504 1024 -528 ) 
4 280 383 (1456 1056 -560 ) (1456 1024 -560 ) (1456 1024 -528 ) (1456 1056 -528 ) 
4 280 377 (1456 1120 -560 ) (1456 1056 -560 ) (1456 1056 -528 ) (1456 1120 -528 ) 
4 281 286 (2032 1504 -560 ) (2032 1600 -560 ) (2032 1600 -672 ) (2032 1504 -672 ) 
4 282 399 (2048 1600 -704 ) (2048 1456 -704 ) (2032 1456 -704 ) (2032 1600 -704 ) 
4 282 291 (2032 1488 -704 ) (2032 1456 -704 ) (2032 1456 -688 ) (2032 1488 -688 ) 
4 282 285 (2032 1600 -688 ) (2032 1600 -704 ) (2032 1504 -704 ) (2032 1504 -688 ) 
4 282 283 (2032 1456 -688 ) (2032 1456 -704 ) (2048 1456 -704 ) (2048 1456 -688 ) 
4 283 399 (2048 1456 -704 ) (2048 1440 -704 ) (2032 1440 -704 ) (2032 1456 -704 ) 
4 283 292 (2032 1456 -672 ) (2032 1456 -704 ) (2032 1440 -704 ) (2032 1440 -672 ) 
4 283 284 (2032 1440 -672 ) (2032 1440 -704 ) (2048 1440 -704 ) (2048 1440 -672 ) 
4 284 1240 (2048 1024 -704 ) (2048 1024 -576 ) (2032 1024 -576 ) (2032 1024 -704 ) 
4 284 1223 (2048 1024 -576 ) (2048 1024 -560 ) (2032 1024 -560 ) (2032 1024 -576 ) 
4 284 399 (2048 1440 -704 ) (2048 1024 -704 ) (2032 1024 -704 ) (2032 1440 -704 ) 
4 284 292 (2032 1024 -560 ) (2032 1440 -560 ) (2032 1440 -704 ) (2032 1024 -704 ) 
4 285 399 (1984 1600 -704 ) (2032 1600 -704 ) (2032 1504 -704 ) (1984 1504 -704 ) 
4 286 287 (2020 1504 -672 ) (2020 1504 -560 ) (2020 1600 -560 ) (2020 1600 -672 ) 
4 287 288 (2008 1504 -680 ) (2008 1504 -560 ) (2008 1600 -560 ) (2008 1600 -680 ) 
4 288 289 (1996 1504 -688 ) (1996 1504 -560 ) (1996 1600 -560 ) (1996 1600 -688 ) 
4 289 302 (1936 1600 -576 ) (1936 1600 -696 ) (1936 1504 -696 ) (1936 1504 -576 ) 
4 289 290 (1984 1504 -696 ) (1936 1504 -696 ) (1936 1600 -696 ) (1984 1600 -696 ) 
4 290 399 (1936 1504 -704 ) (1936 1600 -704 ) (1984 1600 -704 ) (1984 1504 -704 ) 
4 290 302 (1936 1600 -696 ) (1936 1600 -704 ) (1936 1504 -704 ) (1936 1504 -696 ) 
4 291 399 (2016 1456 -704 ) (2016 1488 -704 ) (2032 1488 -704 ) (2032 1456 -704 ) 
4 291 292 (2016 1456 -672 ) (2016 1456 -704 ) (2032 1456 -704 ) (2032 1456 -672 ) 
4 291 293 (2016 1488 -672 ) (2016 1488 -704 ) (2016 1456 -704 ) (2016 1456 -672 ) 
4 292 1240 (2016 1024 -576 ) (2016 1024 -704 ) (2032 1024 -704 ) (2032 1024 -576 ) 
4 292 1223 (2032 1024 -560 ) (2016 1024 -560 ) (2016 1024 -576 ) (2032 1024 -576 ) 
4 292 399 (2032 1024 -704 ) (2016 1024 -704 ) (2016 1456 -704 ) (2032 1456 -704 ) 
4 292 293 (2016 1456 -704 ) (2016 1024 -704 ) (2016 1024 -560 ) (2016 1456 -560 ) 
4 293 1240 (1952 1024 -576 ) (1952 1024 -704 ) (2016 1024 -704 ) (2016 1024 -576 ) 
4 293 1223 (2016 1024 -560 ) (1952 1024 -560 ) (1952 1024 -576 ) (2016 1024 -576 ) 
4 293 399 (2016 1024 -704 ) (1952 1024 -704 ) (1952 1488 -704 ) (2016 1488 -704 ) 
4 293 294 (1952 1296 -704 ) (1952 1024 -704 ) (1952 1024 -560 ) (1952 1296 -560 ) 
4 294 1240 (1936 1024 -576 ) (1936 1024 -704 ) (1952 1024 -704 ) (1952 1024 -576 ) 
4 294 1223 (1952 1024 -560 ) (1936 1024 -560 ) (1936 1024 -576 ) (1952 1024 -576 ) 
4 294 399 (1952 1024 -704 ) (1936 1024 -704 ) (1936 1296 -704 ) (1952 1296 -704 ) 
4 294 296 (1936 1024 -560 ) (1936 1296 -560 ) (1936 1296 -576 ) (1936 1024 -576 ) 
4 295 306 (1696 1424 -576 ) (1696 1488 -576 ) (1776 1488 -576 ) (1776 1424 -576 ) 
4 295 299 (1696 1488 -576 ) (1696 1408 -576 ) (1696 1408 -560 ) (1696 1488 -560 ) 
4 295 298 (1696 1504 -576 ) (1696 1488 -576 ) (1696 1488 -560 ) (1696 1504 -560 ) 
4 296 1223 (1936 1024 -560 ) (1920 1024 -560 ) (1920 1024 -576 ) (1936 1024 -576 ) 
4 296 297 (1920 1040 -576 ) (1920 1024 -576 ) (1920 1024 -560 ) (1920 1040 -560 ) 
4 297 1223 (1920 1024 -560 ) (1696 1024 -560 ) (1696 1024 -576 ) (1920 1024 -576 ) 
4 298 300 (1472 1488 -576 ) (1600 1488 -576 ) (1600 1488 -560 ) (1472 1488 -560 ) 
4 298 299 (1600 1488 -576 ) (1696 1488 -576 ) (1696 1488 -560 ) (1600 1488 -560 ) 
4 299 306 (1600 1488 -576 ) (1696 1488 -576 ) (1696 1424 -576 ) (1600 1424 -576 ) 
4 299 300 (1600 1488 -560 ) (1600 1488 -576 ) (1600 1408 -576 ) (1600 1408 -560 ) 
4 300 311 (1472 1488 -576 ) (1584 1488 -576 ) (1584 1184 -576 ) (1472 1184 -576 ) 
4 300 306 (1584 1488 -576 ) (1600 1488 -576 ) (1600 1424 -576 ) (1584 1424 -576 ) 
4 300 301 (1472 1248 -576 ) (1472 1168 -576 ) (1472 1168 -560 ) (1472 1248 -560 ) 
4 301 376 (1456 1248 -576 ) (1456 1168 -576 ) (1456 1168 -560 ) (1456 1248 -560 ) 
4 301 312 (1456 1184 -576 ) (1456 1248 -576 ) (1472 1248 -576 ) (1472 1184 -576 ) 
4 302 303 (1888 1312 -576 ) (1888 1600 -576 ) (1888 1600 -704 ) (1888 1312 -704 ) 
4 303 307 (1792 1312 -576 ) (1792 1408 -576 ) (1792 1408 -704 ) (1792 1312 -704 ) 
4 303 305 (1792 1504 -576 ) (1792 1600 -576 ) (1792 1600 -704 ) (1792 1504 -704 ) 
4 303 304 (1792 1280 -576 ) (1792 1280 -704 ) (1888 1280 -704 ) (1888 1280 -576 ) 
4 304 313 (1792 1040 -576 ) (1792 1184 -576 ) (1792 1184 -704 ) (1792 1040 -704 ) 
4 304 308 (1792 1184 -576 ) (1792 1280 -576 ) (1792 1280 -704 ) (1792 1184 -704 ) 
4 305 336 (1456 1600 -696 ) (1456 1600 -704 ) (1456 1504 -704 ) (1456 1504 -696 ) 
4 305 334 (1456 1600 -680 ) (1456 1600 -696 ) (1456 1504 -696 ) (1456 1504 -680 ) 
4 305 330 (1456 1600 -648 ) (1456 1600 -680 ) (1456 1504 -680 ) (1456 1504 -648 ) 
4 305 322 (1456 1600 -576 ) (1456 1600 -648 ) (1456 1504 -648 ) (1456 1504 -576 ) 
4 306 400 (1600 1488 -704 ) (1776 1488 -704 ) (1776 1424 -704 ) (1600 1424 -704 ) 
4 306 401 (1584 1488 -704 ) (1600 1488 -704 ) (1600 1424 -704 ) (1584 1424 -704 ) 
4 306 311 (1584 1488 -576 ) (1584 1488 -704 ) (1584 1424 -704 ) (1584 1424 -576 ) 
4 307 310 (1696 1408 -576 ) (1696 1408 -704 ) (1696 1312 -704 ) (1696 1312 -576 ) 
4 308 313 (1792 1184 -704 ) (1792 1184 -576 ) (1712 1184 -576 ) (1712 1184 -704 ) 
4 308 309 (1712 1216 -704 ) (1712 1184 -704 ) (1712 1184 -576 ) (1712 1216 -576 ) 
4 309 314 (1712 1184 -576 ) (1696 1184 -576 ) (1696 1184 -704 ) (1712 1184 -704 ) 
4 309 310 (1696 1216 -704 ) (1696 1184 -704 ) (1696 1184 -576 ) (1696 1216 -576 ) 
4 310 315 (1696 1184 -576 ) (1600 1184 -576 ) (1600 1184 -704 ) (1696 1184 -704 ) 
4 311 401 (1472 1488 -704 ) (1584 1488 -704 ) (1584 1184 -704 ) (1472 1184 -704 ) 
4 311 312 (1472 1248 -704 ) (1472 1184 -704 ) (1472 1184 -576 ) (1472 1248 -576 ) 
4 312 401 (1456 1184 -704 ) (1456 1248 -704 ) (1472 1248 -704 ) (1472 1184 -704 ) 
4 312 387 (1456 1248 -704 ) (1456 1184 -704 ) (1456 1184 -576 ) (1456 1248 -576 ) 
4 313 314 (1712 1184 -576 ) (1712 1184 -704 ) (1712 1136 -704 ) (1712 1136 -576 ) 
4 314 315 (1696 1184 -576 ) (1696 1184 -704 ) (1696 1136 -704 ) (1696 1136 -576 ) 
4 315 317 (1696 1063.630127 -704 ) (1696 1063.630127 -576 ) (1600 1063.630127 -576 ) (1600 1063.630127 -704 ) 
4 315 316 (1600 1168 -704 ) (1600 1063.630127 -704 ) (1600 1063.630127 -576 ) (1600 1168 -576 ) 
4 316 317 (1600 1063.630127 -576 ) (1591.920166 1063.630127 -576 ) (1591.920166 1063.630127 -704 ) (1600 1063.630127 -704 ) 
4 316 319 (1559.920166 1063.630127 -576 ) (1456 1063.630127 -576 ) (1456 1063.630127 -704 ) (1559.920166 1063.630127 -704 ) 
4 317 1256 (1591.920166 1024 -704 ) (1656 1024 -704 ) (1656 1024 -576 ) (1591.920166 1024 -576 ) 
4 317 1254 (1656 1024 -704 ) (1664 1024 -704 ) (1664 1024 -656 ) (1656 1024 -656 ) 
4 317 1251 (1664 1024 -656 ) (1664 1024 -576 ) (1656 1024 -576 ) (1656 1024 -656 ) 
4 317 1241 (1664 1024 -704 ) (1696 1024 -704 ) (1696 1024 -576 ) (1664 1024 -576 ) 
4 317 318 (1591.920166 1031.630127 -704 ) (1591.920166 1024 -704 ) (1591.920166 1024 -576 ) (1591.920166 1031.630127 -576 ) 
4 318 1256 (1559.920166 1024 -704 ) (1591.920166 1024 -704 ) (1591.920166 1024 -576 ) (1559.920166 1024 -576 ) 
4 318 319 (1559.920166 1031.630127 -704 ) (1559.920166 1024 -704 ) (1559.920166 1024 -576 ) (1559.920166 1031.630127 -576 ) 
4 319 1267 (1456 1024 -576 ) (1456 1024 -704 ) (1504 1024 -704 ) (1504 1024 -576 ) 
4 319 1256 (1504 1024 -704 ) (1559.920166 1024 -704 ) (1559.920166 1024 -576 ) (1504 1024 -576 ) 
4 320 401 (1456 1504 -704 ) (1456 1360 -704 ) (1360 1360 -704 ) (1360 1504 -704 ) 
4 320 365 (1360 1360 -704 ) (1456 1360 -704 ) (1456 1360 -624 ) (1360 1360 -624 ) 
4 321 337 (1360 1600 -512 ) (1360 1600 -560 ) (1360 1504 -560 ) (1360 1504 -512 ) 
4 322 338 (1360 1600 -576 ) (1360 1600 -648 ) (1360 1504 -648 ) (1360 1504 -576 ) 
4 322 330 (1360 1504 -648 ) (1360 1600 -648 ) (1456 1600 -648 ) (1456 1504 -648 ) 
4 322 323 (1360 1504 -576 ) (1360 1504 -648 ) (1456 1504 -648 ) (1456 1504 -576 ) 
4 323 330 (1360 1488 -648 ) (1360 1504 -648 ) (1456 1504 -648 ) (1456 1488 -648 ) 
4 323 324 (1360 1488 -576 ) (1360 1488 -648 ) (1456 1488 -648 ) (1456 1488 -576 ) 
4 324 333 (1360 1432 -648 ) (1360 1444 -648 ) (1456 1444 -648 ) (1456 1432 -648 ) 
4 324 332 (1360 1444 -648 ) (1360 1456 -648 ) (1456 1456 -648 ) (1456 1444 -648 ) 
4 324 331 (1360 1456 -648 ) (1360 1468 -648 ) (1456 1468 -648 ) (1456 1456 -648 ) 
4 324 330 (1360 1468 -648 ) (1360 1488 -648 ) (1456 1488 -648 ) (1456 1468 -648 ) 
4 324 325 (1360 1420 -512 ) (1360 1420 -640 ) (1456 1420 -640 ) (1456 1420 -512 ) 
4 325 326 (1360 1408 -512 ) (1360 1408 -632 ) (1456 1408 -632 ) (1456 1408 -512 ) 
4 326 327 (1360 1396 -512 ) (1360 1396 -624 ) (1456 1396 -624 ) (1456 1396 -512 ) 
4 327 328 (1360 1384 -512 ) (1360 1384 -616 ) (1456 1384 -616 ) (1456 1384 -512 ) 
4 328 329 (1360 1372 -512 ) (1360 1372 -608 ) (1456 1372 -608 ) (1456 1372 -512 ) 
4 329 364 (1456 1360 -608 ) (1456 1360 -576 ) (1360 1360 -576 ) (1360 1360 -608 ) 
4 329 361 (1456 1360 -576 ) (1456 1360 -568 ) (1360 1360 -568 ) (1360 1360 -576 ) 
4 329 358 (1456 1360 -568 ) (1456 1360 -528 ) (1360 1360 -528 ) (1360 1360 -568 ) 
4 329 353 (1456 1360 -528 ) (1456 1360 -512 ) (1360 1360 -512 ) (1360 1360 -528 ) 
4 330 338 (1360 1600 -648 ) (1360 1600 -680 ) (1360 1504 -680 ) (1360 1504 -648 ) 
4 330 335 (1360 1480 -680 ) (1360 1492 -680 ) (1456 1492 -680 ) (1456 1480 -680 ) 
4 330 334 (1360 1492 -680 ) (1360 1600 -680 ) (1456 1600 -680 ) (1456 1492 -680 ) 
4 330 331 (1456 1468 -672 ) (1456 1468 -648 ) (1360 1468 -648 ) (1360 1468 -672 ) 
4 331 332 (1456 1456 -664 ) (1456 1456 -648 ) (1360 1456 -648 ) (1360 1456 -664 ) 
4 332 333 (1456 1444 -656 ) (1456 1444 -648 ) (1360 1444 -648 ) (1360 1444 -656 ) 
4 334 338 (1360 1600 -680 ) (1360 1600 -696 ) (1360 1504 -696 ) (1360 1504 -680 ) 
4 334 336 (1360 1504 -696 ) (1360 1600 -696 ) (1456 1600 -696 ) (1456 1504 -696 ) 
4 334 335 (1456 1492 -688 ) (1456 1492 -680 ) (1360 1492 -680 ) (1360 1492 -688 ) 
4 336 338 (1360 1600 -696 ) (1360 1600 -704 ) (1360 1504 -704 ) (1360 1504 -696 ) 
4 337 346 (1312 1600 -528 ) (1312 1600 -560 ) (1312 1504 -560 ) (1312 1504 -528 ) 
4 337 343 (1312 1600 -512 ) (1312 1600 -528 ) (1312 1504 -528 ) (1312 1504 -512 ) 
4 337 339 (1312 1504 -512 ) (1312 1504 -560 ) (1344 1504 -560 ) (1344 1504 -512 ) 
4 338 351 (1312 1600 -576 ) (1312 1600 -704 ) (1312 1504 -704 ) (1312 1504 -576 ) 
4 339 348 (1312 1488 -576 ) (1312 1488 -560 ) (1312 1504 -560 ) (1312 1504 -576 ) 
4 339 346 (1312 1488 -560 ) (1312 1488 -528 ) (1312 1504 -528 ) (1312 1504 -560 ) 
4 339 343 (1312 1488 -528 ) (1312 1488 -512 ) (1312 1504 -512 ) (1312 1504 -528 ) 
4 339 341 (1312 1488 -512 ) (1312 1488 -576 ) (1328 1488 -576 ) (1328 1488 -512 ) 
4 339 340 (1328 1488 -576 ) (1344 1488 -576 ) (1344 1488 -512 ) (1328 1488 -512 ) 
4 340 401 (1328 1488 -704 ) (1344 1488 -704 ) (1344 1376 -704 ) (1328 1376 -704 ) 
4 340 342 (1328 1376 -704 ) (1344 1376 -704 ) (1344 1376 -608 ) (1328 1376 -598 ) 
4 340 341 (1328 1488 -512 ) (1328 1488 -592 ) (1328 1376 -592 ) (1328 1376 -512 ) 
4 341 348 (1312 1376 -576 ) (1312 1376 -560 ) (1312 1488 -560 ) (1312 1488 -576 ) 
4 341 346 (1312 1376 -560 ) (1312 1376 -528 ) (1312 1488 -528 ) (1312 1488 -560 ) 
4 341 343 (1312 1376 -528 ) (1312 1376 -512 ) (1312 1488 -512 ) (1312 1488 -528 ) 
4 342 401 (1344 1360 -704 ) (1328 1360 -704 ) (1328 1376 -704 ) (1344 1376 -704 ) 
4 342 371 (1328 1360 -704 ) (1336 1360 -704 ) (1336 1360 -603 ) (1328 1360 -598 ) 
4 342 369 (1336 1360 -704 ) (1344 1360 -704 ) (1344 1360 -608 ) (1336 1360 -603 ) 
4 343 346 (1312 1599.997437 -528 ) (1312 1376 -528 ) (1216 1376 -528 ) (1216 1567.997559 -528 ) 
4 343 349 (1216 1600 -528 ) (1312 1600 -528 ) (1312 1599.997437 -528 ) (1216 1567.997559 -528 ) 
4 343 344 (1216 1600 -512 ) (1216 1600 -528 ) (1216 1504 -528 ) (1216 1504 -512 ) 
4 344 346 (1216 1567.997559 -528 ) (1216 1504 -528 ) (1168 1504 -528 ) (1168 1551.997437 -528 ) 
4 344 349 (1168 1600 -528 ) (1216 1600 -528 ) (1216 1567.997559 -528 ) (1168 1551.997437 -528 ) 
4 345 765 (1024 1504 -512 ) (1024 1520 -512 ) (1024 1520 -528 ) (1024 1504 -528 ) 
4 345 686 (1024 1520 -512 ) (1024 1600 -512 ) (1024 1600 -528 ) (1024 1520 -528 ) 
3 345 346 (1072 1519.997437 -528 ) (1072 1504 -528 ) (1024.007690 1504 -528 ) 
5 345 349 (1024 1600 -528 ) (1072 1600 -528 ) (1072 1519.997437 -528 ) (1024.007690 1504 -528 ) (1024 1504 -528 ) 
4 346 827 (1024 1376 -528 ) (1024 1503.997559 -528 ) (1024 1503.997559 -560 ) (1024 1376 -560 ) 
4 346 348 (1288 1591.997925 -560 ) (1312 1599.998047 -560 ) (1312 1376 -560 ) (1288 1376 -560 ) 
4 346 347 (1024 1376 -560 ) (1267.199951 1376 -560 ) (1216 1376 -528 ) (1024 1376 -528 ) 
4 346 349 (1024 1503.998657 -560 ) (1024 1504 -528 ) (1312 1600 -528 ) (1312 1599.998657 -560 ) 
4 347 827 (1024 1360 -560 ) (1024 1360 -528 ) (1024 1376 -528 ) (1024 1376 -560 ) 
4 347 357 (1216 1360 -528 ) (1024 1360 -528 ) (1024 1360 -560 ) (1267.199951 1360 -560 ) 
3 348 349 (1312 1599.998047 -576 ) (1288 1591.998657 -560 ) (1312 1599.998657 -560 ) 
4 349 765 (1024 1520 -576 ) (1024 1503.997559 -576 ) (1024 1503.997559 -528 ) (1024 1520 -528 ) 
4 349 686 (1024 1600 -528 ) (1024 1600 -576 ) (1024 1520 -576 ) (1024 1520 -528 ) 
3 349 350 (1024 1600 -576 ) (1249.599731 1600 -576 ) (1024 1522.207031 -576 ) 
4 350 729 (1024 1600 -656 ) (1024 1600 -704 ) (1024 1522.206909 -704 ) (1024 1522.206909 -656 ) 
4 350 703 (1024 1600 -640 ) (1024 1600 -656 ) (1024 1522.206909 -656 ) (1024 1522.206909 -640 ) 
4 350 687 (1024 1600 -576 ) (1024 1600 -640 ) (1024 1522.206909 -640 ) (1024 1522.206909 -576 ) 
3 350 403 (1024 1522.206909 -704 ) (1024 1600 -704 ) (1249.599731 1600 -704 ) 
4 351 832 (1024 1503.997559 -704 ) (1024 1384 -704 ) (1024 1384 -576 ) (1024 1503.997559 -576 ) 
4 351 352 (1024 1384 -704 ) (1288 1384 -704 ) (1288 1384 -576 ) (1024 1384 -576 ) 
4 352 832 (1024 1384 -704 ) (1024 1360 -704 ) (1024 1360 -576 ) (1024 1384 -576 ) 
4 352 375 (1024 1360 -704 ) (1288 1360 -704 ) (1288 1360 -576 ) (1024 1360 -576 ) 
4 353 363 (1264 1264 -528 ) (1252 1264 -528 ) (1252 1360 -528 ) (1264 1360 -528 ) 
4 353 362 (1276 1264 -528 ) (1264 1264 -528 ) (1264 1360 -528 ) (1276 1360 -528 ) 
4 353 360 (1288 1264 -528 ) (1276 1264 -528 ) (1276 1360 -528 ) (1288 1360 -528 ) 
4 353 359 (1300 1264 -528 ) (1288 1264 -528 ) (1288 1360 -528 ) (1300 1360 -528 ) 
4 353 358 (1456 1264 -528 ) (1300 1264 -528 ) (1300 1360 -528 ) (1456 1360 -528 ) 
4 353 354 (1240 1360 -512 ) (1240 1360 -520 ) (1240 1264 -520 ) (1240 1264 -512 ) 
4 355 357 (1240 1264 -528 ) (1228 1264 -528 ) (1228 1360 -528 ) (1240 1360 -528 ) 
4 355 356 (1228 1360 -520 ) (1228 1360 -528 ) (1228 1264 -528 ) (1228 1264 -520 ) 
4 356 357 (1228 1264 -528 ) (1216 1264 -528 ) (1216 1360 -528 ) (1228 1360 -528 ) 
4 357 827 (1024 1360 -528 ) (1024 1360 -560 ) (1024 1264 -560 ) (1024 1264 -528 ) 
4 357 380 (1216 1264 -528 ) (1024 1264 -528 ) (1024 1264 -560 ) (1267.199951 1264 -560 ) 
4 358 361 (1456 1264 -568 ) (1312 1264 -568 ) (1312 1360 -568 ) (1456 1360 -568 ) 
4 358 359 (1300 1264 -560 ) (1300 1264 -528 ) (1300 1360 -528 ) (1300 1360 -560 ) 
4 359 360 (1288 1264 -552 ) (1288 1264 -528 ) (1288 1360 -528 ) (1288 1360 -552 ) 
4 360 362 (1276 1264 -544 ) (1276 1264 -528 ) (1276 1360 -528 ) (1276 1360 -544 ) 
4 361 370 (1336 1264 -576 ) (1324 1264 -576 ) (1324 1360 -576 ) (1336 1360 -576 ) 
4 361 367 (1348 1264 -576 ) (1336 1264 -576 ) (1336 1360 -576 ) (1348 1360 -576 ) 
4 361 366 (1360 1264 -576 ) (1348 1264 -576 ) (1348 1360 -576 ) (1360 1360 -576 ) 
4 361 364 (1456 1264 -576 ) (1360 1264 -576 ) (1360 1360 -576 ) (1456 1360 -576 ) 
4 362 363 (1264 1264 -536 ) (1264 1264 -528 ) (1264 1360 -528 ) (1264 1360 -536 ) 
4 364 366 (1360 1264 -600 ) (1360 1264 -576 ) (1360 1360 -576 ) (1360 1360 -600 ) 
4 365 401 (1360 1360 -704 ) (1456 1360 -704 ) (1456 1264 -704 ) (1360 1264 -704 ) 
4 365 386 (1360 1264 -704 ) (1456 1264 -704 ) (1456 1264 -640 ) (1360 1264 -640 ) 
4 365 369 (1360 1264 -704 ) (1360 1264 -624 ) (1360 1360 -624 ) (1360 1360 -704 ) 
4 366 367 (1348 1264 -592 ) (1348 1264 -576 ) (1348 1360 -576 ) (1348 1360 -592 ) 
4 367 370 (1336 1264 -584 ) (1336 1264 -576 ) (1336 1360 -576 ) (1336 1360 -584 ) 
4 368 371 (1336 1264 -600 ) (1336 1264 -592 ) (1336 1360 -592 ) (1336 1360 -600 ) 
4 368 369 (1336 1264 -600 ) (1336 1360 -600 ) (1348 1360 -600 ) (1348 1264 -600 ) 
4 369 401 (1336 1360 -704 ) (1360 1360 -704 ) (1360 1264 -704 ) (1336 1264 -704 ) 
4 369 389 (1336 1264 -704 ) (1344 1264 -704 ) (1344 1264 -608 ) (1336 1264 -603 ) 
4 369 386 (1344 1264 -704 ) (1360 1264 -704 ) (1360 1264 -640 ) (1344 1264 -640 ) 
4 369 371 (1336 1264 -704 ) (1336 1264 -600 ) (1336 1360 -600 ) (1336 1360 -704 ) 
4 371 401 (1328 1360 -704 ) (1336 1360 -704 ) (1336 1264 -704 ) (1328 1264 -704 ) 
4 371 389 (1328 1264 -704 ) (1336 1264 -704 ) (1336 1264 -603 ) (1328 1264 -598 ) 
4 371 372 (1328 1264 -592 ) (1328 1264 -586.664001 ) (1328 1360 -586.664001 ) (1328 1360 -592 ) 
4 372 373 (1324 1264 -588 ) (1324 1264 -584 ) (1324 1360 -584 ) (1324 1360 -588 ) 
4 374 375 (1288 1272 -576 ) (1288 1352 -576 ) (1288 1352 -704 ) (1288 1272 -704 ) 
4 375 832 (1024 1360 -576 ) (1024 1360 -704 ) (1024 1264 -704 ) (1024 1264 -576 ) 
4 375 393 (1024 1264 -704 ) (1288 1264 -704 ) (1288 1264 -576 ) (1024 1264 -576 ) 
4 376 388 (1440 1120 -576 ) (1344 1120 -576 ) (1344 1184 -576 ) (1440 1184 -576 ) 
4 376 387 (1456 1248 -576 ) (1456 1184 -576 ) (1344 1184 -576 ) (1344 1248 -576 ) 
4 376 382 (1344 1248 -576 ) (1344 1120 -576 ) (1344 1120 -560 ) (1344 1248 -560 ) 
4 376 381 (1344 1120 -560 ) (1344 1120 -528 ) (1344 1248 -528 ) (1344 1248 -560 ) 
4 376 378 (1344 1120 -528 ) (1344 1120 -512 ) (1344 1248 -512 ) (1344 1248 -528 ) 
4 376 377 (1344 1120 -528 ) (1344 1120 -576 ) (1456 1120 -576 ) (1456 1120 -528 ) 
4 377 388 (1440 1056 -576 ) (1344 1056 -576 ) (1344 1120 -576 ) (1440 1120 -576 ) 
4 377 384 (1344 1056 -576 ) (1456 1056 -576 ) (1456 1056 -560 ) (1344 1056 -560 ) 
4 377 383 (1456 1056 -560 ) (1456 1056 -528 ) (1344 1056 -528 ) (1344 1056 -560 ) 
4 377 382 (1344 1120 -576 ) (1344 1056 -576 ) (1344 1056 -560 ) (1344 1120 -560 ) 
4 377 381 (1344 1056 -560 ) (1344 1056 -528 ) (1344 1120 -528 ) (1344 1120 -560 ) 
4 378 381 (1344 1248 -528 ) (1344 1120 -528 ) (1216 1120 -528 ) (1216 1248 -528 ) 
4 378 379 (1216 1216 -528 ) (1216 1120 -528 ) (1216 1120 -512 ) (1216 1216 -512 ) 
4 379 824 (1024 1120 -512 ) (1024 1216 -512 ) (1024 1216 -528 ) (1024 1120 -528 ) 
4 379 381 (1216 1216 -528 ) (1216 1120 -528 ) (1024 1120 -528 ) (1024 1216 -528 ) 
4 380 827 (1024 1264 -528 ) (1024 1264 -560 ) (1024 1248 -560 ) (1024 1248 -528 ) 
4 380 381 (1024 1248 -560 ) (1267.199951 1248 -560 ) (1216 1248 -528 ) (1024 1248 -528 ) 
4 381 827 (1024 1248 -560 ) (1024 1056 -560 ) (1024 1056 -528 ) (1024 1248 -528 ) 
4 381 383 (1344 1056 -560 ) (1344 1056 -528 ) (1024 1056 -528 ) (1024 1056 -560 ) 
4 381 382 (1344 1248 -560 ) (1344 1056 -560 ) (1288 1056 -560 ) (1288 1248 -560 ) 
4 382 391 (1312 1248 -576 ) (1328 1248 -576 ) (1328 1056 -576 ) (1312 1056 -576 ) 
4 382 390 (1328 1248 -576 ) (1344 1248 -576 ) (1344 1056 -576 ) (1328 1056 -576 ) 
4 382 384 (1312 1056 -576 ) (1344 1056 -576 ) (1344 1056 -560 ) (1288 1056 -560 ) 
4 383 1219 (1392 1024 -560 ) (1408 1024 -560 ) (1408 1024 -528 ) (1392 1024 -528 ) 
4 383 1220 (1024 1024 -528 ) (1024 1024 -560 ) (1392 1024 -560 ) (1392 1024 -528 ) 
4 383 1204 (1408 1024 -560 ) (1456 1024 -560 ) (1456 1024 -528 ) (1408 1024 -528 ) 
4 383 829 (1024 1024 -560 ) (1024 1024 -528 ) (1024 1056 -528 ) (1024 1056 -560 ) 
4 383 384 (1264 1056 -560 ) (1456 1056 -560 ) (1456 1024 -560 ) (1264 1024 -560 ) 
4 383 385 (1024 1024 -560 ) (1024 1056 -560 ) (1168 1056 -560 ) (1168 1024 -560 ) 
4 384 391 (1312 1056 -576 ) (1328 1056 -576 ) (1328 1040 -576 ) (1312 1040 -576 ) 
4 384 390 (1328 1056 -576 ) (1344 1056 -576 ) (1344 1040 -576 ) (1328 1040 -576 ) 
4 384 388 (1344 1056 -576 ) (1440 1056 -576 ) (1440 1040 -576 ) (1344 1040 -576 ) 
4 385 829 (1024 1024 -576 ) (1024 1024 -560 ) (1024 1056 -560 ) (1024 1056 -576 ) 
4 386 401 (1344 1264 -704 ) (1456 1264 -704 ) (1456 1248 -704 ) (1344 1248 -704 ) 
4 386 389 (1344 1264 -640 ) (1344 1264 -704 ) (1344 1248 -704 ) (1344 1248 -640 ) 
4 386 387 (1344 1248 -640 ) (1344 1248 -704 ) (1456 1248 -704 ) (1456 1248 -640 ) 
4 387 401 (1456 1248 -704 ) (1456 1184 -704 ) (1344 1184 -704 ) (1344 1248 -704 ) 
4 387 390 (1344 1184 -576 ) (1344 1248 -576 ) (1344 1248 -704 ) (1344 1184 -704 ) 
4 387 388 (1344 1184 -576 ) (1344 1184 -704 ) (1440 1184 -704 ) (1440 1184 -576 ) 
4 388 402 (1440 1040 -704 ) (1344 1040 -704 ) (1344 1168 -704 ) (1440 1168 -704 ) 
4 388 401 (1344 1168 -704 ) (1344 1184 -704 ) (1440 1184 -704 ) (1440 1168 -704 ) 
4 388 390 (1344 1040 -704 ) (1344 1040 -576 ) (1344 1184 -576 ) (1344 1184 -704 ) 
4 389 401 (1328 1264 -704 ) (1344 1264 -704 ) (1344 1248 -704 ) (1328 1248 -704 ) 
4 389 390 (1328 1248 -598 ) (1328 1248 -704 ) (1344 1248 -704 ) (1344 1248 -608 ) 
4 390 402 (1344 1168 -704 ) (1344 1040 -704 ) (1328 1040 -704 ) (1328 1168 -704 ) 
4 390 401 (1344 1248 -704 ) (1344 1168 -704 ) (1328 1168 -704 ) (1328 1248 -704 ) 
4 390 391 (1328 1040 -592 ) (1328 1040 -576 ) (1328 1248 -576 ) (1328 1248 -592 ) 
4 392 393 (1288 1056 -704 ) (1288 1056 -576 ) (1288 1240 -576 ) (1288 1240 -704 ) 
4 393 832 (1024 1056 -576 ) (1024 1264 -576 ) (1024 1264 -704 ) (1024 1056 -704 ) 
4 393 394 (1168 1056 -704 ) (1264 1056 -704 ) (1264 1056 -576 ) (1168 1056 -576 ) 
4 394 1270 (1168 1024 -704 ) (1264 1024 -704 ) (1264 1024 -576 ) (1168 1024 -576 ) 
4 395 406 (1918.314209 2048 -720 ) (2048 2048 -720 ) (2048 2024 -720 ) (1918.314209 2024 -720 ) 
4 396 719 (1024 2024 -704 ) (1024 2048 -704 ) (1024 2048 -720 ) (1024 2024 -720 ) 
4 396 407 (1024 2024 -720 ) (1024 2048 -720 ) (1902.314209 2048 -720 ) (1902.314209 2024 -720 ) 
4 396 397 (1024 2024 -720 ) (1902.314209 2024 -720 ) (1906.735596 2024 -704 ) (1024 2024 -704 ) 
4 397 719 (1024 2008 -704 ) (1024 2024 -704 ) (1024 2024 -720 ) (1024 2008 -720 ) 
4 397 414 (1024 2008 -720 ) (1024 2024 -720 ) (1902.315918 2024 -720 ) (1902.315796 2008 -720 ) 
4 397 398 (1024 2008 -720 ) (1902.315918 2008 -720 ) (1906.736938 2008 -704 ) (1024 2008 -704 ) 
4 398 730 (1024 1600 -704 ) (1024 1644 -704 ) (1024 1644 -720 ) (1024 1600 -720 ) 
4 398 723 (1024 1644 -704 ) (1024 1776 -704 ) (1024 1776 -720 ) (1024 1644 -720 ) 
4 398 719 (1024 1984 -704 ) (1024 2008 -704 ) (1024 2008 -720 ) (1024 1984 -720 ) 
4 398 720 (1024 1776 -704 ) (1024 1984 -704 ) (1024 1984 -720 ) (1024 1776 -720 ) 
4 398 417 (1604 2008 -720 ) (1784 2008 -720 ) (1784 1992 -720 ) (1604 1992 -720 ) 
4 398 419 (1784 1992 -720 ) (1784 1600 -720 ) (1604 1600 -720 ) (1604 1992 -720 ) 
4 398 416 (1784 2008 -720 ) (2048 2008 -720 ) (2048 1600 -720 ) (1784 1600 -720 ) 
4 398 420 (1024 1600 -720 ) (1024 2008 -720 ) (1604 2008 -720 ) (1604 1600 -720 ) 
4 398 403 (1024 1600 -720 ) (1249.599731 1600 -720 ) (1249.599731 1600 -704 ) (1024 1600 -704 ) 
4 398 399 (1936 1600 -720 ) (2048 1600 -720 ) (2048 1600 -704 ) (1936 1600 -704 ) 
4 399 1303 (2048 1024 -720 ) (2048 1024 -704 ) (1936 1024 -704 ) (1936 1024 -720 ) 
4 399 416 (2048 1024 -720 ) (1936 1024 -720 ) (1936 1600 -720 ) (2048 1600 -720 ) 
4 400 419 (1604 1504 -720 ) (1784 1504 -720 ) (1784 1408 -720 ) (1604 1408 -720 ) 
4 400 416 (1784 1504 -720 ) (1792 1504 -720 ) (1792 1408 -720 ) (1784 1408 -720 ) 
4 400 420 (1600 1504 -720 ) (1604 1504 -720 ) (1604 1408 -720 ) (1600 1408 -720 ) 
4 400 401 (1600 1504 -704 ) (1600 1504 -720 ) (1600 1408 -720 ) (1600 1408 -704 ) 
4 401 420 (1312 1168 -720 ) (1312 1504 -720 ) (1600 1504 -720 ) (1600 1168 -720 ) 
4 401 402 (1312 1168 -704 ) (1312 1168 -720 ) (1456 1168 -720 ) (1456 1168 -704 ) 
4 402 420 (1456 1024 -720 ) (1312 1024 -720 ) (1312 1168 -720 ) (1456 1168 -720 ) 
4 402 404 (1312 1056 -720 ) (1312 1024 -720 ) (1312 1024 -704 ) (1312 1056 -704 ) 
4 403 730 (1024 1522.206909 -704 ) (1024 1600 -704 ) (1024 1600 -720 ) (1024 1522.206909 -720 ) 
3 403 420 (1024 1522.206909 -720 ) (1024 1600 -720 ) (1249.599731 1600 -720 ) 
4 404 420 (1312 1024 -720 ) (1264 1024 -720 ) (1264 1056 -720 ) (1312 1056 -720 ) 
4 405 838 (1024 1024 -720 ) (1024 1024 -704 ) (1024 1056 -704 ) (1024 1056 -720 ) 
4 405 420 (1168 1024 -720 ) (1024 1024 -720 ) (1024 1056 -720 ) (1168 1056 -720 ) 
4 406 408 (2048 2024 -768 ) (1905.049927 2024 -768 ) (1905.049805 2048 -768 ) (2048 2048 -768 ) 
4 407 1013 (1024 2048 -744 ) (1024 2048 -768 ) (1024 2024 -768 ) (1024 2024 -744 ) 
4 407 746 (1024 2024 -720 ) (1024 2048 -720 ) (1024 2048 -736 ) (1024 2024 -736 ) 
4 407 751 (1024 2048 -736 ) (1024 2048 -744 ) (1024 2024 -744 ) (1024 2024 -736 ) 
4 407 414 (1902.314209 2024 -720 ) (1024 2024 -720 ) (1024 2024 -768 ) (1889.050049 2024 -768 ) 
4 407 409 (1889.050049 2024 -768 ) (1024 2024 -768 ) (1024 2048 -768 ) (1889.050049 2048 -768 ) 
4 408 410 (2048 2024 -960 ) (1852 2024 -960 ) (1852 2048 -960 ) (2048 2048 -960 ) 
4 409 1013 (1024 2048 -768 ) (1024 2048 -960 ) (1024 2024 -960 ) (1024 2024 -768 ) 
4 409 414 (1889.050171 2024 -768 ) (1024 2024 -768 ) (1024 2024 -960 ) (1836 2024 -960 ) 
4 409 411 (1836 2024 -960 ) (1024 2024 -960 ) (1024 2048 -960 ) (1836 2048 -960 ) 
4 410 412 (2040.042358 2024 -1263.843018 ) (1867.578003 2024 -1888 ) (1867.578003 2048 -1888 ) (2040.042358 2048 -1263.843262 ) 
4 411 1013 (1024 2048 -960 ) (1024 2048 -1888 ) (1024 2024 -1888 ) (1024 2024 -960 ) 
4 411 423 (1576 2024 -1888 ) (1024 2024 -1888 ) (1024 2048 -1888 ) (1576 2048 -1888 ) 
4 411 414 (1024 2024 -1888 ) (1576 2024 -1888 ) (1836 2024 -960 ) (1024 2024 -960 ) 
4 413 421 (2048 2048 -1888 ) (2048 2024 -1888 ) (1888 2024 -1888 ) (1888 2048 -1888 ) 
3 413 415 (1888 2024 -1888 ) (2048 2024 -1888 ) (2048 2024 -1293.714722 ) 
4 414 1013 (1024 2024 -744 ) (1024 2024 -1888 ) (1024 2008 -1888 ) (1024 2008 -744 ) 
4 414 746 (1024 2008 -720 ) (1024 2024 -720 ) (1024 2024 -736 ) (1024 2008 -736 ) 
4 414 751 (1024 2024 -736 ) (1024 2024 -744 ) (1024 2008 -744 ) (1024 2008 -736 ) 
4 414 423 (1576 2008 -1888 ) (1024 2008 -1888 ) (1024 2024 -1888 ) (1576 2024 -1888 ) 
4 414 417 (1784 2008 -760 ) (1784 2008 -720 ) (1604 2008 -720 ) (1604 2008 -760 ) 
5 414 418 (1604 2008 -1788.727295 ) (1752.003906 2008 -1263.986084 ) (1784 2008 -1148.190674 ) (1784 2008 -780 ) (1604 2008 -780 ) 
3 414 416 (1784 2008 -1148.190674 ) (1902.315796 2008 -720 ) (1784 2008 -720 ) 
5 414 420 (1024 2008 -1888 ) (1576 2008 -1888 ) (1604 2008 -1788.727295 ) (1604 2008 -720 ) (1024 2008 -720 ) 
4 415 421 (2048 2024 -1888 ) (2048 2008 -1888 ) (1888 2008 -1888 ) (1888 2024 -1888 ) 
3 415 416 (1888 2008 -1888 ) (2048 2008 -1888 ) (2048 2008 -1293.715088 ) 
4 416 1304 (2048 1024 -1888 ) (2048 1024 -720 ) (1784 1024 -720 ) (1784 1024 -1888 ) 
4 416 422 (1888 1024 -1888 ) (1784 1024 -1888 ) (1784 2008 -1888 ) (1888 2008 -1888 ) 
4 416 421 (2048 2008 -1888 ) (2048 1024 -1888 ) (1888 1024 -1888 ) (1888 2008 -1888 ) 
4 416 417 (1784 2008 -720 ) (1784 2008 -760 ) (1784 1992 -760 ) (1784 1992 -720 ) 
4 416 418 (1784 2008 -780 ) (1784 2008 -1888 ) (1784 1992 -1888 ) (1784 1992 -780 ) 
4 416 419 (1784 1992 -1888 ) (1784 1024 -1888 ) (1784 1024 -720 ) (1784 1992 -720 ) 
4 417 420 (1604 2008 -720 ) (1604 2008 -760 ) (1604 1992 -760 ) (1604 1992 -720 ) 
4 417 419 (1604 1992 -720 ) (1604 1992 -760 ) (1784 1992 -760 ) (1784 1992 -720 ) 
4 418 422 (1604 1992 -1888 ) (1604 2008 -1888 ) (1784 2008 -1888 ) (1784 1992 -1888 ) 
4 418 419 (1604 1992 -780 ) (1604 1992 -1888 ) (1784 1992 -1888 ) (1784 1992 -780 ) 
4 418 420 (1604 2008 -780 ) (1604 2008 -1888 ) (1604 1992 -1888 ) (1604 1992 -780 ) 
4 419 1304 (1784 1024 -720 ) (1604 1024 -720 ) (1604 1024 -1888 ) (1784 1024 -1888 ) 
4 419 422 (1784 1024 -1888 ) (1604 1024 -1888 ) (1604 1992 -1888 ) (1784 1992 -1888 ) 
4 419 420 (1604 1992 -1888 ) (1604 1024 -1888 ) (1604 1024 -720 ) (1604 1992 -720 ) 
4 420 1304 (1604 1024 -720 ) (1024 1024 -720 ) (1024 1024 -1888 ) (1604 1024 -1888 ) 
4 420 1013 (1024 1024 -1888 ) (1024 1024 -744 ) (1024 2008 -744 ) (1024 2008 -1888 ) 
4 420 876 (1024 1024 -736 ) (1024 1024 -720 ) (1024 1504 -720 ) (1024 1504 -736 ) 
4 420 780 (1024 1504 -720 ) (1024 1520 -720 ) (1024 1520 -736 ) (1024 1504 -736 ) 
4 420 1012 (1024 1024 -744 ) (1024 1024 -736 ) (1024 1520 -736 ) (1024 1520 -744 ) 
4 420 760 (1024 1712 -736 ) (1024 1712 -744 ) (1024 1520 -744 ) (1024 1520 -736 ) 
4 420 752 (1024 1520 -720 ) (1024 1712 -720 ) (1024 1712 -736 ) (1024 1520 -736 ) 
4 420 746 (1024 1712 -720 ) (1024 2008 -720 ) (1024 2008 -736 ) (1024 1712 -736 ) 
4 420 751 (1024 2008 -736 ) (1024 2008 -744 ) (1024 1712 -744 ) (1024 1712 -736 ) 
4 420 422 (1604 1024 -1888 ) (1576 1024 -1888 ) (1576 2008 -1888 ) (1604 2008 -1888 ) 
4 420 423 (1576 1024 -1888 ) (1024 1024 -1888 ) (1024 2008 -1888 ) (1576 2008 -1888 ) 
4 421 1304 (2048 1024 -1896 ) (2048 1024 -1888 ) (1888 1024 -1888 ) (1888 1024 -1896 ) 
4 421 424 (2048 1024 -1896 ) (1888 1024 -1896 ) (1888 2048 -1896 ) (2048 2048 -1896 ) 
4 421 422 (1888 2008 -1896 ) (1888 1024 -1896 ) (1888 1024 -1888 ) (1888 2008 -1888 ) 
4 422 1304 (1888 1024 -1888 ) (1576 1024 -1888 ) (1576 1024 -1896 ) (1888 1024 -1896 ) 
4 422 424 (1888 1024 -1896 ) (1576 1024 -1896 ) (1576 2008 -1896 ) (1888 2008 -1896 ) 
4 422 423 (1576 2008 -1896 ) (1576 1024 -1896 ) (1576 1024 -1888 ) (1576 2008 -1888 ) 
4 423 1304 (1576 1024 -1888 ) (1024 1024 -1888 ) (1024 1024 -1896 ) (1576 1024 -1896 ) 
4 423 1013 (1024 1024 -1896 ) (1024 1024 -1888 ) (1024 2048 -1888 ) (1024 2048 -1896 ) 
4 423 424 (1576 1024 -1896 ) (1024 1024 -1896 ) (1024 2048 -1896 ) (1576 2048 -1896 ) 
4 424 1304 (2048 1024 -2387.810059 ) (2048 1024 -1896 ) (1024 1024 -1896 ) (1024 1024 -2387.810059 ) 
4 424 1013 (1024 1024 -2387.810059 ) (1024 1024 -1896 ) (1024 2048 -1896 ) (1024 2048 -2387.810059 ) 
4 425 635 (1024 2048 -400 ) (1024 2048 -384 ) (896 2048 -384 ) (896 2048 -400 ) 
4 425 636 (896 2048 -384 ) (400 2048 -384 ) (400 2048 -400 ) (896 2048 -400 ) 
4 425 634 (1024 2048 -384 ) (1024 2048 1107.810059 ) (400 2048 1107.810059 ) (400 2048 -384 ) 
4 425 458 (400 2432 -400 ) (400 2048 -400 ) (400 2048 1107.810059 ) (400 2432 1107.810059 ) 
4 425 454 (400 3072 1107.810059 ) (400 3072 -400 ) (400 2432 -400 ) (400 2432 1107.810059 ) 
4 425 453 (400 2192 -400 ) (400 2384 -400 ) (408 2384 -400 ) (408 2192 -400 ) 
4 425 452 (400 2752 -400 ) (400 3072 -400 ) (408 3072 -400 ) (408 2752 -400 ) 
4 425 450 (408 2768 -400 ) (408 3072 -400 ) (872 3072 -400 ) (872 2768 -400 ) 
4 425 451 (872 2048 -400 ) (408 2048 -400 ) (408 2752 -400 ) (872 2752 -400 ) 
4 425 430 (1024 2048 -400 ) (880 2048 -400 ) (880 2624 -400 ) (1024 2624 -400 ) 
4 425 429 (872 2768 -400 ) (872 3072 -400 ) (880 3072 -400 ) (880 2768 -400 ) 
4 425 428 (880 3072 -400 ) (1024 3072 -400 ) (1024 2624 -400 ) (880 2624 -400 ) 
4 426 481 (1024 2752 -512 ) (1024 2728.004395 -512 ) (880 2728.004395 -512 ) (880 2752 -512 ) 
4 426 479 (880 3072 -512 ) (1024 3072 -512 ) (1024 2752 -512 ) (880 2752 -512 ) 
4 426 442 (951.996033 2728.003418 -512 ) (1024 2728.003418 -512 ) (1024 2736.003418 -510 ) (943.996094 2736.003418 -510 ) 
4 426 441 (880 2728.003418 -512 ) (951.996033 2728.003418 -512 ) (912 2768 -502 ) (880 2768 -502 ) 
3 426 439 (880 2800 -494 ) (880 2768 -502 ) (912 2768 -502 ) 
3 426 438 (880 2816.002686 -490 ) (880 2800 -494 ) (896.002808 2800 -494 ) 
5 426 434 (1024 2800 -494 ) (1024 2856.002441 -480 ) (880 2856.002441 -480 ) (880 2816.002686 -490 ) (896.002808 2800 -494 ) 
4 426 431 (1024 2856.002441 -480 ) (1024 3072 -426 ) (880 3072 -426 ) (880 2856.002441 -480 ) 
4 426 427 (880 3072 -512 ) (880 2768 -512 ) (880 2768 -502 ) (880 3072 -426 ) 
4 427 480 (872 2768 -512 ) (872 3072 -512 ) (880 3072 -512 ) (880 2768 -512 ) 
4 427 450 (872 3072 -512 ) (872 2768 -512 ) (872 2768 -502.001038 ) (872 3072 -426 ) 
4 427 440 (872 2824.002686 -488 ) (872 2768 -502 ) (880 2768 -502 ) (880 2816.002686 -490 ) 
4 427 434 (872 2856.002441 -480 ) (872 2824.002686 -488 ) (880 2816.002686 -490 ) (880 2856.002441 -480 ) 
4 427 432 (872 3072 -426 ) (872 2856.002441 -480 ) (880 2856.002441 -480 ) (880 3072 -426 ) 
4 428 431 (880 3072 -416 ) (1024 3072 -416 ) (1024 2624 -416 ) (880 2624 -416 ) 
4 428 430 (880 2624 -416 ) (1024 2624 -416 ) (1024 2624 -400 ) (880 2624 -400 ) 
4 428 429 (880 3072 -416 ) (880 2768 -416 ) (880 2768 -400 ) (880 3072 -400 ) 
4 429 450 (872 2768 -400 ) (872 3072 -400 ) (872 3072 -416 ) (872 2768 -416 ) 
4 429 432 (872 2768 -416 ) (872 3072 -416 ) (880 3072 -416 ) (880 2768 -416 ) 
4 430 650 (896 2048 -400 ) (880 2048 -400 ) (880 2048 -416 ) (896 2048 -416 ) 
4 430 643 (1024 2048 -416 ) (1024 2048 -400 ) (896 2048 -400 ) (896 2048 -416 ) 
4 430 431 (880 2624 -416 ) (1024 2624 -416 ) (1024 2048 -416 ) (880 2048 -416 ) 
4 431 650 (896 2048 -416 ) (880 2048 -416 ) (880 2048 -480 ) (896 2048 -480 ) 
4 431 643 (1024 2048 -480 ) (1024 2048 -416 ) (896 2048 -416 ) (896 2048 -480 ) 
4 431 446 (976 2048 -480 ) (880 2048 -480 ) (880 2704 -480 ) (976 2704 -480 ) 
4 431 445 (880 2704 -480 ) (880 2768 -480 ) (976 2768 -480 ) (976 2704 -480 ) 
4 431 443 (976 2704 -480 ) (976 2768 -480 ) (1024 2768 -480 ) (1024 2704 -480 ) 
4 431 444 (1024 2048 -480 ) (976 2048 -480 ) (976 2704 -480 ) (1024 2704 -480 ) 
4 431 435 (880 2768 -480 ) (880 2800 -480 ) (1024 2800 -480 ) (1024 2768 -480 ) 
4 431 434 (880 2800 -480 ) (880 2856 -480 ) (1024 2856 -480 ) (1024 2800 -480 ) 
5 431 432 (880 2856.003906 -480 ) (880 2768 -480 ) (880 2768 -416 ) (880 3072 -416 ) (880 3072 -426 ) 
4 431 433 (880 2624 -480 ) (880 2048 -480 ) (880 2048 -416 ) (880 2624 -416 ) 
5 432 450 (872 2768 -416 ) (872 3072 -416 ) (872 3072 -426 ) (872 2856.003418 -480 ) (872 2768 -480 ) 
4 432 435 (872 2768 -480 ) (872 2800 -480 ) (880 2800 -480 ) (880 2768 -480 ) 
4 432 434 (872 2800 -480 ) (872 2856 -480 ) (880 2856 -480 ) (880 2800 -480 ) 
4 433 652 (880 2048 -416 ) (872 2048 -416 ) (872 2048 -480 ) (880 2048 -480 ) 
4 433 451 (872 2048 -480 ) (872 2048 -416 ) (872 2624 -416 ) (872 2624 -480 ) 
4 434 450 (872 2800 -480 ) (872 2856.003418 -480 ) (872 2824.003662 -488 ) (872 2800 -488 ) 
3 434 438 (880 2816.003662 -490 ) (896.003784 2800 -494 ) (880 2800 -490 ) 
4 434 440 (872 2808 -488 ) (872 2824.003662 -488 ) (880 2816.003662 -490 ) (880 2800 -490 ) 
3 434 437 (872 2800 -488 ) (872 2808 -488 ) (880 2800 -490 ) 
5 434 435 (872 2800 -488 ) (880.003723 2800 -490 ) (1024 2800 -490 ) (1024 2800 -480 ) (872 2800 -480 ) 
4 435 450 (872 2768 -480 ) (872 2800 -480 ) (872 2800 -488 ) (872 2768 -488 ) 
5 435 445 (976 2768 -480 ) (880 2768 -480 ) (880 2768 -490 ) (912 2768 -498 ) (976 2768 -498 ) 
4 435 443 (1024 2768 -498 ) (1024 2768 -480 ) (976 2768 -480 ) (976 2768 -498 ) 
4 435 437 (880 2768 -490 ) (872 2768 -488 ) (872 2800 -488 ) (880 2800 -490 ) 
3 436 441 (880 2768 -494 ) (880 2768 -498 ) (895.995911 2768 -498 ) 
3 436 439 (895.995911 2768 -498 ) (880 2768 -498 ) (880 2783.995850 -494.001038 ) 
3 436 437 (880 2783.988281 -494.001007 ) (880 2768 -497.998047 ) (880 2768 -494.001007 ) 
3 437 450 (872 2768 -498 ) (872 2768 -488 ) (872 2808 -488 ) 
4 437 440 (872 2807.996094 -488 ) (880 2799.996094 -490 ) (880 2768 -498 ) (872 2768 -498 ) 
3 438 440 (880 2800 -490 ) (880 2816.003906 -490 ) (880 2800 -494 ) 
4 439 441 (880 2768 -502 ) (911.998047 2768 -502 ) (895.995911 2768 -498 ) (880 2768 -498 ) 
4 439 440 (880 2768 -502 ) (880 2768 -497.996094 ) (880 2783.982422 -494.001007 ) (880 2800 -494 ) 
4 440 450 (872 2824.003662 -488 ) (872 2768 -502.001038 ) (872 2768 -498 ) (872 2808 -488 ) 
4 441 651 (880 2048 -494 ) (880 2048 -512 ) (896 2048 -512 ) (896 2048 -498 ) 
3 441 639 (896 2048 -512 ) (951.996033 2048 -512 ) (896 2048 -498 ) 
4 441 502 (951.996033 2048 -512 ) (880 2048 -512 ) (880 2192 -512 ) (951.996033 2192 -512 ) 
4 441 485 (880 2192 -512 ) (880 2384 -512 ) (951.996033 2384 -512 ) (951.996033 2192 -512 ) 
4 441 481 (880 2384 -512 ) (880 2728.004395 -512 ) (951.996033 2728.004395 -512 ) (951.996033 2384 -512 ) 
3 441 449 (943.994873 2736.009033 -510 ) (943.993469 2720.002441 -510 ) (949.330750 2714.665283 -511.333679 ) 
4 441 448 (943.993530 2048 -510 ) (951.996094 2048 -512 ) (951.996094 2704 -512 ) (943.993530 2704 -510 ) 
5 441 447 (951.996094 2704 -512 ) (951.996094 2704.003906 -512 ) (949.330750 2714.665283 -511.333679 ) (943.993469 2720.002441 -510 ) (943.993530 2704 -510 ) 
3 441 442 (951.996094 2728.007812 -512 ) (943.994873 2736.009033 -510 ) (951.996094 2704.003906 -512 ) 
4 442 481 (951.996033 2704.003418 -512 ) (951.996033 2728.004395 -512 ) (1024 2728.004395 -512 ) (1024 2704.003662 -512 ) 
3 442 449 (943.997864 2736.004639 -510 ) (949.332764 2714.665039 -511.333710 ) (965.340515 2714.665039 -511.333710 ) 
4 442 447 (949.332764 2714.665039 -511.333710 ) (951.997986 2704.004150 -512 ) (976 2704.004150 -512 ) (965.340454 2714.665039 -511.333710 ) 
5 443 445 (976 2768 -480 ) (976 2768 -497.998047 ) (976 2735.989746 -506 ) (976 2704 -508 ) (976 2704 -480 ) 
4 443 444 (976 2704 -480 ) (976 2704 -508 ) (1024 2704 -508 ) (1024 2704 -480 ) 
4 444 645 (1024 2048 -512 ) (1024 2048 -511 ) (976 2048 -508 ) (976 2048 -512 ) 
4 444 643 (1024 2048 -511 ) (1024 2048 -480 ) (976 2048 -480 ) (976 2048 -508 ) 
4 444 502 (1024 2048 -512 ) (976 2048 -512 ) (976 2192 -512 ) (1024 2192 -512 ) 
4 444 485 (976 2192 -512 ) (976 2384 -512 ) (1024 2384 -512 ) (1024 2192 -512 ) 
4 444 481 (976 2384 -512 ) (976 2704.003418 -512 ) (1024 2704.003662 -512 ) (1024 2384 -512 ) 
4 444 446 (976 2048 -508 ) (976 2048 -480 ) (976 2704 -480 ) (976 2704 -508 ) 
5 445 446 (880 2704 -480 ) (880 2704 -490 ) (944.009583 2704 -506.002411 ) (976 2704 -508.001953 ) (976 2704 -480 ) 
4 446 650 (896 2048 -480 ) (880 2048 -480 ) (880 2048 -490 ) (896 2048 -494 ) 
5 446 643 (976 2048 -480 ) (896 2048 -480 ) (896 2048 -494 ) (944 2048 -506 ) (976 2048 -508 ) 
3 447 449 (965.321472 2714.669922 -511.332520 ) (949.324219 2714.669922 -511.332520 ) (943.990845 2720.003174 -510 ) 
3 447 448 (952.003906 2704 -512 ) (976 2704 -512 ) (944 2704 -510 ) 
3 448 640 (943.993469 2048 -510 ) (951.996033 2048 -512 ) (976 2048 -512 ) 
4 448 502 (976 2048 -512 ) (951.996033 2048 -512 ) (951.996033 2192 -512 ) (976 2192 -512 ) 
4 448 485 (951.996033 2192 -512 ) (951.996033 2384 -512 ) (976 2384 -512 ) (976 2192 -512 ) 
4 448 481 (951.996033 2384 -512 ) (951.996033 2704.003418 -512 ) (976 2704.003418 -512 ) (976 2384 -512 ) 
4 450 480 (608 3072 -512 ) (872 3072 -512 ) (872 2768 -512 ) (608 2768 -512 ) 
4 450 460 (408 2768 -512 ) (408 3072 -512 ) (608 3072 -512 ) (608 2768 -512 ) 
4 450 452 (408 3072 -512 ) (408 2768 -512 ) (408 2768 -400 ) (408 3072 -400 ) 
4 451 657 (872 2048 -400 ) (408 2048 -400 ) (408 2048 -512 ) (872 2048 -512 ) 
4 451 504 (872 2048 -512 ) (608 2048 -512 ) (608 2192 -512 ) (872 2192 -512 ) 
4 451 495 (616 2384 -512 ) (624 2384 -512 ) (624 2192 -512 ) (616 2192 -512 ) 
4 451 494 (624 2384 -512 ) (680 2384 -512 ) (680 2192 -512 ) (624 2192 -512 ) 
4 451 492 (680 2384 -512 ) (688 2384 -512 ) (688 2192 -512 ) (680 2192 -512 ) 
4 451 491 (688 2384 -512 ) (696 2384 -512 ) (696 2192 -512 ) (688 2192 -512 ) 
4 451 490 (696 2384 -512 ) (712 2384 -512 ) (712 2192 -512 ) (696 2192 -512 ) 
4 451 489 (712 2384 -512 ) (720 2384 -512 ) (720 2192 -512 ) (712 2192 -512 ) 
4 451 488 (720 2384 -512 ) (728 2384 -512 ) (728 2192 -512 ) (720 2192 -512 ) 
4 451 487 (728 2384 -512 ) (736 2384 -512 ) (736 2192 -512 ) (728 2192 -512 ) 
4 451 486 (736 2384 -512 ) (872 2384 -512 ) (872 2192 -512 ) (736 2192 -512 ) 
4 451 484 (608 2384 -512 ) (608 2656 -512 ) (872 2656 -512 ) (872 2384 -512 ) 
4 451 453 (408 2192 -472 ) (408 2192 -400 ) (408 2384 -400 ) (408 2384 -472 ) 
4 452 464 (400 2800 -512 ) (400 3072 -512 ) (408 3072 -512 ) (408 2800 -512 ) 
4 452 456 (400 3072 -496 ) (400 3072 -512 ) (400 2800 -512 ) (400 2800 -496 ) 
4 452 455 (400 3072 -464 ) (400 3072 -496 ) (400 2752 -496 ) (400 2752 -464 ) 
4 452 454 (400 3072 -400 ) (400 3072 -464 ) (400 2752 -464 ) (400 2752 -400 ) 
4 453 458 (400 2192 -472 ) (400 2192 -400 ) (400 2384 -400 ) (400 2384 -472 ) 
4 454 530 (0 3072 -456 ) (0 3072 -464 ) (0 2432 -464 ) (0 2432 -456 ) 
4 454 527 (0 3072 -400 ) (0 3072 -456 ) (0 2432 -456 ) (0 2432 -400 ) 
4 454 521 (0 3072 -392 ) (0 3072 -400 ) (0 2432 -400 ) (0 2432 -392 ) 
4 454 520 (0 3072 1107.810059 ) (0 3072 -392 ) (0 2432 -392 ) (0 2432 1107.810059 ) 
4 454 458 (400 2432 -464 ) (400 2432 1107.810059 ) (0 2432 1107.810059 ) (0 2432 -464 ) 
4 454 455 (0 2448 -464 ) (0 3072 -464 ) (400 3072 -464 ) (400 2448 -464 ) 
4 455 537 (0 2608 -496 ) (0 2448 -496 ) (0 2448 -464 ) (0 2608 -464 ) 
4 455 533 (0 3072 -464 ) (0 3072 -496 ) (0 2608 -496 ) (0 2608 -464 ) 
4 455 456 (0 2800 -496 ) (0 3072 -496 ) (400 3072 -496 ) (400 2800 -496 ) 
4 456 540 (0 3072 -496 ) (0 3072 -512 ) (0 2800 -512 ) (0 2800 -496 ) 
4 456 467 (0 2816 -512 ) (0 3072 -512 ) (400 3072 -512 ) (400 2816 -512 ) 
3 457 658 (360.004150 2048 -512 ) (400 2048 -512 ) (400 2048 -502.001007 ) 
4 457 469 (400 2048 -512 ) (360.004150 2048 -512 ) (360.004150 2432 -512 ) (400 2432 -512 ) 
3 457 459 (400 2432 -502.001221 ) (360.004974 2432 -512 ) (360.004974 2392.003906 -512 ) 
5 458 659 (0 2048 -400 ) (0 2048 -512 ) (344 2048 -512 ) (400 2048 -498 ) (400 2048 -400 ) 
4 458 636 (0 2048 -384 ) (0 2048 -400 ) (400 2048 -400 ) (400 2048 -384 ) 
4 458 634 (0 2048 1107.810059 ) (0 2048 -384 ) (400 2048 -384 ) (400 2048 1107.810059 ) 
5 458 545 (0 2376 -512 ) (0 2048 -512 ) (0 2048 -496 ) (0 2432 -496 ) (0 2432 -498 ) 
4 458 539 (0 2048 -496 ) (0 2048 -464 ) (0 2432 -464 ) (0 2432 -496 ) 
4 458 530 (0 2048 -464 ) (0 2048 -456 ) (0 2432 -456 ) (0 2432 -464 ) 
4 458 527 (0 2048 -456 ) (0 2048 -400 ) (0 2432 -400 ) (0 2432 -456 ) 
4 458 521 (0 2048 -400 ) (0 2048 -392 ) (0 2432 -392 ) (0 2432 -400 ) 
4 458 520 (0 2048 -392 ) (0 2048 1107.810059 ) (0 2432 1107.810059 ) (0 2432 -392 ) 
4 458 476 (0 2336 -512 ) (0 2376 -512 ) (304 2376 -512 ) (304 2336 -512 ) 
4 458 477 (304 2048 -512 ) (0 2048 -512 ) (0 2336 -512 ) (304 2336 -512 ) 
4 458 472 (304 2336 -512 ) (304 2376 -512 ) (344 2376 -512 ) (344 2336 -512 ) 
4 458 473 (344 2048 -512 ) (304 2048 -512 ) (304 2336 -512 ) (344 2336 -512 ) 
3 459 543 (0 2432 -512 ) (0 2392.003906 -512 ) (0 2432 -502.001038 ) 
4 459 470 (0 2392.003906 -512 ) (0 2432 -512 ) (360.004150 2432 -512 ) (360.004150 2392.003906 -512 ) 
4 460 508 (408 3072 -640 ) (736 3072 -640 ) (736 2768 -640 ) (408 2768 -640 ) 
4 460 480 (736 2768 -640 ) (736 3072 -640 ) (608 3072 -512 ) (608 2768 -512 ) 
4 460 464 (408 3072 -640 ) (408 2800 -640 ) (408 2800 -512 ) (408 3072 -512 ) 
4 461 483 (736 2656 -640 ) (736 2752 -640 ) (616 2752 -520 ) (616 2656 -520 ) 
4 461 463 (608 2752 -520 ) (608 2752 -640 ) (608 2656 -640 ) (608 2656 -520 ) 
4 461 462 (608 2656 -520 ) (608 2656 -640 ) (736.003906 2656 -640 ) (616.003906 2656 -520 ) 
3 462 667 (608 2048 -512 ) (608 2048 -640 ) (736 2048 -640 ) 
4 462 504 (736 2048 -640 ) (736 2192 -640 ) (608 2192 -512 ) (608 2048 -512 ) 
4 462 484 (736 2384 -640 ) (736 2656 -640 ) (608 2656 -512 ) (608 2384 -512 ) 
4 462 463 (608 2656 -640 ) (608 2048 -640 ) (608 2048 -520 ) (608 2656 -520 ) 
4 463 669 (408 2048 -520 ) (408 2048 -640 ) (608 2048 -640 ) (608 2048 -520 ) 
4 463 466 (408 2064 -640 ) (408 2048 -640 ) (408 2048 -528 ) (408 2064 -528 ) 
4 463 465 (408 2736 -640 ) (408 2640 -640 ) (408 2640 -528 ) (408 2736 -528 ) 
4 464 508 (400 3072 -640 ) (408 3072 -640 ) (408 2800 -640 ) (400 2800 -640 ) 
4 464 467 (400 3072 -640 ) (400 2816 -640 ) (400 2816 -512 ) (400 3072 -512 ) 
4 465 468 (400 2736 -640 ) (400 2640 -640 ) (400 2640 -528 ) (400 2736 -528 ) 
4 466 670 (400 2048 -528 ) (400 2048 -640 ) (408 2048 -640 ) (408 2048 -528 ) 
4 466 469 (400 2064 -640 ) (400 2048 -640 ) (400 2048 -528 ) (400 2064 -528 ) 
4 467 566 (0 3072 -512 ) (0 3072 -640 ) (0 2816 -640 ) (0 2816 -512 ) 
4 467 509 (0 2816 -640 ) (0 3072 -640 ) (400 3072 -640 ) (400 2816 -640 ) 
4 468 592 (0 2608 -640 ) (0 2448 -640 ) (0 2448 -512 ) (0 2608 -512 ) 
4 468 575 (0 2704 -640 ) (0 2608 -640 ) (0 2608 -512 ) (0 2704 -512 ) 
4 468 567 (0 2800 -640 ) (0 2704 -640 ) (0 2704 -512 ) (0 2800 -512 ) 
5 469 671 (400 2048 -512 ) (360.004150 2048 -512 ) (304 2048 -526.001038 ) (304 2048 -640 ) (400 2048 -640 ) 
4 469 683 (304 2048 -526.001038 ) (0 2048 -602.001221 ) (0 2048 -640 ) (304 2048 -640 ) 
4 469 619 (0 2336 -640 ) (0 2048 -640 ) (0 2048 -602.001221 ) (0 2336 -602.001221 ) 
4 469 617 (0 2432 -640 ) (0 2336 -640 ) (0 2336 -602.001221 ) (0 2432 -602.001221 ) 
4 469 512 (0 2048 -640 ) (0 2336 -640 ) (304 2336 -640 ) (304 2048 -640 ) 
3 469 478 (336.006775 2368.006836 -518 ) (330.672028 2346.667969 -519.333008 ) (336.007568 2352.003418 -518 ) 
3 469 477 (256.005066 2048 -538 ) (304 2048 -526.001038 ) (304 2239.979736 -526.001038 ) 
5 469 475 (304 2048 -526.001038 ) (336.007477 2048 -518 ) (336.007568 2336 -518 ) (328.005035 2336 -520 ) (304 2239.979736 -526.001038 ) 
4 469 474 (336.007568 2352.003418 -518 ) (330.672028 2346.667969 -519.333008 ) (328.005035 2336 -520 ) (336.007568 2336 -518 ) 
3 469 471 (16.001139 2048 -598 ) (256.005066 2048 -538 ) (336.006775 2368.006836 -518 ) 
5 469 470 (360.003998 2432 -512 ) (0 2432 -602.001221 ) (0 2048 -602.001221 ) (16.001139 2048 -598 ) (360.003998 2392.004150 -512 ) 
3 470 683 (0 2048 -598 ) (0 2048 -602.001221 ) (16.001146 2048 -598 ) 
5 470 619 (0 2048 -602.001221 ) (0 2048 -598 ) (0 2328.004150 -528 ) (0 2336 -528 ) (0 2336 -602.001221 ) 
4 470 617 (0 2336 -528 ) (0 2432 -528 ) (0 2432 -602.001221 ) (0 2336 -602.001221 ) 
4 470 607 (0 2328.004150 -528 ) (0 2392.004150 -512 ) (0 2432 -512 ) (0 2432 -528 ) 
4 470 471 (16 2048 -598.001953 ) (336.011536 2368.011475 -518 ) (0 2368.011475 -518 ) (0 2048 -598.001953 ) 
4 471 683 (0 2048 -538 ) (0 2048 -598 ) (16.001146 2048 -598 ) (256.005188 2048 -538 ) 
4 471 619 (0 2048 -598 ) (0 2048 -538 ) (0 2207.996582 -528 ) (0 2328.004150 -528 ) 
4 471 611 (0 2207.996582 -528 ) (0 2336 -520 ) (0 2336 -526.001038 ) (0 2328.004150 -528 ) 
3 471 609 (0 2336 -520 ) (0 2368.006836 -518 ) (0 2336 -526.001038 ) 
3 471 478 (336.007812 2368.009766 -518 ) (314.664551 2346.667480 -519.333008 ) (330.672241 2346.667480 -519.333008 ) 
5 471 477 (0 2336 -520 ) (0 2048 -538 ) (256.005615 2048 -538 ) (304 2239.978271 -526.001099 ) (304 2336 -520 ) 
3 471 475 (304 2239.978271 -526.001099 ) (328.005371 2336 -520 ) (304 2336 -520 ) 
4 471 474 (328.005371 2336 -520 ) (330.672241 2346.667480 -519.333008 ) (314.664978 2346.667480 -519.333008 ) (304 2336 -520 ) 
4 472 476 (304 2375.992188 -512 ) (304 2367.989502 -514 ) (304 2336 -516 ) (304 2336 -512 ) 
4 472 473 (304 2336 -512 ) (304 2336 -516 ) (335.996094 2336 -514 ) (343.996094 2336 -512 ) 
4 473 673 (344 2048 -512 ) (304 2048 -512 ) (304 2048 -516 ) (336 2048 -514 ) 
4 473 477 (304 2336 -516 ) (304 2048 -516 ) (304 2048 -512 ) (304 2336 -512 ) 
3 474 478 (330.671875 2346.664062 -519.333008 ) (314.665222 2346.664062 -519.333008 ) (336.007446 2352 -518 ) 
3 474 475 (304 2336 -520 ) (328.004761 2336 -520 ) (336.007324 2336 -518 ) 
3 475 672 (304 2048 -520 ) (304 2048 -526.001099 ) (336.007751 2048 -518 ) 
5 475 477 (304 2336 -520 ) (304 2239.995117 -526.001038 ) (304 2048 -526.001038 ) (304 2048 -520 ) (304 2336 -520 ) 
4 476 610 (0 2336 -512 ) (0 2376 -512 ) (0 2368 -514 ) (0 2336 -516 ) 
4 476 477 (304 2336 -516 ) (304 2336 -512 ) (0 2336 -512 ) (0 2336 -516 ) 
5 477 683 (304 2048 -512 ) (0 2048 -512 ) (0 2048 -538 ) (256.005188 2048 -538 ) (304 2048 -526.001099 ) 
3 477 619 (0 2048 -538 ) (0 2048 -528 ) (0 2207.996582 -528 ) 
5 477 611 (0 2048 -528 ) (0 2048 -512 ) (0 2336 -512 ) (0 2336 -520 ) (0 2207.996582 -528 ) 
4 479 507 (880 3072 -640 ) (976 3072 -640 ) (976 2800 -640 ) (880 2800 -640 ) 
4 479 505 (976 3072 -640 ) (1024 3072 -640 ) (1024 2800 -640 ) (976 2800 -640 ) 
4 479 481 (880 2752 -640 ) (1024 2752 -640 ) (1024 2752 -512 ) (880 2752 -512 ) 
4 479 480 (880 3072 -640 ) (880 2768 -640 ) (880 2768 -512 ) (880 3072 -512 ) 
4 480 508 (736 3072 -640 ) (880 3072 -640 ) (880 2768 -640 ) (736 2768 -640 ) 
4 481 506 (1024 2704 -640 ) (1024 2384 -640 ) (976 2384 -640 ) (976 2704 -640 ) 
4 481 485 (880 2384 -640 ) (1024 2384 -640 ) (1024 2384 -512 ) (880 2384 -512 ) 
4 481 482 (880 2624 -640 ) (880 2432 -640 ) (880 2432 -512 ) (880 2624 -512 ) 
4 482 484 (872 2624 -640 ) (872 2432 -640 ) (872 2432 -512 ) (872 2624 -512 ) 
4 483 484 (616 2656 -520 ) (736 2656 -640 ) (872 2656 -640 ) (872 2656 -520 ) 
5 484 501 (656 2384 -559.996094 ) (656.003906 2384 -560 ) (664 2384 -560 ) (664 2384 -552 ) (656 2384 -552 ) 
5 484 500 (664 2384 -567.996094 ) (664.003906 2384 -568 ) (672 2384 -568 ) (672 2384 -552 ) (664 2384 -552 ) 
5 484 499 (672 2384 -575.996094 ) (672.003906 2384 -576 ) (680 2384 -576 ) (680 2384 -552 ) (672 2384 -552 ) 
5 484 498 (648 2384 -551.996094 ) (648.003906 2384 -552 ) (680 2384 -552 ) (680 2384 -544 ) (648 2384 -544 ) 
5 484 497 (640 2384 -543.996094 ) (640.003906 2384 -544 ) (680 2384 -544 ) (680 2384 -536 ) (640 2384 -536 ) 
5 484 496 (632 2384 -535.996094 ) (632.003906 2384 -536 ) (680 2384 -536 ) (680 2384 -528 ) (632 2384 -528 ) 
5 484 495 (616 2384 -519.996094 ) (616.003906 2384 -520 ) (624 2384 -520 ) (624 2384 -512 ) (616 2384 -512 ) 
5 484 494 (624 2384 -527.996094 ) (624.003906 2384 -528 ) (680 2384 -528 ) (680 2384 -512 ) (624 2384 -512 ) 
5 484 493 (704 2384 -607.996094 ) (704.003906 2384 -608 ) (712 2384 -608 ) (712 2384 -600 ) (704 2384 -600 ) 
5 484 492 (680 2384 -583.996094 ) (680.003906 2384 -584 ) (688 2384 -584 ) (688 2384 -512 ) (680 2384 -512 ) 
5 484 491 (688 2384 -591.996094 ) (688.003906 2384 -592 ) (696 2384 -592 ) (696 2384 -512 ) (688 2384 -512 ) 
5 484 490 (696 2384 -599.996094 ) (696.003906 2384 -600 ) (712 2384 -600 ) (712 2384 -512 ) (696 2384 -512 ) 
5 484 489 (712 2384 -615.996094 ) (712.003906 2384 -616 ) (720 2384 -616 ) (720 2384 -512 ) (712 2384 -512 ) 
5 484 488 (720 2384 -623.996094 ) (720.003906 2384 -624 ) (728 2384 -624 ) (728 2384 -512 ) (720 2384 -512 ) 
5 484 487 (728 2384 -631.996094 ) (728.003906 2384 -632 ) (736 2384 -632 ) (736 2384 -512 ) (728 2384 -512 ) 
5 484 486 (736 2384 -639.996094 ) (736.003906 2384 -640 ) (872 2384 -640 ) (872 2384 -512 ) (736 2384 -512 ) 
4 485 506 (1024 2384 -640 ) (1024 2192 -640 ) (976 2192 -640 ) (976 2384 -640 ) 
4 485 502 (880 2192 -640 ) (1024 2192 -640 ) (1024 2192 -512 ) (880 2192 -512 ) 
5 486 504 (736 2192 -639.996094 ) (736.003906 2192 -640 ) (872 2192 -640 ) (872 2192 -512 ) (736 2192 -512 ) 
4 486 487 (736 2384 -512 ) (736 2384 -632 ) (736 2192 -632 ) (736 2192 -512 ) 
5 487 504 (728 2192 -631.996094 ) (728.003906 2192 -632 ) (736 2192 -632 ) (736 2192 -512 ) (728 2192 -512 ) 
4 487 488 (728 2384 -512 ) (728 2384 -624 ) (728 2192 -624 ) (728 2192 -512 ) 
5 488 504 (720 2192 -623.996094 ) (720.003906 2192 -624 ) (728 2192 -624 ) (728 2192 -512 ) (720 2192 -512 ) 
4 488 489 (720 2384 -512 ) (720 2384 -616 ) (720 2192 -616 ) (720 2192 -512 ) 
5 489 504 (712 2192 -615.996094 ) (712.003906 2192 -616 ) (720 2192 -616 ) (720 2192 -512 ) (712 2192 -512 ) 
4 489 493 (712 2384 -600 ) (712 2384 -608 ) (712 2192 -608 ) (712 2192 -600 ) 
4 489 490 (712 2384 -512 ) (712 2384 -600 ) (712 2192 -600 ) (712 2192 -512 ) 
5 490 504 (696 2192 -599.996094 ) (696.003906 2192 -600 ) (712 2192 -600 ) (712 2192 -512 ) (696 2192 -512 ) 
4 490 493 (704 2384 -600 ) (712 2384 -600 ) (712 2192 -600 ) (704 2192 -600 ) 
4 490 491 (696 2384 -512 ) (696 2384 -592 ) (696 2192 -592 ) (696 2192 -512 ) 
5 491 504 (688 2192 -591.996094 ) (688.003906 2192 -592 ) (696 2192 -592 ) (696 2192 -512 ) (688 2192 -512 ) 
4 491 492 (688 2384 -512 ) (688 2384 -584 ) (688 2192 -584 ) (688 2192 -512 ) 
5 492 504 (680 2192 -583.996094 ) (680.003906 2192 -584 ) (688 2192 -584 ) (688 2192 -512 ) (680 2192 -512 ) 
4 492 499 (680 2384 -552 ) (680 2384 -576 ) (680 2192 -576 ) (680 2192 -552 ) 
4 492 498 (680 2384 -544 ) (680 2384 -552 ) (680 2192 -552 ) (680 2192 -544 ) 
4 492 497 (680 2384 -536 ) (680 2384 -544 ) (680 2192 -544 ) (680 2192 -536 ) 
4 492 496 (680 2384 -528 ) (680 2384 -536 ) (680 2192 -536 ) (680 2192 -528 ) 
4 492 494 (680 2384 -512 ) (680 2384 -528 ) (680 2192 -528 ) (680 2192 -512 ) 
5 493 504 (704 2192 -607.996094 ) (704.003906 2192 -608 ) (712 2192 -608 ) (712 2192 -600 ) (704 2192 -600 ) 
5 494 504 (624 2192 -527.996094 ) (624.003906 2192 -528 ) (680 2192 -528 ) (680 2192 -512 ) (624 2192 -512 ) 
4 494 496 (632 2384 -528 ) (680 2384 -528 ) (680 2192 -528 ) (632 2192 -528 ) 
4 494 495 (624 2384 -512 ) (624 2384 -520 ) (624 2192 -520 ) (624 2192 -512 ) 
5 495 504 (616 2192 -519.996094 ) (616.003906 2192 -520 ) (624 2192 -520 ) (624 2192 -512 ) (616 2192 -512 ) 
5 496 504 (632 2192 -535.996094 ) (632.003906 2192 -536 ) (680 2192 -536 ) (680 2192 -528 ) (632 2192 -528 ) 
4 496 497 (640 2384 -536 ) (680 2384 -536 ) (680 2192 -536 ) (640 2192 -536 ) 
5 497 504 (640 2192 -543.996094 ) (640.003906 2192 -544 ) (680 2192 -544 ) (680 2192 -536 ) (640 2192 -536 ) 
4 497 498 (648 2384 -544 ) (680 2384 -544 ) (680 2192 -544 ) (648 2192 -544 ) 
5 498 504 (648 2192 -551.996094 ) (648.003906 2192 -552 ) (680 2192 -552 ) (680 2192 -544 ) (648 2192 -544 ) 
4 498 501 (656 2384 -552 ) (664 2384 -552 ) (664 2192 -552 ) (656 2192 -552 ) 
4 498 500 (664 2384 -552 ) (672 2384 -552 ) (672 2192 -552 ) (664 2192 -552 ) 
4 498 499 (672 2384 -552 ) (680 2384 -552 ) (680 2192 -552 ) (672 2192 -552 ) 
5 499 504 (672 2192 -575.996094 ) (672.003906 2192 -576 ) (680 2192 -576 ) (680 2192 -552 ) (672 2192 -552 ) 
4 499 500 (672 2192 -568 ) (672 2192 -552 ) (672 2384 -552 ) (672 2384 -568 ) 
5 500 504 (664 2192 -567.996094 ) (664.003906 2192 -568 ) (672 2192 -568 ) (672 2192 -552 ) (664 2192 -552 ) 
4 500 501 (664 2192 -560 ) (664 2192 -552 ) (664 2384 -552 ) (664 2384 -560 ) 
5 501 504 (656 2192 -559.996094 ) (656.003906 2192 -560 ) (664 2192 -560 ) (664 2192 -552 ) (656 2192 -552 ) 
4 502 665 (896 2048 -512 ) (880 2048 -512 ) (880 2048 -640 ) (896 2048 -640 ) 
3 502 645 (1024 2048 -515 ) (1024 2048 -512 ) (976 2048 -512 ) 
4 502 640 (1024 2048 -530 ) (1024 2048 -515 ) (976 2048 -512 ) (951.995972 2048 -512 ) 
5 502 639 (1024 2048 -640 ) (1024 2048 -530 ) (951.995972 2048 -512 ) (896 2048 -512 ) (896 2048 -640 ) 
4 502 506 (1024 2192 -640 ) (1024 2048 -640 ) (976 2048 -640 ) (976 2192 -640 ) 
4 502 503 (880 2144 -640 ) (880 2048 -640 ) (880 2048 -512 ) (880 2144 -512 ) 
4 503 666 (880 2048 -512 ) (872 2048 -512 ) (872 2048 -640 ) (880 2048 -640 ) 
4 503 504 (872 2144 -640 ) (872 2048 -640 ) (872 2048 -512 ) (872 2144 -512 ) 
4 504 667 (872 2048 -512 ) (608 2048 -512 ) (736 2048 -640 ) (872 2048 -640 ) 
4 505 513 (976 2800 -656 ) (976 3072 -656 ) (1024 3072 -656 ) (1024 2800 -656 ) 
4 505 507 (976 3072 -656 ) (976 2800 -656 ) (976 2800 -640 ) (976 3072 -640 ) 
4 506 702 (1024 2048 -656 ) (1024 2048 -640 ) (976 2048 -640 ) (976 2048 -656 ) 
4 506 514 (1024 2048 -656 ) (976 2048 -656 ) (976 2704 -656 ) (1024 2704 -656 ) 
4 507 516 (880 2800 -656 ) (880 3072 -656 ) (976 3072 -656 ) (976 2800 -656 ) 
4 507 508 (880 3072 -656 ) (880 2800 -656 ) (880 2800 -640 ) (880 3072 -640 ) 
4 508 516 (400 2768 -656 ) (400 3072 -656 ) (880 3072 -656 ) (880 2768 -656 ) 
4 508 509 (400 3072 -656 ) (400 2816 -656 ) (400 2816 -640 ) (400 3072 -640 ) 
4 509 571 (0 3072 -640 ) (0 3072 -656 ) (0 2816 -656 ) (0 2816 -640 ) 
4 509 517 (0 2816 -656 ) (0 3072 -656 ) (304 3072 -656 ) (304 2816 -656 ) 
4 509 516 (304 3072 -656 ) (400 3072 -656 ) (400 2816 -656 ) (304 2816 -656 ) 
4 510 707 (304 2048 -648 ) (304 2048 -656 ) (400 2048 -656 ) (400 2048 -648 ) 
4 510 516 (400 2048 -656 ) (304 2048 -656 ) (304 2432 -656 ) (400 2432 -656 ) 
4 510 511 (304 2432 -648 ) (304 2432 -656 ) (304 2336 -656 ) (304 2336 -648 ) 
4 510 512 (304 2336 -656 ) (304 2048 -656 ) (304 2048 -648 ) (304 2336 -648 ) 
4 511 618 (0 2432 -656 ) (0 2336 -656 ) (0 2336 -648 ) (0 2432 -648 ) 
4 511 517 (0 2336 -656 ) (0 2432 -656 ) (304 2432 -656 ) (304 2336 -656 ) 
4 511 512 (0 2336 -656 ) (304 2336 -656 ) (304 2336 -648 ) (0 2336 -648 ) 
4 512 708 (304 2048 -640 ) (0 2048 -640 ) (0 2048 -656 ) (304 2048 -656 ) 
4 512 619 (0 2336 -656 ) (0 2048 -656 ) (0 2048 -640 ) (0 2336 -640 ) 
4 512 518 (304 2048 -656 ) (0 2048 -656 ) (0 2336 -656 ) (304 2336 -656 ) 
4 513 516 (976 3072 -2387.810059 ) (976 2704 -2387.810059 ) (976 2704 -656 ) (976 3072 -656 ) 
4 513 514 (976 2704 -656 ) (976 2704 -672 ) (1024 2704 -672 ) (1024 2704 -656 ) 
4 513 515 (976 2704 -688 ) (976 2704 -2387.810059 ) (1024 2704 -2387.810059 ) (1024 2704 -688 ) 
4 514 718 (1024 2048 -672 ) (1024 2048 -656 ) (976 2048 -656 ) (976 2048 -672 ) 
4 514 516 (976 2048 -672 ) (976 2048 -656 ) (976 2704 -656 ) (976 2704 -672 ) 
4 515 1013 (1024 2048 -2387.810059 ) (1024 2048 -744 ) (976 2048 -744 ) (976 2048 -2387.810059 ) 
4 515 747 (992 2048 -720 ) (976 2048 -720 ) (976 2048 -736 ) (992 2048 -736 ) 
4 515 746 (1024 2048 -736 ) (1024 2048 -720 ) (992 2048 -720 ) (992 2048 -736 ) 
4 515 751 (1024 2048 -744 ) (1024 2048 -736 ) (976 2048 -736 ) (976 2048 -744 ) 
4 515 719 (1024 2048 -720 ) (1024 2048 -688 ) (976 2048 -688 ) (976 2048 -720 ) 
4 515 516 (976 2704 -2387.810059 ) (976 2048 -2387.810059 ) (976 2048 -688 ) (976 2704 -688 ) 
4 516 1013 (304 2048 -744 ) (304 2048 -2387.810059 ) (976 2048 -2387.810059 ) (976 2048 -744 ) 
4 516 749 (736 2048 -736 ) (880 2048 -736 ) (880 2048 -720 ) (736 2048 -720 ) 
4 516 750 (304 2048 -720 ) (304 2048 -736 ) (736 2048 -736 ) (736 2048 -720 ) 
4 516 747 (912 2048 -736 ) (976 2048 -736 ) (976 2048 -720 ) (912 2048 -720 ) 
4 516 748 (880 2048 -736 ) (912 2048 -736 ) (912 2048 -720 ) (880 2048 -720 ) 
4 516 751 (304 2048 -736 ) (304 2048 -744 ) (976 2048 -744 ) (976 2048 -736 ) 
4 516 736 (496 2048 -656 ) (304 2048 -656 ) (304 2048 -720 ) (496 2048 -720 ) 
4 516 721 (976 2048 -656 ) (928 2048 -656 ) (928 2048 -720 ) (976 2048 -720 ) 
4 516 722 (928 2048 -656 ) (496 2048 -656 ) (496 2048 -720 ) (928 2048 -720 ) 
4 516 518 (304 2048 -800 ) (304 2048 -656 ) (304 2336 -656 ) (304 2336 -800 ) 
4 516 519 (304 2336 -2387.810059 ) (304 2048 -2387.810059 ) (304 2048 -816 ) (304 2336 -816 ) 
4 516 517 (304 3072 -2387.810059 ) (304 2336 -2387.810059 ) (304 2336 -656 ) (304 3072 -656 ) 
4 517 618 (0 2432 -2387.810059 ) (0 2336 -2387.810059 ) (0 2336 -656 ) (0 2432 -656 ) 
4 517 597 (0 2608 -2387.810059 ) (0 2432 -2387.810059 ) (0 2432 -656 ) (0 2608 -656 ) 
4 517 590 (0 2704 -2387.810059 ) (0 2608 -2387.810059 ) (0 2608 -656 ) (0 2704 -656 ) 
4 517 572 (0 2816 -2387.810059 ) (0 2704 -2387.810059 ) (0 2704 -656 ) (0 2816 -656 ) 
4 517 571 (0 3072 -656 ) (0 3072 -2387.810059 ) (0 2816 -2387.810059 ) (0 2816 -656 ) 
4 517 518 (304 2336 -800 ) (304 2336 -656 ) (0 2336 -656 ) (0 2336 -800 ) 
4 517 519 (0 2336 -2387.810059 ) (304 2336 -2387.810059 ) (304 2336 -816 ) (0 2336 -816 ) 
4 518 1014 (0 2048 -744 ) (0 2048 -800 ) (304 2048 -800 ) (304 2048 -744 ) 
4 518 750 (0 2048 -720 ) (0 2048 -736 ) (304 2048 -736 ) (304 2048 -720 ) 
4 518 751 (0 2048 -736 ) (0 2048 -744 ) (304 2048 -744 ) (304 2048 -736 ) 
4 518 736 (304 2048 -656 ) (0 2048 -656 ) (0 2048 -720 ) (304 2048 -720 ) 
4 518 619 (0 2048 -800 ) (0 2048 -656 ) (0 2336 -656 ) (0 2336 -800 ) 
4 519 1015 (0 2048 -816 ) (0 2048 -2387.810059 ) (304 2048 -2387.810059 ) (304 2048 -816 ) 
4 519 620 (0 2336 -2387.810059 ) (0 2048 -2387.810059 ) (0 2048 -816 ) (0 2336 -816 ) 
4 520 2369 (-1024 2048 -392 ) (-1024 2048 1107.810059 ) (-1024 3072 1107.810059 ) (-1024 3072 -392 ) 
4 520 1032 (-512 2048 1107.810059 ) (-1024 2048 1107.810059 ) (-1024 2048 -392 ) (-512 2048 -392 ) 
4 520 1022 (-416 2048 1107.810059 ) (-512 2048 1107.810059 ) (-512 2048 -392 ) (-416 2048 -392 ) 
4 520 1017 (0 2048 -392 ) (0 2048 1107.810059 ) (-416 2048 1107.810059 ) (-416 2048 -392 ) 
4 520 526 (-1024 2352 -392 ) (-1024 3072 -392 ) (-640 3072 -392 ) (-640 2352 -392 ) 
4 520 524 (-640 2256 -392 ) (-640 2368 -392 ) (-608 2368 -392 ) (-608 2256 -392 ) 
4 520 525 (-608 2048 -392 ) (-640 2048 -392 ) (-640 2160 -392 ) (-608 2160 -392 ) 
4 520 522 (-608 3072 -392 ) (-512 3072 -392 ) (-512 2704 -392 ) (-608 2704 -392 ) 
4 520 523 (-640 2512 -392 ) (-640 3072 -392 ) (-608 3072 -392 ) (-608 2512 -392 ) 
4 520 521 (0 3072 -392 ) (0 2048 -392 ) (-512 2048 -392 ) (-512 3072 -392 ) 
4 521 1022 (-416 2048 -392 ) (-512 2048 -392 ) (-512 2048 -400 ) (-416 2048 -400 ) 
4 521 1017 (0 2048 -400 ) (0 2048 -392 ) (-416 2048 -392 ) (-416 2048 -400 ) 
4 521 528 (-512 2704 -400 ) (-512 3072 -400 ) (-496 3072 -400 ) (-496 2704 -400 ) 
4 521 529 (-496 2048 -400 ) (-512 2048 -400 ) (-512 2608 -400 ) (-496 2608 -400 ) 
4 521 527 (0 2048 -400 ) (-496 2048 -400 ) (-496 3072 -400 ) (0 3072 -400 ) 
4 521 522 (-512 3072 -400 ) (-512 2704 -400 ) (-512 2704 -392 ) (-512 3072 -392 ) 
4 522 551 (-608 3072 -400 ) (-512 3072 -400 ) (-512 2720 -400 ) (-608 2720 -400 ) 
4 522 523 (-608 3072 -400 ) (-608 2704 -400 ) (-608 2704 -392 ) (-608 3072 -392 ) 
4 523 560 (-640 2512 -400 ) (-640 3072 -400 ) (-624 3072 -400 ) (-624 2512 -400 ) 
4 523 558 (-624 3072 -400 ) (-608 3072 -400 ) (-608 2704 -400 ) (-624 2704 -400 ) 
4 523 526 (-640 3072 -400 ) (-640 2512 -400 ) (-640 2512 -392 ) (-640 3072 -392 ) 
4 524 562 (-640 2352 -400 ) (-640 2368 -400 ) (-624 2368 -400 ) (-624 2352 -400 ) 
4 524 526 (-640 2368 -400 ) (-640 2352 -400 ) (-640 2352 -392 ) (-640 2368 -392 ) 
4 525 1033 (-608 2048 -392 ) (-640 2048 -392 ) (-640 2048 -400 ) (-608 2048 -400 ) 
4 526 2370 (-1024 2352 -392 ) (-1024 3072 -392 ) (-1024 3072 -400 ) (-1024 2352 -400 ) 
4 526 564 (-1024 2368 -400 ) (-1024 3072 -400 ) (-640 3072 -400 ) (-640 2368 -400 ) 
4 527 1022 (-416 2048 -400 ) (-496 2048 -400 ) (-496 2048 -456 ) (-416 2048 -456 ) 
4 527 1017 (0 2048 -456 ) (0 2048 -400 ) (-416 2048 -400 ) (-416 2048 -456 ) 
4 527 531 (-496 3072 -456 ) (-432 3072 -456 ) (-432 2704 -456 ) (-496 2704 -456 ) 
4 527 532 (-432 2608 -456 ) (-432 2048 -456 ) (-496 2048 -456 ) (-496 2608 -456 ) 
4 527 530 (-432 3072 -456 ) (0 3072 -456 ) (0 2048 -456 ) (-432 2048 -456 ) 
4 527 528 (-496 3072 -456 ) (-496 2704 -456 ) (-496 2704 -400 ) (-496 3072 -400 ) 
4 527 529 (-496 2608 -456 ) (-496 2048 -456 ) (-496 2048 -400 ) (-496 2608 -400 ) 
4 528 551 (-512 2720 -400 ) (-512 3072 -400 ) (-512 3072 -456 ) (-512 2720 -456 ) 
4 528 531 (-512 2704 -456 ) (-512 3072 -456 ) (-496 3072 -456 ) (-496 2704 -456 ) 
4 529 1022 (-496 2048 -400 ) (-512 2048 -400 ) (-512 2048 -456 ) (-496 2048 -456 ) 
4 529 556 (-512 2048 -456 ) (-512 2048 -400 ) (-512 2064 -400 ) (-512 2064 -456 ) 
4 529 532 (-512 2048 -456 ) (-512 2608 -456 ) (-496 2608 -456 ) (-496 2048 -456 ) 
4 530 1022 (-416 2048 -456 ) (-432 2048 -456 ) (-432 2048 -464 ) (-416 2048 -464 ) 
4 530 1017 (0 2048 -464 ) (0 2048 -456 ) (-416 2048 -456 ) (-416 2048 -464 ) 
4 530 539 (0 2048 -464 ) (-432 2048 -464 ) (-432 2432 -464 ) (0 2432 -464 ) 
4 530 537 (-432 2448 -464 ) (-432 2608 -464 ) (0 2608 -464 ) (0 2448 -464 ) 
4 530 534 (-432 2704 -464 ) (-432 3072 -464 ) (-416 3072 -464 ) (-416 2704 -464 ) 
4 530 533 (-416 3072 -464 ) (0 3072 -464 ) (0 2608 -464 ) (-416 2608 -464 ) 
4 530 531 (-432 3072 -464 ) (-432 2704 -464 ) (-432 2704 -456 ) (-432 3072 -456 ) 
4 530 532 (-432 2608 -464 ) (-432 2048 -464 ) (-432 2048 -456 ) (-432 2608 -456 ) 
4 531 551 (-512 2720 -456 ) (-512 3072 -456 ) (-512 3072 -464 ) (-512 2720 -464 ) 
4 531 546 (-512 2800 -464 ) (-512 3072 -464 ) (-496 3072 -464 ) (-496 2800 -464 ) 
4 531 535 (-496 3072 -464 ) (-432 3072 -464 ) (-432 2720 -464 ) (-496 2720 -464 ) 
4 532 1022 (-432 2048 -456 ) (-512 2048 -456 ) (-512 2048 -464 ) (-432 2048 -464 ) 
4 532 556 (-512 2048 -464 ) (-512 2048 -456 ) (-512 2064 -456 ) (-512 2064 -464 ) 
4 532 548 (-496 2048 -464 ) (-512 2048 -464 ) (-512 2432 -464 ) (-496 2432 -464 ) 
4 532 539 (-432 2048 -464 ) (-496 2048 -464 ) (-496 2432 -464 ) (-432 2432 -464 ) 
4 532 538 (-496 2448 -464 ) (-496 2592 -464 ) (-432 2592 -464 ) (-432 2448 -464 ) 
4 533 540 (-416 3072 -496 ) (0 3072 -496 ) (0 2800 -496 ) (-416 2800 -496 ) 
4 533 537 (-416 2608 -496 ) (0 2608 -496 ) (0 2608 -464 ) (-416 2608 -464 ) 
4 533 534 (-416 3072 -496 ) (-416 2704 -496 ) (-416 2704 -464 ) (-416 3072 -464 ) 
4 534 540 (-432 3072 -496 ) (-416 3072 -496 ) (-416 2800 -496 ) (-432 2800 -496 ) 
4 534 535 (-432 3072 -496 ) (-432 2720 -496 ) (-432 2720 -464 ) (-432 3072 -464 ) 
4 535 546 (-496 2800 -464 ) (-496 3072 -464 ) (-496 3072 -496 ) (-496 2800 -496 ) 
4 535 541 (-496 2800 -496 ) (-496 3072 -496 ) (-432 3072 -496 ) (-432 2800 -496 ) 
4 536 547 (-496 2608 -464 ) (-496 2704 -464 ) (-496 2704 -496 ) (-496 2608 -496 ) 
4 536 542 (-496 2608 -496 ) (-496 2704 -496 ) (-432 2704 -496 ) (-432 2608 -496 ) 
4 537 538 (-432 2592 -496 ) (-432 2448 -496 ) (-432 2448 -464 ) (-432 2592 -464 ) 
4 539 1022 (-416 2048 -464 ) (-496 2048 -464 ) (-496 2048 -496 ) (-416 2048 -496 ) 
4 539 1017 (0 2048 -496 ) (0 2048 -464 ) (-416 2048 -464 ) (-416 2048 -496 ) 
4 539 548 (-496 2048 -496 ) (-496 2048 -464 ) (-496 2432 -464 ) (-496 2432 -496 ) 
4 539 545 (0 2048 -496 ) (-496 2048 -496 ) (-496 2432 -496 ) (0 2432 -496 ) 
4 540 566 (0 3072 -512 ) (0 2816 -512 ) (-432 2816 -512 ) (-432 3072 -512 ) 
4 540 541 (-432 3072 -512 ) (-432 2800 -512 ) (-432 2800 -496 ) (-432 3072 -496 ) 
4 541 566 (-496 2816 -512 ) (-496 3072 -512 ) (-432 3072 -512 ) (-432 2816 -512 ) 
4 541 546 (-496 3072 -512 ) (-496 2800 -512 ) (-496 2800 -496 ) (-496 3072 -496 ) 
4 542 582 (-496 2608 -512 ) (-496 2704 -512 ) (-464 2704 -512 ) (-464 2608 -512 ) 
4 542 581 (-464 2704 -512 ) (-452 2704 -512 ) (-452 2608 -512 ) (-464 2608 -512 ) 
4 542 580 (-452 2704 -512 ) (-440 2704 -512 ) (-440 2608 -512 ) (-452 2608 -512 ) 
4 542 579 (-440 2704 -512 ) (-432 2704 -512 ) (-432 2608 -512 ) (-440 2608 -512 ) 
4 542 547 (-496 2704 -512 ) (-496 2608 -512 ) (-496 2608 -496 ) (-496 2704 -496 ) 
4 543 613 (-456 2392.004150 -512 ) (-496 2392.004150 -512 ) (-496 2432 -512 ) (-456 2432 -512 ) 
4 543 607 (0 2432 -512 ) (0 2392.004150 -512 ) (-456 2392.004150 -512 ) (-456 2432 -512 ) 
3 543 549 (-496 2432 -512 ) (-496 2392.004150 -512 ) (-496 2432 -502 ) 
3 543 544 (-496 2416.003906 -506 ) (-496 2392.003906 -512 ) (-472 2392.003906 -512 ) 
3 544 1021 (-496 2048 -506 ) (-496 2048 -512 ) (-472 2048 -512 ) 
4 544 614 (-472 2048 -512 ) (-496 2048 -512 ) (-496 2392.004150 -512 ) (-472 2392.004150 -512 ) 
4 544 550 (-496 2392.004150 -512 ) (-496 2048 -512 ) (-496 2048 -506 ) (-496 2416.004150 -506 ) 
5 545 1022 (-416 2048 -496 ) (-496 2048 -496 ) (-496 2048 -502 ) (-456 2048 -512 ) (-416 2048 -512 ) 
4 545 1017 (0 2048 -512 ) (0 2048 -496 ) (-416 2048 -496 ) (-416 2048 -512 ) 
4 545 612 (-416 2048 -512 ) (-456 2048 -512 ) (-456 2336 -512 ) (-416 2336 -512 ) 
4 545 611 (0 2336 -512 ) (0 2048 -512 ) (-416 2048 -512 ) (-416 2336 -512 ) 
4 545 610 (0 2376 -512 ) (0 2336 -512 ) (-456 2336 -512 ) (-456 2376 -512 ) 
5 545 548 (-496 2048 -502 ) (-496 2048 -496 ) (-496 2432 -496 ) (-496 2432 -498 ) (-496 2415.995850 -502 ) 
4 546 566 (-512 2816 -512 ) (-512 3072 -512 ) (-496 3072 -512 ) (-496 2816 -512 ) 
4 546 551 (-512 3072 -512 ) (-512 2800 -512 ) (-512 2800 -464 ) (-512 3072 -464 ) 
4 547 582 (-512 2608 -512 ) (-512 2704 -512 ) (-496 2704 -512 ) (-496 2608 -512 ) 
4 547 552 (-512 2704 -512 ) (-512 2608 -512 ) (-512 2608 -464 ) (-512 2704 -464 ) 
4 548 1022 (-496 2048 -464 ) (-512 2048 -464 ) (-512 2048 -498 ) (-496 2048 -502 ) 
4 548 556 (-512 2048 -472 ) (-512 2048 -464 ) (-512 2064 -464 ) (-512 2064 -472 ) 
4 549 613 (-512 2392.003906 -512 ) (-512 2432 -512 ) (-496 2432 -512 ) (-496 2392.003906 -512 ) 
4 549 550 (-496 2392 -512 ) (-496 2416 -506 ) (-512 2432 -502 ) (-512 2392 -512 ) 
4 550 1021 (-512 2048 -502 ) (-512 2048 -512 ) (-496 2048 -512 ) (-496 2048 -506 ) 
4 550 614 (-496 2048 -512 ) (-512 2048 -512 ) (-512 2392.003906 -512 ) (-496 2392.003906 -512 ) 
4 551 569 (-608 2720 -512 ) (-608 3072 -512 ) (-512 3072 -512 ) (-512 2720 -512 ) 
4 551 558 (-608 3072 -512 ) (-608 2720 -512 ) (-608 2720 -400 ) (-608 3072 -400 ) 
4 552 582 (-608 2608 -512 ) (-608 2704 -512 ) (-512 2704 -512 ) (-512 2608 -512 ) 
4 552 554 (-608 2608 -400 ) (-608 2608 -512 ) (-576 2608 -512 ) (-576 2608 -400 ) 
4 552 553 (-576 2608 -512 ) (-520 2608 -512 ) (-520 2608 -400 ) (-576 2608 -400 ) 
4 553 605 (-520 2536 -512 ) (-520 2524 -512 ) (-576 2524 -512 ) (-576 2536 -512 ) 
4 553 604 (-520 2560 -512 ) (-520 2536 -512 ) (-576 2536 -512 ) (-576 2560 -512 ) 
4 553 602 (-520 2572 -512 ) (-520 2560 -512 ) (-576 2560 -512 ) (-576 2572 -512 ) 
4 553 601 (-520 2584 -512 ) (-520 2572 -512 ) (-576 2572 -512 ) (-576 2584 -512 ) 
4 553 600 (-576 2608 -512 ) (-520 2608 -512 ) (-520 2584 -512 ) (-576 2584 -512 ) 
4 553 557 (-576 2064 -512 ) (-520 2064 -512 ) (-520 2064 -400 ) (-576 2064 -400 ) 
4 553 554 (-576 2608 -400 ) (-576 2608 -512 ) (-576 2376 -512 ) (-576 2376 -400 ) 
4 553 555 (-576 2368 -512 ) (-576 2064 -512 ) (-576 2064 -400 ) (-576 2368 -400 ) 
4 554 605 (-608 2524 -512 ) (-608 2536 -512 ) (-576 2536 -512 ) (-576 2524 -512 ) 
4 554 604 (-608 2536 -512 ) (-608 2560 -512 ) (-576 2560 -512 ) (-576 2536 -512 ) 
4 554 602 (-608 2560 -512 ) (-608 2572 -512 ) (-576 2572 -512 ) (-576 2560 -512 ) 
4 554 601 (-608 2572 -512 ) (-608 2584 -512 ) (-576 2584 -512 ) (-576 2572 -512 ) 
4 554 600 (-608 2584 -512 ) (-608 2608 -512 ) (-576 2608 -512 ) (-576 2584 -512 ) 
4 554 559 (-608 2512 -512 ) (-608 2432 -512 ) (-608 2432 -400 ) (-608 2512 -400 ) 
4 555 563 (-608 2256 -512 ) (-608 2160 -512 ) (-608 2160 -400 ) (-608 2256 -400 ) 
4 555 557 (-608 2064 -400 ) (-608 2064 -512 ) (-576 2064 -512 ) (-576 2064 -400 ) 
4 556 1035 (-512 2048 -400 ) (-520 2048 -400 ) (-520 2048 -472 ) (-512 2048 -472 ) 
4 556 557 (-520 2064 -400 ) (-520 2064 -472 ) (-520 2048 -472 ) (-520 2048 -400 ) 
4 557 1036 (-520 2048 -400 ) (-608 2048 -400 ) (-608 2048 -512 ) (-520 2048 -512 ) 
4 558 625 (-624 3072 -512 ) (-608 3072 -512 ) (-608 2704 -512 ) (-624 2704 -512 ) 
4 558 560 (-624 3072 -512 ) (-624 2704 -512 ) (-624 2704 -400 ) (-624 3072 -400 ) 
4 560 627 (-640 2512 -512 ) (-640 3072 -512 ) (-624 3072 -512 ) (-624 2512 -512 ) 
4 560 564 (-640 3072 -512 ) (-640 2512 -512 ) (-640 2512 -400 ) (-640 3072 -400 ) 
4 561 629 (-608 2376 -512 ) (-608 2368 -512 ) (-624 2368 -512 ) (-624 2376 -512 ) 
4 561 562 (-624 2376 -512 ) (-624 2368 -512 ) (-624 2368 -400 ) (-624 2376 -400 ) 
4 562 629 (-640 2352 -512 ) (-640 2432 -512 ) (-624 2432 -512 ) (-624 2352 -512 ) 
4 562 564 (-640 2432 -512 ) (-640 2368 -512 ) (-640 2368 -400 ) (-640 2432 -400 ) 
4 563 565 (-640 2256 -512 ) (-640 2160 -512 ) (-640 2160 -400 ) (-640 2256 -400 ) 
4 564 2372 (-1024 2368 -400 ) (-1024 3072 -400 ) (-1024 3072 -512 ) (-1024 2368 -512 ) 
4 564 629 (-640 2432 -512 ) (-640 2368 -512 ) (-660 2368 -512 ) (-660 2432 -512 ) 
4 564 630 (-1024 2368 -512 ) (-1024 2512 -512 ) (-660 2512 -512 ) (-660 2368 -512 ) 
4 564 627 (-1024 2512 -512 ) (-1024 3072 -512 ) (-640 3072 -512 ) (-640 2512 -512 ) 
4 565 2374 (-1024 2048 -512 ) (-1024 2048 -400 ) (-1024 2352 -400 ) (-1024 2352 -512 ) 
4 565 1038 (-640 2048 -400 ) (-1024 2048 -400 ) (-1024 2048 -512 ) (-640 2048 -512 ) 
4 566 571 (-512 2816 -640 ) (-512 3072 -640 ) (0 3072 -640 ) (0 2816 -640 ) 
4 566 569 (-512 3072 -640 ) (-512 2816 -640 ) (-512 2816 -512 ) (-512 3072 -512 ) 
4 567 575 (-176 2704 -640 ) (0 2704 -640 ) (0 2704 -512 ) (-176 2704 -512 ) 
4 568 588 (-496 2704 -640 ) (-488 2704 -640 ) (-488 2704 -592 ) (-496 2704 -586.666687 ) 
4 568 587 (-488 2704 -640 ) (-476 2704 -640 ) (-476 2704 -600 ) (-488 2704 -592 ) 
4 568 586 (-476 2704 -592 ) (-476 2704 -584 ) (-488 2704 -584 ) (-488 2704 -592 ) 
4 568 585 (-476 2704 -640 ) (-464 2704 -640 ) (-464 2704 -608 ) (-476 2704 -600 ) 
4 568 584 (-464 2704 -600 ) (-464 2704 -584 ) (-476 2704 -584 ) (-476 2704 -600 ) 
4 568 583 (-464 2704 -584 ) (-464 2704 -576 ) (-496 2704 -576 ) (-496 2704 -584 ) 
4 568 582 (-464 2704 -576 ) (-464 2704 -512 ) (-496 2704 -512 ) (-496 2704 -576 ) 
4 568 581 (-452 2704 -512 ) (-464 2704 -512 ) (-464 2704 -608 ) (-452 2704 -608 ) 
4 568 580 (-440 2704 -512 ) (-452 2704 -512 ) (-452 2704 -616 ) (-440 2704 -616 ) 
4 568 579 (-428 2704 -512 ) (-440 2704 -512 ) (-440 2704 -624 ) (-428 2704 -624 ) 
4 568 578 (-416 2704 -632 ) (-416 2704 -512 ) (-428 2704 -512 ) (-428 2704 -632 ) 
4 568 577 (-416 2704 -640 ) (-192 2704 -640 ) (-192 2704 -512 ) (-416 2704 -512 ) 
3 568 574 (-464 2704 -640 ) (-416 2704 -640 ) (-464 2704 -608 ) 
4 569 625 (-608 2720 -512 ) (-608 3072 -512 ) (-608 3072 -640 ) (-608 2720 -640 ) 
4 569 573 (-608 2720 -640 ) (-608 3072 -640 ) (-512 3072 -640 ) (-512 2720 -640 ) 
4 569 570 (-608 2720 -576 ) (-608 2720 -640 ) (-512 2720 -640 ) (-512 2720 -576 ) 
4 570 625 (-608 2720 -576 ) (-608 2720 -640 ) (-608 2704 -640 ) (-608 2704 -576 ) 
4 570 589 (-608 2704 -584 ) (-608 2704 -640 ) (-512 2704 -640 ) (-512 2704 -584 ) 
4 570 573 (-512 2704 -640 ) (-608 2704 -640 ) (-608 2720 -640 ) (-512 2720 -640 ) 
4 571 572 (-512 2816 -656 ) (-512 2816 -2387.810059 ) (0 2816 -2387.810059 ) (0 2816 -656 ) 
4 571 573 (-512 3072 -2387.810059 ) (-512 2816 -2387.810059 ) (-512 2816 -640 ) (-512 3072 -640 ) 
4 572 590 (-512 2704 -2387.810059 ) (0 2704 -2387.810059 ) (0 2704 -656 ) (-512 2704 -656 ) 
4 572 573 (-512 2816 -2387.810059 ) (-512 2704 -2387.810059 ) (-512 2704 -656 ) (-512 2816 -656 ) 
4 573 625 (-608 3072 -640 ) (-608 3072 -2387.810059 ) (-608 2704 -2387.810059 ) (-608 2704 -640 ) 
4 573 591 (-608 2704 -640 ) (-608 2704 -2387.810059 ) (-512 2704 -2387.810059 ) (-512 2704 -640 ) 
3 574 594 (-464 2608 -640 ) (-416 2608 -640 ) (-464 2608 -608 ) 
4 574 585 (-464 2704 -608 ) (-464 2704 -640 ) (-464 2608 -640 ) (-464 2608 -608 ) 
4 575 592 (-176 2608 -640 ) (0 2608 -640 ) (0 2608 -512 ) (-176 2608 -512 ) 
4 575 576 (-176 2672 -640 ) (-176 2608 -640 ) (-176 2608 -512 ) (-176 2672 -512 ) 
4 576 593 (-192 2608 -640 ) (-176 2608 -640 ) (-176 2608 -512 ) (-192 2608 -512 ) 
4 576 577 (-192 2672 -640 ) (-192 2608 -640 ) (-192 2608 -512 ) (-192 2672 -512 ) 
4 577 594 (-416 2608 -640 ) (-192 2608 -640 ) (-192 2608 -512 ) (-416 2608 -512 ) 
4 577 578 (-416 2704 -512 ) (-416 2704 -632 ) (-416 2608 -632 ) (-416 2608 -512 ) 
4 578 594 (-416 2608 -632 ) (-416 2608 -512 ) (-428 2608 -512 ) (-428 2608 -632 ) 
4 578 579 (-428 2704 -512 ) (-428 2704 -624 ) (-428 2608 -624 ) (-428 2608 -512 ) 
4 579 594 (-428 2608 -512 ) (-440 2608 -512 ) (-440 2608 -624 ) (-428 2608 -624 ) 
4 579 580 (-440 2704 -512 ) (-440 2704 -616 ) (-440 2608 -616 ) (-440 2608 -512 ) 
4 580 594 (-440 2608 -512 ) (-452 2608 -512 ) (-452 2608 -616 ) (-440 2608 -616 ) 
4 580 581 (-452 2704 -512 ) (-452 2704 -608 ) (-452 2608 -608 ) (-452 2608 -512 ) 
4 581 594 (-452 2608 -512 ) (-464 2608 -512 ) (-464 2608 -608 ) (-452 2608 -608 ) 
4 581 584 (-464 2704 -584 ) (-464 2704 -600 ) (-464 2608 -600 ) (-464 2608 -584 ) 
4 581 583 (-464 2704 -576 ) (-464 2704 -584 ) (-464 2608 -584 ) (-464 2608 -576 ) 
4 581 582 (-464 2704 -512 ) (-464 2704 -576 ) (-464 2608 -576 ) (-464 2608 -512 ) 
4 582 603 (-608 2608 -560 ) (-608 2608 -568 ) (-520 2608 -568 ) (-520 2608 -560 ) 
4 582 600 (-608 2608 -512 ) (-608 2608 -560 ) (-520 2608 -560 ) (-520 2608 -512 ) 
4 582 594 (-496 2608 -576 ) (-464 2608 -576 ) (-464 2608 -512 ) (-496 2608 -512 ) 
4 582 583 (-500 2704 -576 ) (-464 2704 -576 ) (-464 2608 -576 ) (-500 2608 -576 ) 
4 583 594 (-496 2608 -584 ) (-464 2608 -584 ) (-464 2608 -576 ) (-496 2608 -576 ) 
4 583 586 (-488 2704 -584 ) (-476 2704 -584 ) (-476 2608 -584 ) (-488 2608 -584 ) 
4 583 584 (-476 2704 -584 ) (-464 2704 -584 ) (-464 2608 -584 ) (-476 2608 -584 ) 
4 584 594 (-464 2608 -600 ) (-464 2608 -584 ) (-476 2608 -584 ) (-476 2608 -600 ) 
4 584 586 (-476 2608 -592 ) (-476 2608 -584 ) (-476 2704 -584 ) (-476 2704 -592 ) 
4 585 594 (-476 2608 -640 ) (-464 2608 -640 ) (-464 2608 -608 ) (-476 2608 -600 ) 
4 585 587 (-476 2704 -640 ) (-476 2608 -640 ) (-476 2608 -600 ) (-476 2704 -600 ) 
4 586 594 (-476 2608 -592 ) (-476 2608 -584 ) (-488 2608 -584 ) (-488 2608 -592 ) 
4 587 594 (-488 2608 -640 ) (-476 2608 -640 ) (-476 2608 -600 ) (-488 2608 -592 ) 
4 587 588 (-488 2704 -640 ) (-488 2608 -640 ) (-488 2608 -592 ) (-488 2704 -592 ) 
4 588 594 (-496 2608 -640 ) (-488 2608 -640 ) (-488 2608 -592 ) (-496 2608 -586.666687 ) 
4 589 626 (-608 2704 -584 ) (-608 2704 -640 ) (-608 2608 -640 ) (-608 2608 -584 ) 
4 589 599 (-608 2608 -584 ) (-608 2608 -640 ) (-520 2608 -640 ) (-520 2608 -584 ) 
4 589 591 (-512 2608 -640 ) (-608 2608 -640 ) (-608 2704 -640 ) (-512 2704 -640 ) 
4 590 597 (-512 2608 -2387.810059 ) (0 2608 -2387.810059 ) (0 2608 -656 ) (-512 2608 -656 ) 
4 590 591 (-512 2704 -2387.810059 ) (-512 2608 -2387.810059 ) (-512 2608 -656 ) (-512 2704 -656 ) 
4 591 626 (-608 2704 -640 ) (-608 2704 -2387.810059 ) (-608 2608 -2387.810059 ) (-608 2608 -640 ) 
4 591 599 (-608 2608 -640 ) (-608 2608 -2387.810059 ) (-520 2608 -2387.810059 ) (-520 2608 -640 ) 
4 591 597 (-520 2608 -2387.810059 ) (-512 2608 -2387.810059 ) (-512 2608 -656 ) (-520 2608 -656 ) 
4 591 596 (-512 2608 -656 ) (-512 2608 -640 ) (-520 2608 -640 ) (-520 2608 -656 ) 
4 592 595 (-176 2448 -640 ) (-29.176502 2448 -640 ) (-29.176502 2448 -512 ) (-176 2448 -512 ) 
4 592 593 (-176 2608 -512 ) (-176 2608 -640 ) (-176 2576 -640 ) (-176 2576 -512 ) 
4 593 594 (-192 2608 -512 ) (-192 2608 -640 ) (-192 2576 -640 ) (-192 2576 -512 ) 
4 595 617 (-176 2432 -528 ) (-176 2432 -640 ) (-29.176502 2432 -640 ) (-29.176502 2432 -528 ) 
4 595 607 (-29.176502 2432 -512 ) (-176 2432 -512 ) (-176 2432 -528 ) (-29.176502 2432 -528 ) 
4 596 599 (-520 2608 -640 ) (-520 2608 -656 ) (-520 2432 -656 ) (-520 2432 -640 ) 
4 596 597 (-512 2432 -656 ) (-520 2432 -656 ) (-520 2608 -656 ) (-512 2608 -656 ) 
4 597 623 (-520 2432 -736 ) (-520 2432 -2387.810059 ) (-512 2432 -2387.810059 ) (-512 2432 -736 ) 
4 597 622 (-416 2432 -656 ) (-512 2432 -656 ) (-512 2432 -2387.810059 ) (-416 2432 -2387.810059 ) 
4 597 618 (0 2432 -2387.810059 ) (0 2432 -656 ) (-416 2432 -656 ) (-416 2432 -2387.810059 ) 
4 597 599 (-520 2608 -656 ) (-520 2608 -2387.810059 ) (-520 2432 -2387.810059 ) (-520 2432 -656 ) 
4 598 599 (-608 2536.003906 -528 ) (-520 2536.003906 -528 ) (-520 2512 -528 ) (-608 2512 -528 ) 
4 599 633 (-608 2512 -2387.810059 ) (-608 2432 -2387.810059 ) (-608 2432 -528 ) (-608 2512 -528 ) 
4 599 626 (-608 2608 -576 ) (-608 2608 -2387.810059 ) (-608 2512 -2387.810059 ) (-608 2512 -576 ) 
4 599 623 (-560 2432 -2387.810059 ) (-520 2432 -2387.810059 ) (-520 2432 -736 ) (-560 2432 -736 ) 
4 599 624 (-608 2432 -528 ) (-608 2432 -2387.810059 ) (-560 2432 -2387.810059 ) (-560 2432 -528 ) 
4 600 603 (-608 2596 -560 ) (-608 2608 -560 ) (-520 2608 -560 ) (-520 2596 -560 ) 
4 600 601 (-608 2584 -512 ) (-608 2584 -552 ) (-520 2584 -552 ) (-520 2584 -512 ) 
4 601 602 (-608 2572 -512 ) (-608 2572 -544 ) (-520 2572 -544 ) (-520 2572 -512 ) 
4 602 606 (-608 2560 -528 ) (-608 2560 -536 ) (-520 2560 -536 ) (-520 2560 -528 ) 
4 602 604 (-608 2560 -512 ) (-608 2560 -528 ) (-520 2560 -528 ) (-520 2560 -512 ) 
4 604 606 (-608 2548 -528 ) (-608 2560 -528 ) (-520 2560 -528 ) (-520 2548 -528 ) 
4 604 605 (-608 2536 -512 ) (-608 2536 -520 ) (-520 2536 -520 ) (-520 2536 -512 ) 
4 607 619 (0 2336 -528 ) (0 2328.004150 -528 ) (-392 2328.004150 -528 ) (-392 2336 -528 ) 
4 607 617 (-392 2432 -528 ) (0 2432 -528 ) (0 2336 -528 ) (-392 2336 -528 ) 
4 607 613 (-456 2392.004150 -512 ) (-456 2432 -512 ) (-392 2432 -528 ) (-392 2328.004150 -528 ) 
4 607 611 (-320 2336 -526 ) (-288 2328 -528 ) (0 2328 -528 ) (0 2336 -526 ) 
5 607 609 (-432.001373 2368.001465 -518 ) (-426.666504 2362.666504 -519.333374 ) (-320 2336 -526 ) (0 2336 -526 ) (0 2368.001221 -518 ) 
3 607 608 (-426.666504 2362.666504 -519.333374 ) (-392 2328 -528 ) (-288 2328 -528 ) 
3 608 1020 (-426.666595 2048 -519.333374 ) (-416 2048 -522 ) (-416 2048 -520 ) 
4 608 1017 (-416 2048 -522 ) (-392 2048 -528 ) (-288 2048 -528 ) (-416 2048 -520 ) 
4 608 619 (-288 2048 -528 ) (-392 2048 -528 ) (-392 2328.004150 -528 ) (-288 2328.004150 -528 ) 
4 608 615 (-426.666504 2362.670654 -519.333374 ) (-392 2328.004150 -528 ) (-392 2048 -528 ) (-426.666504 2048 -519.333374 ) 
5 608 611 (-288.007812 2328.007812 -528 ) (-319.976562 2336 -526.001953 ) (-416 2336 -520 ) (-416 2048 -520 ) (-288.007782 2048 -528 ) 
4 608 609 (-319.976562 2336 -526.001953 ) (-426.671875 2362.673828 -519.333496 ) (-426.671875 2346.659668 -519.333496 ) (-416.012329 2336 -520 ) 
3 609 616 (-432.002747 2368.006836 -518 ) (-426.666504 2362.670654 -519.333374 ) (-426.666504 2346.661621 -519.333374 ) 
4 609 611 (-416.004517 2336 -520 ) (-319.984375 2336 -526 ) (0 2336 -526 ) (0 2336 -520 ) 
5 610 612 (-455.998718 2336 -512 ) (-447.997894 2336 -514 ) (-416.001160 2336 -516 ) (-416 2336 -516 ) (-416 2336 -512 ) 
4 610 611 (-416 2336 -516 ) (0 2336 -516 ) (0 2336 -512 ) (-416 2336 -512 ) 
5 611 1017 (0 2048 -528 ) (0 2048 -512 ) (-416 2048 -512 ) (-416 2048 -520 ) (-288 2048 -528 ) 
4 611 619 (0 2328.004150 -528 ) (0 2048 -528 ) (-288 2048 -528 ) (-288 2328.004150 -528 ) 
4 611 612 (-416 2336 -512 ) (-416 2336 -516 ) (-416 2048 -516 ) (-416 2048 -512 ) 
4 612 1022 (-416 2048 -512 ) (-456 2048 -512 ) (-448 2048 -514 ) (-416 2048 -516 ) 
4 613 621 (-512 2432 -528 ) (-416 2432 -528 ) (-416 2328.004150 -528 ) (-512 2328.004150 -528 ) 
4 613 619 (-392 2336 -528 ) (-392 2328.004150 -528 ) (-416 2328.004150 -528 ) (-416 2336 -528 ) 
4 613 617 (-416 2432 -528 ) (-392 2432 -528 ) (-392 2336 -528 ) (-416 2336 -528 ) 
3 613 616 (-426.662750 2362.673340 -519.333618 ) (-432.001434 2368.011963 -517.998962 ) (-448 2368.007568 -518 ) 
4 613 615 (-391.996094 2328.007812 -528 ) (-426.662750 2362.673340 -519.333618 ) (-448 2368.007568 -518 ) (-408 2328.007812 -528 ) 
4 613 614 (-472 2392.007812 -512 ) (-512 2392.007812 -512 ) (-512 2328.007812 -528 ) (-408 2328.007812 -528 ) 
4 614 1021 (-472 2048 -512 ) (-512 2048 -512 ) (-512 2048 -514 ) (-448 2048 -518 ) 
5 614 1020 (-512 2048 -514 ) (-512 2048 -528 ) (-416 2048 -528 ) (-416 2048 -526 ) (-448 2048 -518 ) 
3 614 1017 (-416 2048 -528 ) (-408 2048 -528 ) (-416 2048 -526 ) 
4 614 621 (-416 2048 -528 ) (-512 2048 -528 ) (-512 2328.004150 -528 ) (-416 2328.004150 -528 ) 
4 614 619 (-408 2048 -528 ) (-416 2048 -528 ) (-416 2328.004150 -528 ) (-408 2328.004150 -528 ) 
4 614 615 (-407.996094 2328.007812 -528 ) (-447.994598 2368.006348 -518 ) (-447.994598 2048 -518 ) (-407.996094 2048 -528 ) 
4 615 1020 (-448 2048 -518 ) (-416 2048 -526 ) (-416 2048 -522 ) (-426.666595 2048 -519.333374 ) 
4 615 1017 (-416 2048 -526 ) (-408 2048 -528 ) (-392 2048 -528 ) (-416 2048 -522 ) 
4 615 619 (-392 2328.004150 -528 ) (-392 2048 -528 ) (-408 2048 -528 ) (-408 2328.004150 -528 ) 
3 615 616 (-426.671875 2362.667969 -519.333496 ) (-447.996246 2368 -518 ) (-426.671875 2346.660156 -519.333496 ) 
4 617 621 (-416 2336 -528 ) (-416 2432 -528 ) (-416 2432 -640 ) (-416 2336 -640 ) 
4 617 619 (-416 2336 -528 ) (-416 2336 -640 ) (0 2336 -640 ) (0 2336 -528 ) 
4 618 622 (-416 2432 -648 ) (-416 2432 -2387.810059 ) (-416 2336 -2387.810059 ) (-416 2336 -648 ) 
4 618 619 (-416 2336 -648 ) (-416 2336 -800 ) (0 2336 -800 ) (0 2336 -648 ) 
4 618 620 (-416 2336 -816 ) (-416 2336 -2387.810059 ) (0 2336 -2387.810059 ) (0 2336 -816 ) 
4 619 1173 (0 2048 -800 ) (0 2048 -744 ) (-416 2048 -744 ) (-416 2048 -800 ) 
4 619 1017 (0 2048 -744 ) (0 2048 -528 ) (-416 2048 -528 ) (-416 2048 -744 ) 
4 619 621 (-416 2048 -528 ) (-416 2336 -528 ) (-416 2336 -640 ) (-416 2048 -640 ) 
4 619 622 (-416 2336 -648 ) (-416 2336 -800 ) (-416 2048 -800 ) (-416 2048 -648 ) 
4 620 1174 (0 2048 -2387.810059 ) (0 2048 -816 ) (-416 2048 -816 ) (-416 2048 -2387.810059 ) 
4 620 622 (-416 2336 -816 ) (-416 2336 -2387.810059 ) (-416 2048 -2387.810059 ) (-416 2048 -816 ) 
4 621 1020 (-416 2048 -640 ) (-416 2048 -528 ) (-512 2048 -528 ) (-512 2048 -640 ) 
4 622 1176 (-416 2048 -2387.810059 ) (-416 2048 -744 ) (-512 2048 -744 ) (-512 2048 -2387.810059 ) 
4 622 1018 (-416 2048 -744 ) (-416 2048 -648 ) (-512 2048 -648 ) (-512 2048 -744 ) 
4 622 623 (-512 2048 -2387.810059 ) (-512 2048 -736 ) (-512 2432 -736 ) (-512 2432 -2387.810059 ) 
4 623 1176 (-512 2048 -2387.810059 ) (-512 2048 -744 ) (-560 2048 -744 ) (-560 2048 -2387.810059 ) 
4 623 1041 (-512 2048 -744 ) (-512 2048 -736 ) (-560 2048 -736 ) (-560 2048 -744 ) 
4 623 624 (-560 2432 -2387.810059 ) (-560 2048 -2387.810059 ) (-560 2048 -736 ) (-560 2432 -736 ) 
4 624 1176 (-608 2048 -744 ) (-608 2048 -2387.810059 ) (-560 2048 -2387.810059 ) (-560 2048 -744 ) 
4 624 1042 (-560 2048 -528 ) (-608 2048 -528 ) (-608 2048 -744 ) (-560 2048 -744 ) 
4 624 633 (-608 2432 -528 ) (-608 2432 -2387.810059 ) (-608 2048 -2387.810059 ) (-608 2048 -528 ) 
4 625 626 (-624 2704 -576 ) (-624 2704 -2387.810059 ) (-608 2704 -2387.810059 ) (-608 2704 -576 ) 
4 625 627 (-624 3072 -2387.810059 ) (-624 2704 -2387.810059 ) (-624 2704 -512 ) (-624 3072 -512 ) 
4 626 633 (-608 2512 -2387.810059 ) (-608 2512 -576 ) (-624 2512 -576 ) (-624 2512 -2387.810059 ) 
4 626 627 (-624 2704 -2387.810059 ) (-624 2512 -2387.810059 ) (-624 2512 -576 ) (-624 2704 -576 ) 
4 627 2385 (-1024 2512 -2387.810059 ) (-1024 2512 -960 ) (-1024 3072 -960 ) (-1024 3072 -2387.810059 ) 
4 627 2382 (-1024 2512 -960 ) (-1024 2512 -640 ) (-1024 3072 -640 ) (-1024 3072 -960 ) 
4 627 2379 (-1024 2512 -640 ) (-1024 2512 -528 ) (-1024 3072 -528 ) (-1024 3072 -640 ) 
4 627 2377 (-1024 2512 -528 ) (-1024 2512 -512 ) (-1024 3072 -512 ) (-1024 3072 -528 ) 
4 627 633 (-1024 2512 -528 ) (-1024 2512 -2387.810059 ) (-624 2512 -2387.810059 ) (-624 2512 -528 ) 
4 627 628 (-660 2512 -520 ) (-660 2512 -528 ) (-624 2512 -528 ) (-624 2512 -520 ) 
4 627 630 (-660 2512 -512 ) (-1024 2512 -512 ) (-1024 2512 -528 ) (-660 2512 -528 ) 
4 628 633 (-660 2512 -528 ) (-608 2512 -528 ) (-608 2432 -528 ) (-660 2432 -528 ) 
4 628 629 (-660 2432 -520 ) (-660 2432 -528 ) (-608 2432 -528 ) (-608 2432 -520 ) 
4 628 630 (-660 2512 -520 ) (-660 2512 -528 ) (-660 2432 -528 ) (-660 2432 -520 ) 
4 629 633 (-608 2432 -528 ) (-608 2352 -528 ) (-660 2352 -528 ) (-660 2432 -528 ) 
4 629 631 (-640 2352 -528 ) (-608 2352 -528 ) (-608 2352 -512 ) (-640 2352 -512 ) 
4 629 630 (-660 2432 -528 ) (-660 2352 -528 ) (-660 2352 -512 ) (-660 2432 -512 ) 
4 630 2377 (-1024 2352 -512 ) (-1024 2512 -512 ) (-1024 2512 -528 ) (-1024 2352 -528 ) 
4 630 633 (-1024 2352 -528 ) (-1024 2512 -528 ) (-660 2512 -528 ) (-660 2352 -528 ) 
4 631 633 (-640 2352 -528 ) (-608 2352 -528 ) (-608 2256 -528 ) (-640 2256 -528 ) 
4 632 1039 (-608 2048 -528 ) (-608 2048 -512 ) (-640 2048 -512 ) (-640 2048 -528 ) 
4 632 633 (-608 2160 -528 ) (-608 2048 -528 ) (-640 2048 -528 ) (-640 2160 -528 ) 
4 633 2385 (-1024 2048 -2387.810059 ) (-1024 2048 -960 ) (-1024 2512 -960 ) (-1024 2512 -2387.810059 ) 
4 633 2382 (-1024 2048 -960 ) (-1024 2048 -640 ) (-1024 2512 -640 ) (-1024 2512 -960 ) 
4 633 2379 (-1024 2048 -640 ) (-1024 2048 -528 ) (-1024 2512 -528 ) (-1024 2512 -640 ) 
4 633 1177 (-704 2048 -744 ) (-752 2048 -744 ) (-752 2048 -2387.810059 ) (-704 2048 -2387.810059 ) 
4 633 1176 (-608 2048 -2387.810059 ) (-608 2048 -744 ) (-704 2048 -744 ) (-704 2048 -2387.810059 ) 
4 633 1179 (-752 2048 -744 ) (-1024 2048 -744 ) (-1024 2048 -2387.810059 ) (-752 2048 -2387.810059 ) 
4 633 1042 (-608 2048 -744 ) (-608 2048 -528 ) (-1024 2048 -528 ) (-1024 2048 -744 ) 
4 634 1055 (0 1616 -384 ) (0 1520 -384 ) (0 1520 1107.810059 ) (0 1616 1107.810059 ) 
4 634 1044 (0 1632 -384 ) (0 1616 -384 ) (0 1616 1107.810059 ) (0 1632 1107.810059 ) 
4 634 1043 (0 1712 -384 ) (0 1632 -384 ) (0 1632 1107.810059 ) (0 1712 1107.810059 ) 
4 634 1017 (0 2048 1107.810059 ) (0 2048 -384 ) (0 1712 -384 ) (0 1712 1107.810059 ) 
4 634 803 (0 1520 1107.810059 ) (0 1520 -384 ) (128 1520 -384 ) (128 1520 1107.810059 ) 
4 634 795 (128 1520 -384 ) (272 1520 -384 ) (272 1520 1107.810059 ) (128 1520 1107.810059 ) 
4 634 788 (272 1520 -384 ) (336 1520 -384 ) (336 1520 1107.810059 ) (272 1520 1107.810059 ) 
4 634 784 (336 1520 -384 ) (352 1520 -384 ) (352 1520 1107.810059 ) (336 1520 1107.810059 ) 
4 634 763 (832 1520 -384 ) (1024 1520 -384 ) (1024 1520 1107.810059 ) (832 1520 1107.810059 ) 
4 634 764 (352 1520 -384 ) (832 1520 -384 ) (832 1520 1107.810059 ) (352 1520 1107.810059 ) 
4 634 637 (1024 1520 -384 ) (896 1520 -384 ) (896 1648 -384 ) (1024 1648 -384 ) 
4 634 638 (896 1520 -384 ) (0 1520 -384 ) (0 1872 -384 ) (896 1872 -384 ) 
4 634 635 (896 2048 -384 ) (1024 2048 -384 ) (1024 1888 -384 ) (896 1888 -384 ) 
4 634 636 (0 1872 -384 ) (0 2048 -384 ) (896 2048 -384 ) (896 1872 -384 ) 
4 635 644 (1024 1984 -400 ) (1024 1888 -400 ) (896 1888 -400 ) (896 1984 -400 ) 
4 635 643 (896 2048 -400 ) (1024 2048 -400 ) (1024 1984 -400 ) (896 1984 -400 ) 
4 635 636 (896 2048 -400 ) (896 1888 -400 ) (896 1888 -384 ) (896 2048 -384 ) 
4 636 1017 (0 2048 -384 ) (0 2048 -400 ) (0 1872 -400 ) (0 1872 -384 ) 
4 636 659 (0 1872 -400 ) (0 2048 -400 ) (400 2048 -400 ) (400 1872 -400 ) 
4 636 657 (408 2048 -400 ) (872 2048 -400 ) (872 1872 -400 ) (408 1872 -400 ) 
4 636 653 (896 1952 -400 ) (896 1888 -400 ) (880 1888 -400 ) (880 1952 -400 ) 
4 636 650 (880 2048 -400 ) (896 2048 -400 ) (896 1952 -400 ) (880 1952 -400 ) 
4 636 638 (0 1872 -400 ) (896 1872 -400 ) (896 1872 -384 ) (0 1872 -384 ) 
4 637 763 (896 1520 -400 ) (1024 1520 -400 ) (1024 1520 -384 ) (896 1520 -384 ) 
4 637 686 (1024 1520 -400 ) (896 1520 -400 ) (896 1632 -400 ) (1024 1632 -400 ) 
4 637 638 (896 1648 -400 ) (896 1520 -400 ) (896 1520 -384 ) (896 1648 -384 ) 
4 638 1055 (0 1616 -400 ) (0 1520 -400 ) (0 1520 -384 ) (0 1616 -384 ) 
4 638 1044 (0 1632 -400 ) (0 1616 -400 ) (0 1616 -384 ) (0 1632 -384 ) 
4 638 1043 (0 1712 -400 ) (0 1632 -400 ) (0 1632 -384 ) (0 1712 -384 ) 
4 638 1017 (0 1872 -400 ) (0 1712 -400 ) (0 1712 -384 ) (0 1872 -384 ) 
4 638 803 (0 1520 -384 ) (0 1520 -400 ) (128 1520 -400 ) (128 1520 -384 ) 
4 638 795 (128 1520 -400 ) (272 1520 -400 ) (272 1520 -384 ) (128 1520 -384 ) 
4 638 788 (272 1520 -400 ) (336 1520 -400 ) (336 1520 -384 ) (272 1520 -384 ) 
4 638 784 (336 1520 -400 ) (352 1520 -400 ) (352 1520 -384 ) (336 1520 -384 ) 
4 638 763 (832 1520 -400 ) (896 1520 -400 ) (896 1520 -384 ) (832 1520 -384 ) 
4 638 764 (352 1520 -400 ) (832 1520 -400 ) (832 1520 -384 ) (352 1520 -384 ) 
4 638 699 (96 1520 -400 ) (0 1520 -400 ) (0 1568 -400 ) (96 1568 -400 ) 
4 638 698 (0 1568 -400 ) (0 1632 -400 ) (96 1632 -400 ) (96 1568 -400 ) 
4 638 696 (458 1520 -400 ) (451.333374 1520 -400 ) (451.333374 1552 -400 ) (458 1552 -400 ) 
4 638 695 (451.333374 1520 -400 ) (128 1520 -400 ) (128 1552 -400 ) (451.333374 1552 -400 ) 
4 638 694 (128 1552 -400 ) (128 1632 -400 ) (458 1632 -400 ) (458 1552 -400 ) 
4 638 697 (128 1520 -400 ) (96 1520 -400 ) (96 1632 -400 ) (128 1632 -400 ) 
4 638 689 (528 1520 -400 ) (458 1520 -400 ) (458 1552 -400 ) (528 1552 -400 ) 
4 638 688 (458 1552 -400 ) (458 1632 -400 ) (528 1632 -400 ) (528 1552 -400 ) 
4 638 686 (896 1520 -400 ) (528 1520 -400 ) (528 1632 -400 ) (896 1632 -400 ) 
4 638 684 (0 1632 -400 ) (0 1648 -400 ) (880 1648 -400 ) (880 1632 -400 ) 
4 638 662 (0 1648 -400 ) (0 1824 -400 ) (400 1824 -400 ) (400 1648 -400 ) 
4 638 660 (880 1808 -400 ) (880 1648 -400 ) (400 1648 -400 ) (400 1808 -400 ) 
4 638 659 (0 1824 -400 ) (0 1872 -400 ) (400 1872 -400 ) (400 1824 -400 ) 
4 638 657 (408 1872 -400 ) (872 1872 -400 ) (872 1824 -400 ) (408 1824 -400 ) 
4 638 656 (872 1872 -400 ) (896 1872 -400 ) (896 1824 -400 ) (872 1824 -400 ) 
4 639 702 (976 2048 -640 ) (1024 2048 -640 ) (1024 1984 -640 ) (976 1984 -640 ) 
4 639 665 (896 2048 -640 ) (896 1888 -640 ) (896 1888 -512 ) (896 2048 -512 ) 
4 639 654 (896 1888 -512 ) (896 1888 -498 ) (896 1952 -498 ) (896 1952 -512 ) 
4 639 651 (896 1952 -498 ) (896 2048 -498.001007 ) (896 2048 -512 ) (896 1952 -512 ) 
5 639 647 (944 1888 -640 ) (1024 1888 -640 ) (1024 1888 -530 ) (1015.996094 1888 -528 ) (944 1888 -528 ) 
4 639 641 (896 1904.003906 -498 ) (896 1888 -498 ) (943.993530 1888 -510 ) (943.993530 1951.997314 -510 ) 
4 639 640 (943.993530 1888 -510 ) (1024 1888 -530 ) (1024 2048 -530 ) (943.993530 2048 -510 ) 
3 640 647 (1015.996094 1888 -528 ) (1024 1888 -530 ) (1024 1888 -528 ) 
4 640 645 (976 1984.009155 -512 ) (1024 2032.009888 -515 ) (1024 2048 -515 ) (976 2048 -512 ) 
3 640 642 (943.988281 1951.996948 -510 ) (1024 1972.002319 -515 ) (1024 2032.009888 -515 ) 
4 640 641 (943.988281 1951.996948 -510 ) (943.988281 1888 -510 ) (1024 1888 -515 ) (1024 1972.002319 -515 ) 
3 641 655 (896 1888 -498 ) (896 1888 -494 ) (896 1904.003906 -498 ) 
3 641 642 (1024 1972.004395 -515.001099 ) (943.992188 1952 -510 ) (1024 1952 -510 ) 
4 642 645 (1024 2032.013794 -515 ) (976 1984.007812 -512 ) (976 1984 -512 ) (1024 1984 -512 ) 
4 643 650 (896 1984 -400 ) (896 2048 -400 ) (896 2048 -494 ) (896 1984 -494 ) 
4 643 645 (976 2048 -508 ) (1024 2048 -511 ) (1024 1984 -511 ) (976 1984 -508 ) 
6 643 644 (896 1984 -400 ) (896 1984 -494 ) (944.003906 1984 -506 ) (976.003723 1984 -508 ) (1024 1984 -508 ) (1024 1984 -400 ) 
5 644 653 (896 1888 -490 ) (896 1888 -400 ) (896 1952 -400 ) (896 1952 -494 ) (896 1904 -494 ) 
4 644 650 (896 1952 -400 ) (896 1984 -400 ) (896 1984 -494 ) (896 1952 -494 ) 
4 644 646 (1024 1888 -480 ) (1024 1888 -400 ) (976 1888 -400 ) (976 1888 -480 ) 
4 646 648 (1024 1872 -480 ) (1024 1872 -400 ) (976 1872 -400 ) (976 1872 -480 ) 
4 647 649 (944 1872 -640 ) (1024 1872 -640 ) (1024 1872 -528 ) (944 1872 -528 ) 
4 648 656 (896 1824 -400 ) (896 1872 -400 ) (896 1872 -512 ) (896 1824 -512 ) 
4 649 705 (928 1744 -640 ) (976 1744 -640 ) (976 1696 -640 ) (928 1696 -640 ) 
4 650 653 (896 1952 -494 ) (896 1952 -400 ) (880 1952 -400 ) (880 1952 -490 ) 
4 650 652 (880 1952 -480 ) (880 1952 -416 ) (880 2048 -416 ) (880 2048 -480 ) 
4 651 665 (880 2048 -512 ) (896 2048 -512 ) (896 1952 -512 ) (880 1952 -512 ) 
4 651 654 (880 1952 -512 ) (896 1952 -512 ) (896 1952 -498 ) (880 1952 -494 ) 
4 652 657 (872 1952 -480 ) (872 1952 -416 ) (872 2048 -416 ) (872 2048 -480 ) 
4 654 665 (896 1952 -512 ) (896 1888 -512 ) (880 1888 -512 ) (880 1952 -512 ) 
4 654 655 (880 1888.007080 -494.001770 ) (880 1888 -494.001770 ) (896 1888 -498.001770 ) (896 1904.006226 -498.001556 ) 
4 656 657 (872 1872 -512 ) (872 1824 -512 ) (872 1824 -400 ) (872 1872 -400 ) 
4 657 667 (608 2048 -512 ) (872 2048 -512 ) (872 1920 -512 ) (608 1920 -512 ) 
4 658 671 (360.004150 2048 -512 ) (400 2048 -512 ) (400 1824 -512 ) (360.004150 1824 -512 ) 
3 658 664 (360.004150 1824 -512 ) (400 1824 -512 ) (400 1824 -502.001007 ) 
4 659 1017 (0 2048 -400 ) (0 2048 -512 ) (0 1824 -512 ) (0 1824 -400 ) 
4 659 673 (304 2048 -512 ) (344 2048 -512 ) (344 1824 -512 ) (304 1824 -512 ) 
4 659 683 (0 2048 -512 ) (304 2048 -512 ) (304 1824 -512 ) (0 1824 -512 ) 
5 659 662 (0 1824 -512 ) (344 1824 -512 ) (400 1824 -498 ) (400 1824 -400 ) (0 1824 -400 ) 
4 660 684 (880 1648 -400 ) (400 1648 -400 ) (400 1648 -512 ) (880 1648 -512 ) 
4 660 680 (400 1712 -512 ) (400 1752 -512 ) (880 1752 -512 ) (880 1712 -512 ) 
4 660 682 (880 1648 -512 ) (400 1648 -512 ) (400 1712 -512 ) (880 1712 -512 ) 
4 660 663 (400 1752 -512 ) (400 1648 -512 ) (400 1648 -498 ) (400 1808 -498 ) 
4 660 662 (400 1648 -498 ) (400 1648 -400 ) (400 1808 -400 ) (400 1808 -498 ) 
4 661 677 (400 1768 -512 ) (400 1808 -512 ) (880 1808 -512 ) (880 1768 -512 ) 
3 661 664 (400 1808 -512 ) (400 1768 -512 ) (400 1808 -502 ) 
4 662 1043 (0 1712 -512 ) (0 1648 -512 ) (0 1648 -400 ) (0 1712 -400 ) 
4 662 1017 (0 1824 -512 ) (0 1712 -512 ) (0 1712 -400 ) (0 1824 -400 ) 
5 662 684 (400 1648 -400 ) (0 1648 -400 ) (0 1648 -512 ) (344 1648 -512 ) (400 1648 -498 ) 
4 662 674 (304 1712 -512 ) (304 1824 -512 ) (344 1824 -512 ) (344 1712 -512 ) 
4 662 682 (344 1648 -512 ) (304 1648 -512 ) (304 1712 -512 ) (344 1712 -512 ) 
4 662 683 (304 1648 -512 ) (0 1648 -512 ) (0 1824 -512 ) (304 1824 -512 ) 
4 662 663 (344 1648 -512 ) (344 1752 -512 ) (400 1808 -498 ) (400 1648 -498 ) 
3 663 684 (344 1648 -512 ) (400 1648 -512 ) (400 1648 -498 ) 
4 663 680 (368 1752 -512 ) (400 1752 -512 ) (400 1712 -512 ) (368 1712 -512 ) 
4 663 675 (344 1712 -512 ) (344 1752 -512 ) (368 1752 -512 ) (368 1712 -512 ) 
4 663 682 (400 1648 -512 ) (344 1648 -512 ) (344 1712 -512 ) (400 1712 -512 ) 
4 664 678 (368 1824 -512 ) (400 1824 -512 ) (400 1768 -512 ) (368 1768 -512 ) 
4 664 676 (360.004059 1824 -512 ) (368 1824 -512 ) (368 1768 -512 ) (360.004059 1768 -512 ) 
4 665 666 (880 2048 -640 ) (880 1952 -640 ) (880 1952 -512 ) (880 2048 -512 ) 
4 666 667 (872 2048 -640 ) (872 1952 -640 ) (872 1952 -512 ) (872 2048 -512 ) 
4 667 669 (608 2048 -640 ) (608 1920 -640 ) (608 1920 -520 ) (608 2048 -520 ) 
4 667 668 (608 1920 -520 ) (608 1920 -640 ) (872 1920 -640 ) (872 1920 -520 ) 
4 668 669 (608 1920 -640 ) (608 1824 -640 ) (608 1824 -520 ) (608 1920 -520 ) 
4 669 670 (408 2048 -640 ) (408 1920 -640 ) (408 1920 -528 ) (408 2048 -528 ) 
4 670 671 (400 2048 -640 ) (400 1920 -640 ) (400 1920 -528 ) (400 2048 -528 ) 
6 671 678 (304 1824 -526.001038 ) (304 1824 -640 ) (400 1824 -640 ) (400 1824 -512 ) (368 1824 -512 ) (357.338776 1824 -512.666321 ) 
3 671 676 (368 1824 -512 ) (360.004120 1824 -512 ) (357.338776 1824 -512.666321 ) 
4 671 672 (304 2048 -526 ) (304 1824 -526 ) (336.002930 1824 -518 ) (336.002930 2048 -518 ) 
4 671 683 (304 2048 -640 ) (304 1824 -640 ) (304 1824 -526.001038 ) (304 2048 -526.001038 ) 
3 672 679 (304 1824 -520 ) (304 1824 -526.001038 ) (336.007751 1824 -518 ) 
4 672 683 (304 1824 -526.001038 ) (304 1824 -520 ) (304 2048 -520 ) (304 2048 -526.001038 ) 
4 673 674 (304 1824 -512 ) (304 1824 -516 ) (336 1824 -514 ) (344 1824 -512 ) 
4 673 683 (304 1824 -516 ) (304 1824 -512 ) (304 2048 -512 ) (304 2048 -516 ) 
3 674 680 (336 1712 -514 ) (304 1712 -516 ) (336 1744 -514 ) 
4 674 675 (344 1712 -512 ) (335.998108 1712 -514 ) (335.998108 1743.997803 -514 ) (344 1752 -512 ) 
4 674 683 (304 1712 -516 ) (304 1712 -512 ) (304 1824 -512 ) (304 1824 -516 ) 
4 674 682 (304 1712 -512 ) (304 1712 -516 ) (336 1712 -514 ) (344 1712 -512 ) 
4 675 680 (368 1712 -512 ) (336 1712 -514 ) (336 1744 -514 ) (368 1752 -512 ) 
3 675 682 (336 1712 -514 ) (368 1712 -512 ) (344 1712 -512 ) 
4 676 678 (357.338715 1824 -512.666321 ) (368 1824 -512 ) (368 1768 -512 ) (357.338715 1765.334717 -512.666321 ) 
4 677 681 (400 1712 -526 ) (880 1712 -526 ) (880 1743.994873 -518 ) (400 1743.994873 -518 ) 
5 677 678 (400 1712 -640 ) (400 1712 -525.996094 ) (400 1767.987793 -512 ) (400 1808 -512 ) (400 1808 -640 ) 
4 677 682 (400 1712 -640 ) (880 1712 -640 ) (880 1712 -526 ) (400 1712 -526 ) 
4 678 681 (336.007782 1744 -518 ) (304.008057 1712 -526 ) (400 1712 -526 ) (400 1743.994873 -518 ) 
4 678 679 (304 1712 -526 ) (336.002075 1744.002075 -518 ) (336.002228 1824 -518 ) (304 1824 -526 ) 
4 678 683 (304 1824 -640 ) (304 1712 -640 ) (304 1712 -526 ) (304 1824 -526.001038 ) 
4 678 682 (304 1712 -526 ) (304 1712 -640 ) (400 1712 -640 ) (400 1712 -526 ) 
4 679 681 (304 1735.997681 -520 ) (304 1712 -526 ) (304.008057 1712 -526 ) (336.007782 1744 -518 ) 
4 679 683 (304 1712 -526 ) (304 1736.001587 -520 ) (304 1824 -520 ) (304 1824 -526.001038 ) 
4 680 682 (304 1712 -516 ) (880 1712 -516 ) (880 1712 -512 ) (368 1712 -512 ) 
4 681 682 (304 1712 -520 ) (304 1712 -526 ) (880 1712 -526 ) (880 1712 -520 ) 
3 681 683 (304 1712 -526 ) (304 1712 -520 ) (304 1736.001587 -520 ) 
4 682 712 (496 1648 -640 ) (400 1648 -640 ) (400 1700 -640 ) (496 1700 -640 ) 
4 682 710 (880 1712 -640 ) (880 1648 -640 ) (496 1648 -640 ) (496 1712 -640 ) 
4 682 713 (400 1648 -640 ) (304 1648 -640 ) (304 1712 -640 ) (400 1712 -640 ) 
4 682 685 (304 1648 -640 ) (880 1648 -640 ) (880 1648 -512 ) (304 1648 -512 ) 
4 682 683 (304 1712 -640 ) (304 1648 -640 ) (304 1648 -512 ) (304 1712 -512 ) 
4 683 1043 (0 1712 -640 ) (0 1648 -640 ) (0 1648 -512 ) (0 1712 -512 ) 
4 683 1017 (0 2048 -512 ) (0 2048 -640 ) (0 1712 -640 ) (0 1712 -512 ) 
4 683 713 (0 1648 -640 ) (0 1712 -640 ) (304 1712 -640 ) (304 1648 -640 ) 
4 683 709 (0 1712 -640 ) (0 1808 -640 ) (304 1808 -640 ) (304 1712 -640 ) 
4 683 708 (0 1808 -640 ) (0 2048 -640 ) (304 2048 -640 ) (304 1808 -640 ) 
4 683 685 (0 1648 -640 ) (304 1648 -640 ) (304 1648 -512 ) (0 1648 -512 ) 
4 684 1043 (0 1632 -512 ) (0 1632 -400 ) (0 1648 -400 ) (0 1648 -512 ) 
4 684 698 (96 1632 -400 ) (0 1632 -400 ) (0 1632 -512 ) (96 1632 -512 ) 
4 684 694 (458 1632 -400 ) (128 1632 -400 ) (128 1632 -512 ) (271.333344 1632 -512 ) 
4 684 697 (128 1632 -400 ) (96 1632 -400 ) (96 1632 -512 ) (128 1632 -512 ) 
4 684 688 (528 1632 -400 ) (458 1632 -400 ) (271.333344 1632 -512 ) (528 1632 -512 ) 
4 684 686 (880 1632 -400 ) (528 1632 -400 ) (528 1632 -512 ) (880 1632 -512 ) 
4 684 685 (880 1632 -512 ) (0 1632 -512 ) (0 1648 -512 ) (880 1648 -512 ) 
4 685 1043 (0 1648 -640 ) (0 1632 -640 ) (0 1632 -512 ) (0 1648 -512 ) 
4 685 712 (400 1648 -640 ) (496 1648 -640 ) (496 1632 -640 ) (400 1632 -640 ) 
4 685 710 (496 1648 -640 ) (880 1648 -640 ) (880 1632 -640 ) (496 1632 -640 ) 
4 685 713 (0 1632 -640 ) (0 1648 -640 ) (400 1648 -640 ) (400 1632 -640 ) 
4 685 698 (0 1632 -640 ) (96 1632 -640 ) (96 1632 -512 ) (0 1632 -512 ) 
3 685 694 (271.333344 1632 -512 ) (128 1632 -512 ) (128 1632 -598 ) 
4 685 697 (128 1632 -512 ) (96 1632 -512 ) (96 1632 -617.200012 ) (128 1632 -598 ) 
5 685 688 (96 1632 -640 ) (528 1632 -640 ) (528 1632 -512 ) (271.333344 1632 -512 ) (96 1632 -617.200012 ) 
4 685 687 (528 1632 -640 ) (880 1632 -640 ) (880 1632 -576 ) (528 1632 -576 ) 
4 685 686 (880 1632 -576 ) (880 1632 -512 ) (528 1632 -512 ) (528 1632 -576 ) 
4 686 765 (1024 1520 -576 ) (1024 1520 -512 ) (528 1520 -512 ) (528 1520 -576 ) 
4 686 764 (832 1520 -400 ) (528 1520 -400 ) (528 1520 -512 ) (832 1520 -512 ) 
4 686 689 (528 1552 -576 ) (528 1520 -576 ) (528 1520 -400 ) (528 1552 -400 ) 
4 686 688 (528 1632 -400 ) (528 1632 -576 ) (528 1552 -576 ) (528 1552 -400 ) 
5 686 687 (1017.599731 1520 -576 ) (528 1520 -576 ) (528 1632 -576 ) (1024 1632 -576 ) (1024 1522.207031 -576 ) 
4 687 766 (528 1520 -640 ) (1017.599731 1520 -640 ) (1017.599731 1520 -576 ) (528 1520 -576 ) 
4 687 710 (880 1520 -640 ) (528 1520 -640 ) (528 1632 -640 ) (880 1632 -640 ) 
4 687 706 (976 1520 -640 ) (880 1520 -640 ) (880 1632 -640 ) (976 1632 -640 ) 
5 687 703 (1017.599731 1520 -640 ) (976 1520 -640 ) (976 1632 -640 ) (1024 1632 -640 ) (1024 1522.207031 -640 ) 
4 687 691 (528 1552 -640 ) (528 1520 -640 ) (528 1520 -598 ) (528 1552 -598 ) 
4 687 689 (528 1520 -594.002380 ) (528 1520 -576 ) (528 1552 -576 ) (528 1552 -594.002380 ) 
4 687 688 (528 1632 -576 ) (528 1632 -640 ) (528 1552 -640 ) (528 1552 -576 ) 
4 688 712 (400 1632 -640 ) (496 1632 -640 ) (496 1552 -640 ) (400 1552 -640 ) 
4 688 710 (496 1632 -640 ) (528 1632 -640 ) (528 1552 -640 ) (496 1552 -640 ) 
4 688 713 (96 1552 -640 ) (96 1632 -640 ) (400 1632 -640 ) (400 1552 -640 ) 
4 688 701 (96 1568 -640 ) (96 1552 -640 ) (96 1552 -617.200012 ) (96 1568 -617.200012 ) 
4 688 698 (96 1632 -617.200012 ) (96 1632 -640 ) (96 1568 -640 ) (96 1568 -617.200012 ) 
4 688 694 (128 1552 -598 ) (458 1552 -400 ) (458 1632 -400 ) (128 1632 -598 ) 
4 688 697 (96 1632 -617.199646 ) (96 1584 -617.199646 ) (128 1552 -598 ) (128 1632 -598 ) 
3 688 693 (96 1584 -617.199646 ) (96 1552 -617.199646 ) (128 1552 -598 ) 
5 688 691 (528 1552 -640 ) (528 1552 -598 ) (128 1552 -598 ) (96 1552 -617.199951 ) (96 1552 -640 ) 
3 688 690 (527.996033 1552 -594 ) (331.331360 1552 -476.001160 ) (134.666550 1552 -594 ) 
4 688 689 (528 1552 -594.002380 ) (528 1552 -400 ) (458 1552 -400 ) (331.331360 1552 -476.001160 ) 
3 689 788 (336 1520 -473.200043 ) (331.331390 1520 -476.001221 ) (336 1520 -478.802399 ) 
4 689 784 (352 1520 -463.600037 ) (336 1520 -473.200043 ) (336 1520 -478.802399 ) (352 1520 -488.402374 ) 
4 689 775 (479.995880 1520 -565.199890 ) (491.329376 1520 -572 ) (496 1520 -569.197632 ) (496 1520 -565.199951 ) 
4 689 772 (496 1520 -512 ) (391.329376 1520 -512 ) (479.995880 1520 -565.199890 ) (496 1520 -565.199951 ) 
3 689 769 (491.329376 1520 -572 ) (496 1520 -574.802368 ) (496 1520 -569.197632 ) 
4 689 767 (528 1520 -594.002380 ) (528 1520 -512 ) (496 1520 -512 ) (496 1520 -574.802368 ) 
6 689 764 (528 1520 -512 ) (528 1520 -400 ) (458 1520 -400 ) (352 1520 -463.600037 ) (352 1520 -488.402374 ) (391.329376 1520 -512 ) 
4 689 696 (331.331238 1520 -476.001099 ) (458 1520 -400 ) (458 1552 -400 ) (331.331238 1552 -476.001099 ) 
4 689 690 (331.332031 1520 -476 ) (331.332031 1552 -476 ) (528 1552 -594 ) (495.998688 1520 -574.799988 ) 
3 690 795 (272 1520 -511.600037 ) (166.666672 1520 -574.800049 ) (272 1520 -574.799988 ) 
4 690 789 (272 1520 -565.199951 ) (272 1520 -574.799988 ) (336 1520 -574.799988 ) (336 1520 -565.200012 ) 
5 690 788 (336 1520 -478.802399 ) (331.331390 1520 -476.001221 ) (272 1520 -511.600037 ) (272 1520 -565.199951 ) (336 1520 -565.200012 ) 
4 690 784 (352 1520 -488.402374 ) (336 1520 -478.802399 ) (336 1520 -574.799988 ) (352 1520 -574.799988 ) 
5 690 775 (491.329376 1520 -572 ) (479.995880 1520 -565.199890 ) (352 1520 -565.200012 ) (352 1520 -574.799988 ) (486.662720 1520 -574.799988 ) 
4 690 772 (479.995880 1520 -565.199890 ) (391.329376 1520 -512 ) (352 1520 -512 ) (352 1520 -565.200012 ) 
3 690 769 (495.996033 1520 -574.799988 ) (491.329376 1520 -572 ) (486.662720 1520 -574.799988 ) 
3 690 764 (391.329376 1520 -512 ) (352 1520 -488.402374 ) (352 1520 -512 ) 
4 690 696 (166.666168 1520 -574.799988 ) (331.331238 1520 -476.001099 ) (331.331238 1552 -476.001099 ) (134.666122 1552 -594 ) 
4 691 806 (96 1520 -640 ) (128 1520 -640 ) (128 1520 -598 ) (96 1520 -617.200012 ) 
5 691 802 (128 1520 -640 ) (160 1520 -640 ) (160 1520 -579 ) (159.666718 1520 -579 ) (128 1520 -598 ) 
5 691 801 (261.212036 1520 -640 ) (272 1520 -640 ) (272 1520 -624.109558 ) (268.441101 1520 -627.846924 ) (264.543762 1520 -633.381409 ) 
4 691 799 (272 1520 -579 ) (272 1520 -578.799988 ) (175.996643 1520 -578.799988 ) (176.330048 1520 -579 ) 
4 691 798 (175.996643 1520 -578.799988 ) (160 1520 -578.799988 ) (159.666718 1520 -579 ) (176.330048 1520 -579 ) 
15 691 791 (272 1520 -640 ) (336 1520 -640 ) (336 1520 -624.120178 ) (334.853485 1520 -622.915894 ) (329.556305 1520 -618.782166 ) (323.667847 1520 -615.445923 ) (317.352936 1520 -613.010010 ) (310.711151 1520 -611.518250 ) (304.039642 1520 -611.026062 ) (297.250244 1520 -611.526978 ) (290.647095 1520 -613.010010 ) (284.332031 1520 -615.445984 ) (278.444489 1520 -618.781677 ) (273.107727 1520 -622.946289 ) (272 1520 -624.109558 ) 
4 691 790 (336 1520 -579 ) (336 1520 -578.799988 ) (272 1520 -578.799988 ) (272 1520 -579 ) 
5 691 787 (336 1520 -640 ) (346.786926 1520 -640 ) (343.455139 1520 -633.381165 ) (339.586121 1520 -627.886902 ) (336 1520 -624.120178 ) 
4 691 786 (352 1520 -579 ) (352 1520 -578.799988 ) (336 1520 -578.799988 ) (336 1520 -579 ) 
4 691 774 (479.996124 1520 -578.799988 ) (352 1520 -578.799988 ) (352 1520 -579 ) (479.662750 1520 -579 ) 
4 691 771 (496 1520 -579 ) (496 1520 -578.799988 ) (479.996124 1520 -578.799988 ) (479.662750 1520 -579 ) 
4 691 768 (496 1520 -640 ) (528 1520 -640 ) (528 1520 -598 ) (496 1520 -578.799988 ) 
4 691 712 (496 1520 -640 ) (400 1520 -640 ) (400 1552 -640 ) (496 1552 -640 ) 
4 691 710 (528 1520 -640 ) (496 1520 -640 ) (496 1552 -640 ) (528 1552 -640 ) 
4 691 713 (400 1520 -640 ) (96 1520 -640 ) (96 1552 -640 ) (400 1552 -640 ) 
4 691 701 (96 1552 -640 ) (96 1520 -640 ) (96 1520 -617.200012 ) (96 1552 -617.200012 ) 
4 691 693 (96 1552 -617.199646 ) (96 1520 -617.199646 ) (128 1520 -598 ) (128 1552 -598 ) 
3 692 796 (153.333313 1520 -578.799988 ) (128 1520 -578.799988 ) (128 1520 -594 ) 
3 692 695 (128 1545.333374 -594 ) (128 1520 -578.799927 ) (153.333405 1520 -578.799927 ) 
3 692 693 (128 1520 -578.797668 ) (128 1545.337158 -594 ) (128 1520 -594 ) 
4 693 806 (96 1520 -578.799988 ) (96 1520 -617.200012 ) (128 1520 -598 ) (128 1520 -578.799988 ) 
5 693 701 (96 1568 -617.200012 ) (96 1520 -617.200012 ) (96 1520 -586 ) (96 1532 -586 ) (96 1568 -607.599976 ) 
3 693 700 (96 1520 -582 ) (96 1520 -578.799988 ) (96 1525.333374 -582 ) 
3 693 698 (96 1584 -617.200012 ) (96 1568 -617.200012 ) (96 1568 -607.599976 ) 
4 693 697 (128 1552 -598 ) (96 1584 -617.199951 ) (96 1520 -578.799927 ) (128 1520 -578.799927 ) 
4 694 696 (128 1552 -594 ) (134.666656 1552 -594 ) (458 1552 -400 ) (451.333313 1552 -400 ) 
3 694 695 (128 1552 -400 ) (128 1552 -594 ) (451.333313 1552 -400 ) 
5 694 697 (128 1632 -400 ) (128 1632 -598 ) (128 1552.003906 -598 ) (128 1552 -597.997681 ) (128 1552 -400 ) 
4 695 796 (128 1520 -574.799988 ) (128 1520 -578.799988 ) (153.333313 1520 -578.799988 ) (160 1520 -574.799988 ) 
5 695 795 (272 1520 -400 ) (128 1520 -400 ) (128 1520 -574.799988 ) (160 1520 -574.799988 ) (272 1520 -507.599976 ) 
4 695 788 (336 1520 -400 ) (272 1520 -400 ) (272 1520 -507.599976 ) (336 1520 -469.200012 ) 
4 695 784 (352 1520 -400 ) (336 1520 -400 ) (336 1520 -469.200012 ) (352 1520 -459.600006 ) 
3 695 764 (451.333374 1520 -400 ) (352 1520 -400 ) (352 1520 -459.600006 ) 
4 695 696 (128 1552 -594 ) (451.333344 1552 -400 ) (451.333344 1520 -400 ) (160 1520 -574.799988 ) 
5 695 697 (128 1545.337158 -594 ) (128 1520 -578.797668 ) (128 1520 -400 ) (128 1552 -400 ) (128 1552 -594 ) 
4 696 795 (272 1520 -507.599976 ) (160 1520 -574.799988 ) (166.666687 1520 -574.799988 ) (272 1520 -511.600037 ) 
4 696 788 (336 1520 -469.200012 ) (272 1520 -507.599976 ) (272 1520 -511.600037 ) (336 1520 -473.200043 ) 
4 696 784 (352 1520 -459.600006 ) (336 1520 -469.200012 ) (336 1520 -473.200043 ) (352 1520 -463.600037 ) 
4 696 764 (458 1520 -400 ) (451.333374 1520 -400 ) (352 1520 -459.600006 ) (352 1520 -463.600037 ) 
4 697 806 (96 1520 -576 ) (96 1520 -578.799988 ) (128 1520 -578.799988 ) (128 1520 -576 ) 
4 697 804 (96 1520 -567.600037 ) (96 1520 -576 ) (128 1520 -576 ) (128 1520 -567.600037 ) 
4 697 803 (128 1520 -400 ) (96 1520 -400 ) (96 1520 -567.600037 ) (128 1520 -567.600037 ) 
3 697 701 (96 1568 -607.599976 ) (96 1532 -586 ) (96 1568 -586 ) 
4 697 700 (96 1525.333374 -582 ) (96 1520 -578.799988 ) (96 1520 -567.600037 ) (96 1568 -582 ) 
4 697 699 (96 1520 -567.600037 ) (96 1520 -400 ) (96 1568 -400 ) (96 1568 -582 ) 
5 697 698 (96 1632 -400 ) (96 1632 -617.200012 ) (96 1584 -617.200012 ) (96 1568 -607.599976 ) (96 1568 -400 ) 
4 698 1056 (0 1616 -640 ) (0 1568 -640 ) (0 1568 -464 ) (0 1616 -464 ) 
4 698 1055 (0 1568 -464 ) (0 1568 -400 ) (0 1616 -400 ) (0 1616 -464 ) 
4 698 1044 (0 1632 -640 ) (0 1616 -640 ) (0 1616 -400 ) (0 1632 -400 ) 
4 698 713 (0 1568 -640 ) (0 1632 -640 ) (96 1632 -640 ) (96 1568 -640 ) 
4 698 701 (0 1568 -640 ) (96 1568 -640 ) (96 1568 -586 ) (0 1568 -586 ) 
4 698 699 (96 1568 -582 ) (96 1568 -400 ) (0 1568 -400 ) (0 1568 -582 ) 
3 699 1078 (0 1568 -576 ) (0 1568 -582 ) (0 1548 -576 ) 
5 699 1069 (0 1520 -567.600037 ) (0 1520 -562 ) (0 1568 -562 ) (0 1568 -576 ) (0 1548 -576 ) 
4 699 1067 (0 1520 -562 ) (0 1520 -464 ) (0 1568 -464 ) (0 1568 -562 ) 
4 699 1055 (0 1520 -464 ) (0 1520 -400 ) (0 1568 -400 ) (0 1568 -464 ) 
4 699 803 (0 1520 -400 ) (0 1520 -567.599976 ) (96 1520 -567.600037 ) (96 1520 -400 ) 
3 699 700 (96 1568 -582 ) (96 1520 -567.598999 ) (47.996712 1520 -567.598999 ) 
3 700 807 (96 1520 -582 ) (96 1520 -576 ) (76 1520 -576 ) 
4 700 804 (96 1520 -576 ) (96 1520 -567.600037 ) (48 1520 -567.599976 ) (76 1520 -576 ) 
5 701 1079 (0 1568 -640 ) (0 1520 -640 ) (0 1520 -576 ) (0 1534.666748 -576 ) (0 1568 -586 ) 
3 701 1070 (0 1520 -576 ) (0 1520 -571.599976 ) (0 1534.666748 -576 ) 
4 701 808 (64 1520 -640 ) (96 1520 -640 ) (96 1520 -586 ) (64 1520 -576.400024 ) 
4 701 713 (96 1520 -640 ) (0 1520 -640 ) (0 1568 -640 ) (96 1568 -640 ) 
4 702 718 (976 1984 -656 ) (976 2048 -656 ) (1024 2048 -656 ) (1024 1984 -656 ) 
4 703 766 (976 1520 -656 ) (1017.599731 1520 -656 ) (1017.599731 1520 -640 ) (976 1520 -640 ) 
4 703 731 (992 1520 -656 ) (976 1520 -656 ) (976 1632 -656 ) (992 1632 -656 ) 
5 703 729 (1017.599731 1520 -656 ) (992 1520 -656 ) (992 1644 -656 ) (1024 1644 -656 ) (1024 1522.207031 -656 ) 
4 703 723 (992 1648 -656 ) (1024 1648 -656 ) (1024 1644 -656 ) (992 1644 -656 ) 
4 703 706 (976 1632 -656 ) (976 1520 -656 ) (976 1520 -640 ) (976 1632 -640 ) 
4 704 726 (880 1744 -656 ) (880 1776 -656 ) (896 1776 -656 ) (896 1744 -656 ) 
4 704 722 (880 1776 -656 ) (880 1888 -656 ) (896 1888 -656 ) (896 1776 -656 ) 
4 704 714 (880 1808 -656 ) (880 1744 -656 ) (880 1744 -648 ) (880 1808 -648 ) 
4 705 724 (928 1744 -656 ) (976 1744 -656 ) (976 1696 -656 ) (928 1696 -656 ) 
4 706 766 (880 1520 -656 ) (976 1520 -656 ) (976 1520 -640 ) (880 1520 -640 ) 
4 706 731 (976 1520 -656 ) (880 1520 -656 ) (880 1632 -656 ) (976 1632 -656 ) 
4 706 714 (880 1632 -656 ) (880 1520 -656 ) (880 1520 -648 ) (880 1632 -648 ) 
4 706 710 (880 1520 -648 ) (880 1520 -640 ) (880 1632 -640 ) (880 1632 -648 ) 
4 707 736 (304 2048 -656 ) (400 2048 -656 ) (400 1808 -656 ) (304 1808 -656 ) 
4 707 717 (304 1808 -656 ) (400 1808 -656 ) (400 1808 -648 ) (304 1808 -648 ) 
4 707 708 (304 2048 -656 ) (304 1808 -656 ) (304 1808 -648 ) (304 2048 -648 ) 
4 708 1017 (0 2048 -640 ) (0 2048 -656 ) (0 1808 -656 ) (0 1808 -640 ) 
4 708 736 (0 1808 -656 ) (0 2048 -656 ) (304 2048 -656 ) (304 1808 -656 ) 
4 708 717 (0 1808 -656 ) (304 1808 -656 ) (304 1808 -648 ) (0 1808 -648 ) 
4 708 709 (304 1808 -648 ) (304 1808 -640 ) (0 1808 -640 ) (0 1808 -648 ) 
4 709 1017 (0 1712 -640 ) (0 1808 -640 ) (0 1808 -648 ) (0 1712 -648 ) 
4 709 717 (0 1808 -648 ) (304 1808 -648 ) (304 1712 -648 ) (0 1712 -648 ) 
4 709 713 (0 1712 -648 ) (304 1712 -648 ) (304 1712 -640 ) (0 1712 -640 ) 
4 710 768 (496 1520 -648 ) (528 1520 -648 ) (528 1520 -640 ) (496 1520 -640 ) 
4 710 766 (528 1520 -648 ) (880 1520 -648 ) (880 1520 -640 ) (528 1520 -640 ) 
4 710 714 (880 1712 -648 ) (880 1520 -648 ) (496 1520 -648 ) (496 1712 -648 ) 
3 710 711 (496 1712 -640 ) (496 1712 -648 ) (496 1700 -648 ) 
4 710 712 (496 1700 -648 ) (496 1520 -648 ) (496 1520 -640 ) (496 1700 -640 ) 
4 711 715 (400 1700 -648 ) (400 1712 -648 ) (496 1712 -648 ) (496 1700 -648 ) 
3 711 713 (400 1712 -640 ) (400 1712 -648 ) (400 1700 -648 ) 
4 712 716 (496 1520 -648 ) (400 1520 -648 ) (400 1688 -648 ) (496 1688 -648 ) 
4 712 713 (400 1700 -648 ) (400 1520 -648 ) (400 1520 -640 ) (400 1700 -640 ) 
4 713 1079 (0 1520 -648 ) (0 1520 -640 ) (0 1568 -640 ) (0 1568 -648 ) 
4 713 1056 (0 1568 -640 ) (0 1616 -640 ) (0 1616 -648 ) (0 1568 -648 ) 
4 713 1044 (0 1616 -640 ) (0 1632 -640 ) (0 1632 -648 ) (0 1616 -648 ) 
4 713 1043 (0 1632 -640 ) (0 1712 -640 ) (0 1712 -648 ) (0 1632 -648 ) 
4 713 808 (64 1520 -648 ) (96 1520 -648 ) (96 1520 -640 ) (64 1520 -640 ) 
4 713 806 (96 1520 -648 ) (128 1520 -648 ) (128 1520 -640 ) (96 1520 -640 ) 
4 713 802 (128 1520 -648 ) (160 1520 -648 ) (160 1520 -640 ) (128 1520 -640 ) 
5 713 801 (259.006012 1520 -648 ) (272 1520 -648 ) (272 1520 -640 ) (261.311432 1520 -640 ) (259.378998 1520 -645.851929 ) 
4 713 791 (272 1520 -648 ) (336 1520 -648 ) (336 1520 -640 ) (272 1520 -640 ) 
5 713 787 (336 1520 -648 ) (348.993652 1520 -648 ) (348.620972 1520 -645.851929 ) (346.687622 1520 -640 ) (336 1520 -640 ) 
4 713 717 (400 1520 -648 ) (0 1520 -648 ) (0 1712 -648 ) (400 1712 -648 ) 
4 714 768 (496 1520 -656 ) (528 1520 -656 ) (528 1520 -648 ) (496 1520 -648 ) 
4 714 766 (528 1520 -656 ) (880 1520 -656 ) (880 1520 -648 ) (528 1520 -648 ) 
4 714 734 (544 1520 -656 ) (496 1520 -656 ) (496 1568 -656 ) (544 1568 -656 ) 
4 714 733 (496 1568 -656 ) (496 1644 -656 ) (544 1644 -656 ) (544 1568 -656 ) 
4 714 732 (880 1520 -656 ) (544 1520 -656 ) (544 1644 -656 ) (880 1644 -656 ) 
4 714 728 (496 1644 -656 ) (496 1776 -656 ) (880 1776 -656 ) (880 1644 -656 ) 
4 714 722 (496 1776 -656 ) (496 1808 -656 ) (880 1808 -656 ) (880 1776 -656 ) 
4 714 715 (496 1700 -648 ) (496 1808 -648 ) (496 1808 -656 ) (496 1688 -656 ) 
4 714 716 (496 1520 -648 ) (496 1688 -648 ) (496 1688 -656 ) (496 1520 -656 ) 
4 715 736 (400 1688 -656 ) (400 1808 -656 ) (496 1808 -656 ) (496 1688 -656 ) 
4 715 717 (400 1700 -648 ) (400 1808 -648 ) (400 1808 -656 ) (400 1688 -656 ) 
4 716 740 (400 1628 -656 ) (400 1640 -656 ) (496 1640 -656 ) (496 1628 -656 ) 
4 716 741 (496 1520 -656 ) (400 1520 -656 ) (400 1628 -656 ) (496 1628 -656 ) 
4 716 739 (400 1640 -656 ) (400 1652 -656 ) (496 1652 -656 ) (496 1640 -656 ) 
4 716 737 (400 1664 -656 ) (400 1676 -656 ) (496 1676 -656 ) (496 1664 -656 ) 
4 716 738 (400 1652 -656 ) (400 1664 -656 ) (496 1664 -656 ) (496 1652 -656 ) 
4 716 717 (400 1520 -648 ) (400 1688 -648 ) (400 1688 -656 ) (400 1520 -656 ) 
4 717 1079 (0 1568 -656 ) (0 1520 -656 ) (0 1520 -648 ) (0 1568 -648 ) 
4 717 1056 (0 1616 -656 ) (0 1568 -656 ) (0 1568 -648 ) (0 1616 -648 ) 
4 717 1044 (0 1632 -656 ) (0 1616 -656 ) (0 1616 -648 ) (0 1632 -648 ) 
4 717 1043 (0 1712 -656 ) (0 1632 -656 ) (0 1632 -648 ) (0 1712 -648 ) 
4 717 1017 (0 1808 -656 ) (0 1712 -656 ) (0 1712 -648 ) (0 1808 -648 ) 
4 717 808 (64 1520 -656 ) (96 1520 -656 ) (96 1520 -648 ) (64 1520 -648 ) 
4 717 806 (96 1520 -656 ) (128 1520 -656 ) (128 1520 -648 ) (96 1520 -648 ) 
4 717 802 (128 1520 -656 ) (160 1520 -656 ) (160 1520 -648 ) (128 1520 -648 ) 
5 717 801 (258.135651 1520 -656 ) (272 1520 -656 ) (272 1520 -648 ) (259.006042 1520 -648 ) (258.221039 1520 -652.520996 ) 
4 717 791 (272 1520 -656 ) (336 1520 -656 ) (336 1520 -648 ) (272 1520 -648 ) 
5 717 787 (336 1520 -656 ) (349.863892 1520 -656 ) (349.778015 1520 -652.520996 ) (348.993652 1520 -648 ) (336 1520 -648 ) 
4 717 743 (400 1520 -656 ) (0 1520 -656 ) (0 1688 -656 ) (400 1688 -656 ) 
4 717 736 (0 1688 -656 ) (0 1808 -656 ) (400 1808 -656 ) (400 1688 -656 ) 
4 718 721 (976 1984 -672 ) (976 1984 -656 ) (976 2048 -656 ) (976 2048 -672 ) 
4 718 720 (976 1984 -656 ) (976 1984 -672 ) (1024 1984 -672 ) (1024 1984 -656 ) 
4 719 747 (976 2048 -720 ) (992 2048 -720 ) (992 1984 -720 ) (976 1984 -720 ) 
4 719 746 (992 2048 -720 ) (1024 2048 -720 ) (1024 1984 -720 ) (992 1984 -720 ) 
4 719 721 (976 2048 -720 ) (976 1984 -720 ) (976 1984 -688 ) (976 2048 -688 ) 
4 719 720 (976 1984 -688 ) (976 1984 -720 ) (1024 1984 -720 ) (1024 1984 -688 ) 
4 720 747 (992 1776 -720 ) (976 1776 -720 ) (976 1984 -720 ) (992 1984 -720 ) 
4 720 746 (1024 1984 -720 ) (1024 1776 -720 ) (992 1776 -720 ) (992 1984 -720 ) 
4 720 723 (992 1776 -720 ) (1024 1776 -720 ) (1024 1776 -656 ) (992 1776 -656 ) 
4 720 721 (976 1984 -720 ) (976 1792 -720 ) (976 1792 -656 ) (976 1984 -656 ) 
4 721 747 (928 2048 -720 ) (976 2048 -720 ) (976 1792 -720 ) (928 1792 -720 ) 
4 721 722 (928 2048 -720 ) (928 1792 -720 ) (928 1792 -656 ) (928 2048 -656 ) 
4 722 749 (736 2048 -720 ) (880 2048 -720 ) (880 1776 -720 ) (736 1776 -720 ) 
4 722 750 (496 1776 -720 ) (496 2048 -720 ) (736 2048 -720 ) (736 1776 -720 ) 
4 722 747 (912 2048 -720 ) (928 2048 -720 ) (928 1776 -720 ) (912 1776 -720 ) 
4 722 748 (880 2048 -720 ) (912 2048 -720 ) (912 1776 -720 ) (880 1776 -720 ) 
4 722 736 (496 2048 -720 ) (496 1776 -720 ) (496 1776 -656 ) (496 2048 -656 ) 
4 722 726 (880 1776 -720 ) (912 1776 -720 ) (912 1776 -656 ) (880 1776 -656 ) 
4 722 728 (496 1776 -656 ) (496 1776 -720 ) (880 1776 -720 ) (880 1776 -656 ) 
4 723 752 (1024 1712 -720 ) (1024 1644 -720 ) (992 1644 -720 ) (992 1712 -720 ) 
4 723 746 (992 1776 -720 ) (1024 1776 -720 ) (1024 1712 -720 ) (992 1712 -720 ) 
4 723 730 (992 1644 -720 ) (1024 1644 -720 ) (1024 1644 -704 ) (992 1644 -704 ) 
4 723 729 (1024 1644 -704 ) (1024 1644 -656 ) (992 1644 -656 ) (992 1644 -704 ) 
4 724 725 (928 1692 -720 ) (928 1644 -720 ) (928 1644 -656 ) (928 1692 -656 ) 
4 725 727 (912 1692 -720 ) (912 1644 -720 ) (912 1644 -656 ) (912 1692 -656 ) 
4 726 754 (912 1712 -720 ) (912 1704 -720 ) (880 1704 -720 ) (880 1712 -720 ) 
4 726 748 (880 1776 -720 ) (912 1776 -720 ) (912 1712 -720 ) (880 1712 -720 ) 
4 726 728 (880 1776 -656 ) (880 1776 -720 ) (880 1704 -720 ) (880 1704 -656 ) 
4 727 728 (880 1692 -720 ) (880 1644 -720 ) (880 1644 -656 ) (880 1692 -656 ) 
4 728 757 (496 1644 -720 ) (496 1712 -720 ) (608 1712 -720 ) (608 1644 -720 ) 
4 728 756 (608 1712 -720 ) (736 1712 -720 ) (736 1644 -720 ) (608 1644 -720 ) 
4 728 749 (736 1776 -720 ) (880 1776 -720 ) (880 1760 -720 ) (736 1760 -720 ) 
4 728 750 (496 1712 -720 ) (496 1776 -720 ) (736 1776 -720 ) (736 1712 -720 ) 
4 728 739 (496 1644 -680 ) (496 1644 -656 ) (496 1652 -656 ) (496 1652 -680 ) 
4 728 737 (496 1664 -656 ) (496 1676 -656 ) (496 1676 -664 ) (496 1664 -664 ) 
4 728 738 (496 1652 -656 ) (496 1664 -656 ) (496 1664 -672 ) (496 1652 -672 ) 
5 728 736 (496 1776 -720 ) (496 1644 -720 ) (496 1644 -685.333374 ) (496 1688 -656 ) (496 1776 -656 ) 
4 728 733 (496 1644 -656 ) (496 1644 -720 ) (544 1644 -720 ) (544 1644 -656 ) 
4 728 732 (544 1644 -720 ) (880 1644 -720 ) (880 1644 -656 ) (544 1644 -656 ) 
4 729 766 (1017.599792 1520 -656 ) (992 1520 -656 ) (992 1520 -704 ) (1017.599792 1520 -704 ) 
4 729 731 (992 1632 -704 ) (992 1520 -704 ) (992 1520 -656 ) (992 1632 -656 ) 
5 729 730 (1017.599792 1520 -704 ) (992 1520 -704 ) (992 1644 -704 ) (1024 1644 -704 ) (1024 1522.207031 -704 ) 
4 730 778 (992 1520 -720 ) (1017.599792 1520 -720 ) (1017.599792 1520 -712 ) (992 1520 -712 ) 
4 730 777 (1017.599792 1520 -712 ) (1017.599792 1520 -704 ) (992 1520 -704 ) (992 1520 -712 ) 
5 730 752 (1017.599792 1520 -720 ) (992 1520 -720 ) (992 1644 -720 ) (1024 1644 -720 ) (1024 1522.207031 -720 ) 
4 730 731 (992 1632 -720 ) (992 1520 -720 ) (992 1520 -704 ) (992 1632 -704 ) 
4 731 778 (880 1520 -720 ) (992 1520 -720 ) (992 1520 -712 ) (880 1520 -712 ) 
4 731 777 (992 1520 -712 ) (992 1520 -704 ) (880 1520 -704 ) (880 1520 -712 ) 
4 731 766 (992 1520 -704 ) (992 1520 -656 ) (880 1520 -656 ) (880 1520 -704 ) 
4 731 755 (912 1520 -720 ) (880 1520 -720 ) (880 1632 -720 ) (912 1632 -720 ) 
4 731 753 (992 1520 -720 ) (912 1520 -720 ) (912 1632 -720 ) (992 1632 -720 ) 
4 731 732 (880 1632 -720 ) (880 1520 -720 ) (880 1520 -656 ) (880 1632 -656 ) 
4 732 778 (544 1520 -720 ) (880 1520 -720 ) (880 1520 -712 ) (544 1520 -712 ) 
4 732 777 (880 1520 -712 ) (880 1520 -704 ) (544 1520 -704 ) (544 1520 -712 ) 
4 732 766 (880 1520 -704 ) (880 1520 -656 ) (544 1520 -656 ) (544 1520 -704 ) 
4 732 757 (544 1632 -720 ) (544 1644 -720 ) (608 1644 -720 ) (608 1632 -720 ) 
4 732 756 (608 1616 -720 ) (608 1644 -720 ) (736 1644 -720 ) (736 1616 -720 ) 
4 732 734 (544 1520 -704 ) (544 1520 -656 ) (544 1568 -656 ) (544 1568 -704 ) 
4 732 735 (544 1568 -720 ) (544 1520 -720 ) (544 1520 -712 ) (544 1568 -712 ) 
4 732 733 (544 1644 -656 ) (544 1644 -720 ) (544 1568 -720 ) (544 1568 -656 ) 
4 733 757 (496 1632 -720 ) (496 1644 -720 ) (544 1644 -720 ) (544 1632 -720 ) 
4 733 744 (496 1592 -720 ) (496 1568 -720 ) (496 1568 -704 ) (496 1616 -704 ) 
4 733 742 (496 1568 -704 ) (496 1568 -696 ) (496 1616 -696 ) (496 1616 -704 ) 
4 733 740 (496 1628 -656 ) (496 1640 -656 ) (496 1640 -688 ) (496 1628 -688 ) 
4 733 741 (496 1568 -696 ) (496 1568 -656 ) (496 1628 -656 ) (496 1628 -696 ) 
4 733 739 (496 1640 -656 ) (496 1644 -656 ) (496 1644 -680 ) (496 1640 -680 ) 
3 733 736 (496 1644 -720 ) (496 1592 -720 ) (496 1644 -685.333374 ) 
4 733 734 (496 1568 -656 ) (496 1568 -704 ) (544 1568 -704 ) (544 1568 -656 ) 
4 733 735 (496 1568 -712 ) (496 1568 -720 ) (544 1568 -720 ) (544 1568 -712 ) 
4 734 768 (528 1520 -656 ) (496 1520 -656 ) (496 1520 -704 ) (528 1520 -704 ) 
4 734 766 (544 1520 -704 ) (544 1520 -656 ) (528 1520 -656 ) (528 1520 -704 ) 
4 734 742 (496 1520 -704 ) (496 1520 -696 ) (496 1568 -696 ) (496 1568 -704 ) 
4 734 741 (496 1520 -696 ) (496 1520 -656 ) (496 1568 -656 ) (496 1568 -696 ) 
4 735 778 (496 1520 -720 ) (544 1520 -720 ) (544 1520 -712 ) (496 1520 -712 ) 
4 735 745 (496 1568 -720 ) (496 1520 -720 ) (496 1520 -712 ) (496 1568 -712 ) 
4 736 1103 (0 1616 -720 ) (0 1592 -720 ) (0 1604 -712 ) (0 1616 -712 ) 
3 736 1101 (0 1604 -712 ) (0 1616 -704 ) (0 1616 -712 ) 
4 736 1044 (0 1632 -720 ) (0 1616 -720 ) (0 1616 -704 ) (0 1632 -693.333374 ) 
5 736 1043 (0 1712 -720 ) (0 1632 -720 ) (0 1632 -693.333374 ) (0 1688 -656 ) (0 1712 -656 ) 
4 736 1017 (0 2048 -656 ) (0 2048 -720 ) (0 1712 -720 ) (0 1712 -656 ) 
4 736 757 (0 1632 -720 ) (0 1712 -720 ) (496 1712 -720 ) (496 1632 -720 ) 
4 736 750 (0 1712 -720 ) (0 2048 -720 ) (496 2048 -720 ) (496 1712 -720 ) 
4 736 744 (0 1592 -720 ) (496 1592 -720 ) (496 1616 -704 ) (0 1616 -704 ) 
4 736 743 (400 1688 -656 ) (0 1688 -656 ) (0 1616 -704 ) (400 1616 -704 ) 
4 737 738 (400 1664 -656 ) (400 1664 -664 ) (496 1664 -664 ) (496 1664 -656 ) 
4 737 743 (400 1664 -664 ) (400 1664 -656 ) (400 1676 -656 ) (400 1676 -664 ) 
4 738 739 (400 1652 -656 ) (400 1652 -672 ) (496 1652 -672 ) (496 1652 -656 ) 
4 738 743 (400 1664 -672 ) (400 1652 -672 ) (400 1652 -656 ) (400 1664 -656 ) 
4 739 740 (400 1640 -656 ) (400 1640 -680 ) (496 1640 -680 ) (496 1640 -656 ) 
4 739 743 (400 1640 -680 ) (400 1640 -656 ) (400 1652 -656 ) (400 1652 -680 ) 
4 740 741 (400 1628 -656 ) (400 1628 -688 ) (496 1628 -688 ) (496 1628 -656 ) 
4 740 743 (400 1628 -688 ) (400 1628 -656 ) (400 1640 -656 ) (400 1640 -688 ) 
4 741 742 (400 1520 -696 ) (400 1616 -696 ) (496 1616 -696 ) (496 1520 -696 ) 
4 741 743 (400 1628 -696 ) (400 1520 -696 ) (400 1520 -656 ) (400 1628 -656 ) 
4 742 744 (400 1616.003906 -704 ) (496 1616.003906 -704 ) (496 1568 -704 ) (400 1568 -704 ) 
4 742 743 (400 1616 -704 ) (400 1520 -704 ) (400 1520 -696 ) (400 1616 -696 ) 
4 743 1079 (0 1520 -704 ) (0 1520 -656 ) (0 1568 -656 ) (0 1568 -704 ) 
4 743 1056 (0 1568 -656 ) (0 1616 -656 ) (0 1616 -704 ) (0 1568 -704 ) 
4 743 1044 (0 1616 -656 ) (0 1632 -656 ) (0 1632 -693.333435 ) (0 1616 -704 ) 
3 743 1043 (0 1632 -656 ) (0 1688 -656 ) (0 1632 -693.333435 ) 
4 743 808 (64 1520 -704 ) (96 1520 -704 ) (96 1520 -656 ) (64 1520 -656 ) 
4 743 806 (96 1520 -704 ) (128 1520 -704 ) (128 1520 -656 ) (96 1520 -656 ) 
4 743 802 (128 1520 -704 ) (160 1520 -704 ) (160 1520 -656 ) (128 1520 -656 ) 
8 743 801 (272 1520 -690 ) (272 1520 -656 ) (258.135651 1520 -656 ) (258.054993 1520 -659.286194 ) (258.884003 1520 -666.004028 ) (260.688995 1520 -672.526062 ) (263.432037 1520 -678.714050 ) (267.052002 1520 -684.432007 ) 
4 743 791 (272 1520 -704 ) (336 1520 -704 ) (336 1520 -656 ) (272 1520 -656 ) 
8 743 787 (349.863892 1520 -656 ) (336 1520 -656 ) (336 1520 -690 ) (340.948090 1520 -684.431885 ) (344.568085 1520 -678.713867 ) (347.310852 1520 -672.526428 ) (349.115997 1520 -666.003845 ) (349.945007 1520 -659.285828 ) 
4 743 744 (0 1616.003906 -704 ) (400 1616.003906 -704 ) (400 1568 -704 ) (0 1568 -704 ) 
4 744 1103 (0 1592 -720 ) (0 1568 -720 ) (0 1568 -712 ) (0 1604 -712 ) 
4 744 1101 (0 1568 -712 ) (0 1568 -704 ) (0 1616 -704 ) (0 1604 -712 ) 
4 744 745 (0 1568 -720 ) (496 1568 -720 ) (496 1568 -712 ) (0 1568 -712 ) 
4 745 1103 (0 1568 -720 ) (0 1520 -720 ) (0 1520 -712 ) (0 1568 -712 ) 
4 745 794 (272 1520 -720 ) (336 1520 -720 ) (336 1520 -712 ) (272 1520 -712 ) 
4 745 779 (352 1520 -720 ) (488 1520 -720 ) (488 1520 -712 ) (352 1520 -712 ) 
4 746 752 (1024 1712 -736 ) (1024 1712 -720 ) (992 1712 -720 ) (992 1712 -736 ) 
4 746 747 (992 2048 -736 ) (992 1776 -736 ) (992 1776 -720 ) (992 2048 -720 ) 
4 746 751 (1024 1712 -736 ) (992 1712 -736 ) (992 2048 -736 ) (1024 2048 -736 ) 
4 747 751 (912 1776 -736 ) (912 2048 -736 ) (992 2048 -736 ) (992 1776 -736 ) 
4 747 748 (912 2048 -736 ) (912 1776 -736 ) (912 1776 -720 ) (912 2048 -720 ) 
4 748 754 (912 1712 -720 ) (880 1712 -720 ) (880 1712 -736 ) (912 1712 -736 ) 
4 748 749 (880 2048 -736 ) (880 1760 -736 ) (880 1760 -720 ) (880 2048 -720 ) 
4 748 751 (912 1712 -736 ) (880 1712 -736 ) (880 2048 -736 ) (912 2048 -736 ) 
4 749 750 (736 2048 -736 ) (736 1760 -736 ) (736 1760 -720 ) (736 2048 -720 ) 
4 749 751 (736 1760 -736 ) (736 2048 -736 ) (880 2048 -736 ) (880 1760 -736 ) 
4 750 1017 (0 2048 -720 ) (0 2048 -736 ) (0 1712 -736 ) (0 1712 -720 ) 
4 750 757 (608 1712 -720 ) (0 1712 -720 ) (0 1712 -736 ) (608 1712 -736 ) 
4 750 756 (736 1712 -720 ) (608 1712 -720 ) (608 1712 -736 ) (736 1712 -736 ) 
4 750 751 (736 1712 -736 ) (0 1712 -736 ) (0 2048 -736 ) (736 2048 -736 ) 
4 751 1017 (0 2048 -736 ) (0 2048 -744 ) (0 1712 -744 ) (0 1712 -736 ) 
4 751 1014 (0 2048 -744 ) (304 2048 -744 ) (304 1712 -744 ) (0 1712 -744 ) 
4 751 1013 (304 2048 -744 ) (1024 2048 -744 ) (1024 1712 -744 ) (304 1712 -744 ) 
4 751 761 (0 1712 -744 ) (736 1712 -744 ) (736 1712 -736 ) (0 1712 -736 ) 
4 751 760 (736 1712 -744 ) (1024 1712 -744 ) (1024 1712 -736 ) (736 1712 -736 ) 
4 752 780 (992 1520 -736 ) (1024 1520 -736 ) (1024 1520 -720 ) (992 1520 -720 ) 
4 752 760 (1024 1520 -736 ) (992 1520 -736 ) (992 1712 -736 ) (1024 1712 -736 ) 
4 752 753 (992 1632 -736 ) (992 1520 -736 ) (992 1520 -720 ) (992 1632 -720 ) 
4 753 780 (912 1520 -736 ) (992 1520 -736 ) (992 1520 -720 ) (912 1520 -720 ) 
4 753 760 (992 1520 -736 ) (912 1520 -736 ) (912 1632 -736 ) (992 1632 -736 ) 
4 753 755 (912 1632 -736 ) (912 1520 -736 ) (912 1520 -720 ) (912 1632 -720 ) 
4 754 760 (880 1696 -736 ) (880 1712 -736 ) (912 1712 -736 ) (912 1696 -736 ) 
4 755 780 (880 1520 -736 ) (912 1520 -736 ) (912 1520 -720 ) (880 1520 -720 ) 
4 755 760 (912 1520 -736 ) (880 1520 -736 ) (880 1632 -736 ) (912 1632 -736 ) 
4 756 761 (608 1616 -736 ) (608 1712 -736 ) (736 1712 -736 ) (736 1616 -736 ) 
4 756 758 (608 1632 -736 ) (608 1616 -736 ) (608 1616 -728 ) (608 1632 -728 ) 
4 756 757 (608 1712 -720 ) (608 1712 -736 ) (608 1632 -736 ) (608 1632 -720 ) 
4 757 1043 (0 1632 -720 ) (0 1712 -720 ) (0 1712 -736 ) (0 1632 -736 ) 
4 757 761 (0 1632 -736 ) (0 1712 -736 ) (608 1712 -736 ) (608 1632 -736 ) 
4 757 758 (0 1632 -736 ) (608 1632 -736 ) (608 1632 -728 ) (0 1632 -728 ) 
4 758 1045 (0 1632 -728 ) (0 1632 -736 ) (0 1616 -736 ) (0 1616 -728 ) 
4 758 761 (0 1616 -736 ) (0 1632 -736 ) (608 1632 -736 ) (608 1616 -736 ) 
4 758 759 (592 1616 -736 ) (608 1616 -736 ) (608 1616 -728 ) (592 1616 -728 ) 
4 759 781 (592 1520 -736 ) (608 1520 -736 ) (608 1520 -728 ) (592 1520 -728 ) 
4 759 762 (608 1520 -736 ) (592 1520 -736 ) (592 1616 -736 ) (608 1616 -736 ) 
4 760 1013 (1024 1712 -744 ) (1024 1520 -744 ) (736 1520 -744 ) (736 1712 -744 ) 
4 760 1012 (736 1520 -744 ) (1024 1520 -744 ) (1024 1520 -736 ) (736 1520 -736 ) 
4 760 762 (736 1520 -744 ) (736 1520 -736 ) (736 1616 -736 ) (736 1616 -744 ) 
4 760 761 (736 1616 -736 ) (736 1712 -736 ) (736 1712 -744 ) (736 1616 -744 ) 
4 761 1050 (0 1712 -744 ) (0 1616 -744 ) (0 1616 -736 ) (0 1712 -736 ) 
4 761 1016 (0 1616 -744 ) (0 1712 -744 ) (304 1712 -744 ) (304 1616 -744 ) 
4 761 1013 (304 1712 -744 ) (736 1712 -744 ) (736 1616 -744 ) (304 1616 -744 ) 
4 761 762 (0 1616 -744 ) (736 1616 -744 ) (736 1616 -736 ) (0 1616 -736 ) 
4 762 1111 (0 1616 -744 ) (0 1520 -744 ) (0 1520 -736 ) (0 1616 -736 ) 
4 762 1016 (304 1520 -744 ) (0 1520 -744 ) (0 1616 -744 ) (304 1616 -744 ) 
4 762 1013 (736 1520 -744 ) (304 1520 -744 ) (304 1616 -744 ) (736 1616 -744 ) 
4 762 1012 (0 1520 -736 ) (0 1520 -744 ) (736 1520 -744 ) (736 1520 -736 ) 
4 763 811 (1024 1504 -384 ) (1024 1504 1107.810059 ) (832 1504 1107.810059 ) (832 1504 -384 ) 
4 763 764 (832 1504 -400 ) (832 1504 1107.810059 ) (832 1520 1107.810059 ) (832 1520 -400 ) 
4 764 905 (352 1504 -459.599976 ) (352 1504 -463.600006 ) (480 1504 -386.800018 ) (480 1504 -382.799988 ) 
4 764 885 (448 1504 -512 ) (480 1504 -512 ) (480 1504 -386.800018 ) (448 1504 -406 ) 
4 764 886 (352 1504 -463.600006 ) (352 1504 -512 ) (448 1504 -512 ) (448 1504 -406 ) 
4 764 882 (480 1504 1107.810059 ) (352 1504 1107.810059 ) (352 1504 -459.599976 ) (480 1504 -382.799988 ) 
4 764 879 (496 1504 1107.810059 ) (480 1504 1107.810059 ) (480 1504 -512 ) (496 1504 -512 ) 
4 764 816 (496 1504 -400 ) (496 1504 -512 ) (816 1504 -512 ) (816 1504 -400 ) 
4 764 812 (496 1504 -384 ) (496 1504 -400 ) (832 1504 -400 ) (832 1504 -384 ) 
4 764 811 (832 1504 1107.810059 ) (496 1504 1107.810059 ) (496 1504 -384 ) (832 1504 -384 ) 
4 764 784 (352 1520 1107.810059 ) (352 1520 -512 ) (352 1504 -512 ) (352 1504 1107.810059 ) 
4 764 772 (496 1504 -512 ) (352 1504 -512 ) (352 1520 -512 ) (496 1520 -512 ) 
4 764 767 (528 1504 -512 ) (496 1504 -512 ) (496 1520 -512 ) (528 1520 -512 ) 
4 764 765 (832 1504 -512 ) (528 1504 -512 ) (528 1520 -512 ) (832 1520 -512 ) 
4 765 861 (560 1504 -512 ) (528 1504 -512 ) (528 1504 -576 ) (560 1504 -576 ) 
4 765 840 (752 1504 -512 ) (736 1504 -512 ) (736 1504 -576 ) (752 1504 -576 ) 
4 765 842 (736 1504 -512 ) (560 1504 -512 ) (560 1504 -576 ) (736 1504 -576 ) 
4 765 828 (1024 1504 -576 ) (1024 1504 -560 ) (832 1504 -560 ) (832 1504 -576 ) 
4 765 827 (1024 1504 -560 ) (1024 1504 -528 ) (832 1504 -528 ) (832 1504 -560 ) 
4 765 830 (832 1504 -528 ) (752 1504 -528 ) (752 1504 -576 ) (832 1504 -576 ) 
4 765 823 (832 1504 -512 ) (752 1504 -512 ) (752 1504 -528 ) (832 1504 -528 ) 
4 765 767 (528 1504 -576 ) (528 1504 -512 ) (528 1520 -512 ) (528 1520 -576 ) 
4 765 766 (971.199707 1504 -576 ) (528 1504 -576 ) (528 1520 -576 ) (1017.599731 1520 -576 ) 
4 766 861 (560 1504 -576 ) (528 1504 -576 ) (528 1504 -704 ) (560 1504 -704 ) 
4 766 843 (736 1504 -704 ) (752 1504 -704 ) (752 1504 -593 ) (736 1504 -593 ) 
4 766 844 (560 1504 -593 ) (560 1504 -704 ) (736 1504 -704 ) (736 1504 -593 ) 
4 766 840 (752 1504 -576 ) (736 1504 -576 ) (736 1504 -593 ) (752 1504 -593 ) 
4 766 842 (736 1504 -576 ) (560 1504 -576 ) (560 1504 -593 ) (736 1504 -593 ) 
4 766 837 (768 1504 -576 ) (752 1504 -576 ) (752 1504 -704 ) (768 1504 -704 ) 
4 766 836 (816 1504 -576 ) (768 1504 -576 ) (768 1504 -704 ) (816 1504 -704 ) 
4 766 834 (832 1504 -576 ) (816 1504 -576 ) (816 1504 -704 ) (832 1504 -704 ) 
4 766 831 (971.199707 1504 -576 ) (832 1504 -576 ) (832 1504 -704 ) (971.199707 1504 -704 ) 
4 766 777 (971.199707 1504 -704 ) (544 1504 -704 ) (544 1520 -704 ) (1017.599731 1520 -704 ) 
4 766 768 (528 1520 -704 ) (528 1504 -704 ) (528 1504 -598 ) (528 1520 -598 ) 
4 766 767 (528 1504 -594.002319 ) (528 1504 -576 ) (528 1520 -576 ) (528 1520 -594.002319 ) 
4 767 863 (528 1504 -512 ) (496 1504 -512 ) (496 1504 -574.802368 ) (528 1504 -594.002319 ) 
3 767 775 (496 1520 -565.199951 ) (496 1520 -569.197632 ) (496 1513.337158 -569.197632 ) 
4 767 773 (496 1504 -569.197632 ) (496 1504 -565.199951 ) (496 1520 -565.199951 ) (496 1513.337158 -569.197632 ) 
4 767 772 (496 1504 -565.199951 ) (496 1504 -512 ) (496 1520 -512 ) (496 1520 -565.199951 ) 
5 767 770 (496 1504 -574.802368 ) (496 1504 -569.197632 ) (496 1510.662720 -569.197632 ) (496 1520 -574.799988 ) (496 1520 -574.802368 ) 
3 767 769 (496 1510.662720 -569.197632 ) (496 1520 -569.197632 ) (496 1520 -574.799988 ) 
4 768 864 (496 1504 -578.799988 ) (496 1504 -704 ) (528 1504 -704 ) (528 1504 -598 ) 
4 768 771 (496 1504 -579 ) (496 1504 -578.799988 ) (496 1520 -578.799988 ) (496 1520 -579 ) 
4 769 775 (496 1513.340454 -569.195679 ) (496 1520 -569.195679 ) (486.659851 1520 -574.799988 ) (494.659515 1512 -570 ) 
3 769 773 (496 1510.659424 -569.195679 ) (496 1513.340454 -569.195679 ) (494.659515 1512 -570 ) 
4 769 770 (496 1510.664062 -569.195312 ) (491.327637 1515.336426 -571.998962 ) (495.991577 1520 -574.797302 ) (496 1520 -574.797302 ) 
3 770 880 (496 1504 -574.802368 ) (496 1504 -569.197632 ) (491.329407 1504 -572 ) 
3 770 776 (494.659546 1512 -570 ) (491.327881 1515.331787 -572 ) (491.327881 1508.668091 -572 ) 
5 770 773 (491.327881 1504 -572 ) (496 1504 -569.195679 ) (496 1510.659424 -569.195679 ) (494.659546 1512 -570 ) (491.327881 1508.668091 -572 ) 
3 771 884 (479.662720 1504 -579 ) (480 1504 -579 ) (480 1504 -578.797607 ) 
5 771 881 (480 1504 -579 ) (496 1504 -579 ) (496 1504 -578.799988 ) (487.998047 1504 -573.998840 ) (480 1504 -578.797607 ) 
5 771 774 (479.660156 1520 -579 ) (479.660156 1504 -579 ) (479.993713 1504 -578.799866 ) (487.993256 1512 -574 ) (479.993500 1520 -578.799988 ) 
4 772 885 (480 1504 -512 ) (448 1504 -512 ) (448 1504 -574.799927 ) (480 1504 -574.799927 ) 
4 772 886 (448 1504 -512 ) (352 1504 -512 ) (352 1504 -574.799927 ) (448 1504 -574.799927 ) 
4 772 879 (496 1504 -512 ) (480 1504 -512 ) (480 1504 -574.799927 ) (496 1504 -565.199951 ) 
3 772 785 (352 1512 -570 ) (352 1504 -574.799927 ) (352 1504 -565.200012 ) 
5 772 784 (352 1520 -512 ) (352 1520 -565.199951 ) (352 1512 -570 ) (352 1504 -565.200012 ) (352 1504 -512 ) 
4 772 775 (352 1512 -570 ) (352 1520 -565.200623 ) (495.995972 1520 -565.202393 ) (487.998474 1512.001343 -570 ) 
5 772 773 (487.996063 1512 -570 ) (495.996094 1520 -565.199951 ) (496 1520 -565.197632 ) (496 1504 -565.197632 ) (487.996094 1504 -570 ) 
4 773 880 (491.329407 1504 -572 ) (496 1504 -569.197632 ) (496 1504 -565.199951 ) (487.998016 1504 -570.001160 ) 
3 773 776 (494.669800 1512.001831 -570.001038 ) (491.333435 1508.665405 -572.002380 ) (487.997986 1512 -570.001160 ) 
5 773 775 (496 1520 -565.202393 ) (496 1513.332031 -569.203125 ) (494.669800 1512.001831 -570.001038 ) (487.997986 1512 -570.001160 ) (495.995972 1520 -565.202393 ) 
4 774 888 (352 1504 -578.799866 ) (352 1504 -579 ) (448 1504 -579 ) (448 1504 -578.799866 ) 
4 774 887 (448 1504 -579 ) (479.662720 1504 -579 ) (479.996307 1504 -578.799866 ) (448 1504 -578.799866 ) 
5 774 786 (352 1520 -578.799988 ) (352 1520 -579 ) (352 1504 -579 ) (352 1504 -578.799866 ) (352 1512 -574 ) 
3 775 784 (352 1520 -565.199951 ) (352 1520 -574.799988 ) (352 1512 -570 ) 
3 775 776 (494.667969 1512 -570 ) (487.996063 1512 -570 ) (491.332031 1515.335938 -572.001587 ) 
4 777 873 (560 1504 -704 ) (544 1504 -704 ) (544 1504 -712 ) (560 1504 -712 ) 
4 777 843 (752 1504 -704 ) (736 1504 -704 ) (736 1504 -712 ) (752 1504 -712 ) 
4 777 844 (736 1504 -704 ) (560 1504 -704 ) (560 1504 -712 ) (736 1504 -712 ) 
4 777 837 (768 1504 -704 ) (752 1504 -704 ) (752 1504 -712 ) (768 1504 -712 ) 
4 777 836 (816 1504 -704 ) (768 1504 -704 ) (768 1504 -712 ) (816 1504 -712 ) 
4 777 834 (832 1504 -704 ) (816 1504 -704 ) (816 1504 -712 ) (832 1504 -712 ) 
4 777 833 (971.199707 1504 -704 ) (832 1504 -704 ) (832 1504 -712 ) (971.199707 1504 -712 ) 
4 777 778 (971.199707 1504 -712 ) (544 1504 -712 ) (544 1520 -712 ) (1017.599731 1520 -712 ) 
4 778 875 (544 1504 -712 ) (496 1504 -712 ) (496 1504 -720 ) (544 1504 -720 ) 
4 778 873 (560 1504 -712 ) (544 1504 -712 ) (544 1504 -720 ) (560 1504 -720 ) 
4 778 843 (752 1504 -712 ) (736 1504 -712 ) (736 1504 -720 ) (752 1504 -720 ) 
4 778 844 (736 1504 -712 ) (560 1504 -712 ) (560 1504 -720 ) (736 1504 -720 ) 
4 778 837 (768 1504 -712 ) (752 1504 -712 ) (752 1504 -720 ) (768 1504 -720 ) 
4 778 836 (816 1504 -712 ) (768 1504 -712 ) (768 1504 -720 ) (816 1504 -720 ) 
4 778 834 (832 1504 -712 ) (816 1504 -712 ) (816 1504 -720 ) (832 1504 -720 ) 
4 778 833 (971.199707 1504 -712 ) (832 1504 -712 ) (832 1504 -720 ) (971.199707 1504 -720 ) 
4 778 780 (971.199707 1504 -720 ) (736 1504 -720 ) (736 1520 -720 ) (1017.599731 1520 -720 ) 
4 779 783 (352 1512 -720 ) (352 1520 -720 ) (488 1520 -720 ) (488 1512 -720 ) 
4 780 877 (736 1504 -736 ) (768 1504 -736 ) (768 1504 -720 ) (736 1504 -720 ) 
4 780 876 (768 1504 -736 ) (1024 1504 -736 ) (1024 1504 -720 ) (768 1504 -720 ) 
4 780 1012 (736 1520 -736 ) (1024 1520 -736 ) (1024 1504 -736 ) (736 1504 -736 ) 
4 781 878 (592 1504 -736 ) (608 1504 -736 ) (608 1504 -728 ) (592 1504 -728 ) 
4 781 1012 (592 1520 -736 ) (608 1520 -736 ) (608 1504 -736 ) (592 1504 -736 ) 
4 782 932 (488 1504 -736 ) (496 1504 -736 ) (496 1504 -720 ) (488 1504 -720 ) 
4 782 783 (488 1520 -736 ) (488 1512 -736 ) (488 1512 -720 ) (488 1520 -720 ) 
4 782 1012 (488 1520 -736 ) (496 1520 -736 ) (496 1504 -736 ) (488 1504 -736 ) 
4 783 1012 (352 1520 -736 ) (488 1520 -736 ) (488 1512 -736 ) (352 1512 -736 ) 
4 784 905 (352 1504 -463.600006 ) (352 1504 -459.599976 ) (336 1504 -469.200073 ) (336 1504 -473.200012 ) 
4 784 886 (352 1504 -565.200012 ) (352 1504 -463.600006 ) (336 1504 -473.200012 ) (336 1504 -565.200073 ) 
4 784 882 (352 1504 -459.599976 ) (352 1504 1107.810059 ) (336 1504 1107.810059 ) (336 1504 -469.200073 ) 
3 784 789 (336 1520 -565.200073 ) (336 1520 -574.800049 ) (336 1512 -570 ) 
5 784 788 (336 1520 1107.810059 ) (336 1520 -565.200073 ) (336 1512 -570 ) (336 1504 -565.200012 ) (336 1504 1107.810059 ) 
4 784 785 (336 1504 -565.197876 ) (336 1512.001709 -569.998962 ) (352 1512.001709 -570 ) (352 1504 -565.197998 ) 
4 785 886 (352 1504 -574.799927 ) (352 1504 -565.200012 ) (336 1504 -565.200073 ) (336 1504 -574.799927 ) 
3 785 788 (336 1504 -574.799927 ) (336 1504 -565.200012 ) (336 1512 -570 ) 
4 786 888 (352 1504 -579 ) (352 1504 -578.799866 ) (336 1504 -578.799866 ) (336 1504 -579 ) 
5 786 790 (336 1520 -578.799988 ) (336 1520 -579 ) (336 1504 -579 ) (336 1504 -578.799866 ) (336 1512 -574 ) 
8 787 888 (346.497955 1504 -639.425903 ) (343.455078 1504 -633.381104 ) (339.586151 1504 -627.886902 ) (336 1504 -624.120178 ) (336 1504 -665.197693 ) (349.885315 1504 -656.866455 ) (349.778046 1504 -652.521240 ) (348.621002 1504 -645.851929 ) 
8 787 884 (336 1504 -665.197693 ) (336 1504 -690 ) (340.948364 1504 -684.431519 ) (344.567902 1504 -678.714233 ) (347.310822 1504 -672.526428 ) (349.115997 1504 -666.003845 ) (349.945038 1504 -659.285706 ) (349.885315 1504 -656.866455 ) 
4 787 791 (336 1520 -624.120178 ) (336 1520 -690 ) (336 1504 -690 ) (336 1504 -624.120178 ) 
4 788 905 (336 1504 -473.200012 ) (336 1504 -469.199982 ) (272 1504 -507.599854 ) (272 1504 -511.600006 ) 
4 788 886 (336 1504 -574.799866 ) (336 1504 -473.200012 ) (272 1504 -511.600006 ) (272 1504 -574.799927 ) 
4 788 882 (336 1504 -469.199982 ) (336 1504 1107.810059 ) (272 1504 1107.810059 ) (272 1504 -507.599854 ) 
3 788 797 (272 1512 -570 ) (272 1504 -574.799866 ) (272 1504 -565.200012 ) 
5 788 795 (272 1520 1107.810059 ) (272 1520 -565.199829 ) (272 1512 -570 ) (272 1504 -565.200012 ) (272 1504 1107.810059 ) 
4 788 789 (272 1512 -570 ) (272 1520 -565.199158 ) (336 1520 -565.199219 ) (336 1512 -570 ) 
3 789 795 (272 1520 -565.199829 ) (272 1520 -574.799988 ) (272 1512 -570 ) 
4 790 888 (336 1504 -579 ) (336 1504 -578.799866 ) (272 1504 -578.799866 ) (272 1504 -579 ) 
5 790 799 (272 1520 -578.799988 ) (272 1520 -579 ) (272 1504 -579 ) (272 1504 -578.799866 ) (272 1512 -574 ) 
15 791 888 (336 1504 -665.197632 ) (336 1504 -624.120178 ) (334.853485 1504 -622.915894 ) (329.556305 1504 -618.782166 ) (323.667847 1504 -615.445923 ) (317.352936 1504 -613.010010 ) (310.711151 1504 -611.518250 ) (304.039642 1504 -611.026062 ) (297.250244 1504 -611.526978 ) (290.647095 1504 -613.010010 ) (284.332031 1504 -615.445984 ) (278.444489 1504 -618.781677 ) (273.107727 1504 -622.946289 ) (272 1504 -624.109558 ) (272 1504 -703.597534 ) 
4 791 884 (336 1504 -704 ) (336 1504 -665.197632 ) (272 1504 -703.597534 ) (272 1504 -704 ) 
4 791 801 (272 1520 -624.109558 ) (272 1520 -690 ) (272 1504 -690 ) (272 1504 -624.109558 ) 
4 791 793 (272 1504 -704 ) (272 1508 -704 ) (336 1508 -704 ) (336 1504 -704 ) 
4 792 794 (272 1508 -712 ) (272 1520 -712 ) (336 1520 -712 ) (336 1508 -712 ) 
4 793 884 (336 1504 -712 ) (336 1504 -704 ) (272 1504 -704 ) (272 1504 -712 ) 
4 794 940 (272 1504 -736 ) (336 1504 -736 ) (336 1504 -728 ) (272 1504 -728 ) 
4 794 934 (336 1504 -728 ) (336 1504 -714.666626 ) (272 1504 -714.666626 ) (272 1504 -728 ) 
4 794 1012 (272 1520 -736 ) (336 1520 -736 ) (336 1504 -736 ) (272 1504 -736 ) 
4 795 907 (160 1504 1107.810059 ) (128 1504 1107.810059 ) (128 1504 -565.199951 ) (160 1504 -565.199951 ) 
4 795 905 (272 1504 -511.599976 ) (272 1504 -507.600006 ) (176 1504 -565.199951 ) (182.666733 1504 -565.199951 ) 
3 795 893 (208 1504 -550 ) (182.666733 1504 -565.199951 ) (208 1504 -565.199951 ) 
4 795 886 (272 1504 -565.199951 ) (272 1504 -511.599976 ) (208 1504 -550 ) (208 1504 -565.199951 ) 
5 795 882 (272 1504 -507.600006 ) (272 1504 1107.810059 ) (160 1504 1107.810059 ) (160 1504 -565.199951 ) (176 1504 -565.199951 ) 
4 795 804 (128 1520 -567.599976 ) (128 1520 -574.799927 ) (128 1504 -565.199951 ) (128 1504 -562.799988 ) 
4 795 803 (128 1520 1107.810059 ) (128 1520 -567.599976 ) (128 1504 -562.799988 ) (128 1504 1107.810059 ) 
4 795 800 (174.668167 1512.001465 -570 ) (182.669556 1504 -565.198242 ) (176.002838 1504 -565.198242 ) (168.001526 1512.001343 -570 ) 
4 795 797 (272 1512.001465 -570 ) (272 1504 -565.198303 ) (182.669556 1504 -565.198242 ) (174.668167 1512.001465 -570 ) 
4 795 796 (128 1504 -565.198242 ) (128 1520 -574.798218 ) (160.002914 1520 -574.798218 ) (176.002838 1504 -565.198242 ) 
4 796 907 (160 1504 -565.199951 ) (128 1504 -565.199951 ) (128 1504 -594 ) (160 1504 -574.799988 ) 
3 796 882 (176 1504 -565.199951 ) (160 1504 -565.199951 ) (160 1504 -574.799988 ) 
4 796 806 (128 1520 -576 ) (128 1520 -594 ) (128 1504 -594 ) (128 1504 -576 ) 
4 796 804 (128 1520 -574.799927 ) (128 1520 -576 ) (128 1504 -576 ) (128 1504 -565.199951 ) 
3 796 800 (167.996704 1512 -569.998047 ) (175.996094 1504 -565.198425 ) (167.996750 1504 -569.998047 ) 
5 797 893 (208 1504 -565.199951 ) (182.666748 1504 -565.199951 ) (171.333359 1504 -572 ) (176 1504 -574.799927 ) (208 1504 -574.799927 ) 
4 797 886 (272 1504 -574.799927 ) (272 1504 -565.199951 ) (208 1504 -565.199951 ) (208 1504 -574.799927 ) 
4 797 800 (182.669830 1504 -565.197693 ) (174.667953 1512.001953 -569.998840 ) (171.332993 1508.666992 -572 ) (171.332993 1504 -572 ) 
4 798 901 (169.329895 1504 -574.799927 ) (166.666870 1504 -574.799927 ) (159.666748 1504 -579 ) (176.330017 1504 -579 ) 
4 798 802 (159.666718 1520 -579 ) (160 1520 -579 ) (160 1504 -579 ) (159.666718 1504 -579 ) 
6 798 799 (168.003906 1512.006470 -574.003906 ) (168.003906 1511.993164 -574.003906 ) (175.997147 1504 -578.799866 ) (176.330734 1504 -579 ) (176.330734 1520 -579 ) (175.997375 1520 -578.799988 ) 
4 799 898 (182.666458 1504 -578.799866 ) (175.996429 1504 -578.799866 ) (176.330017 1504 -579 ) (183 1504 -579 ) 
4 799 894 (208 1504 -578.799866 ) (182.666458 1504 -578.799866 ) (183 1504 -579 ) (208 1504 -579 ) 
4 799 888 (272 1504 -579 ) (272 1504 -578.799866 ) (208 1504 -578.799866 ) (208 1504 -579 ) 
4 800 905 (182.666748 1504 -565.199951 ) (176 1504 -565.199951 ) (168 1504 -570 ) (171.333359 1504 -572 ) 
12 801 888 (272 1504 -690 ) (272 1504 -624.109558 ) (268.441132 1504 -627.846863 ) (264.543823 1504 -633.381287 ) (261.501007 1504 -639.425964 ) (259.379028 1504 -645.851807 ) (258.221008 1504 -652.520874 ) (258.054993 1504 -659.286072 ) (258.884003 1504 -666.003967 ) (260.689026 1504 -672.526062 ) (263.432007 1504 -678.713989 ) (267.051971 1504 -684.431946 ) 
5 802 906 (128 1504 -704 ) (160 1504 -704 ) (160 1504 -579 ) (159.666656 1504 -579 ) (128 1504 -598 ) 
4 802 806 (128 1520 -598 ) (128 1520 -704 ) (128 1504 -704 ) (128 1504 -598 ) 
4 803 1069 (0 1520 -562 ) (0 1520 -567.599976 ) (0 1504 -562.800049 ) (0 1504 -562 ) 
4 803 1067 (0 1520 -464 ) (0 1520 -562 ) (0 1504 -562 ) (0 1504 -464 ) 
4 803 1055 (0 1520 1107.810059 ) (0 1520 -464 ) (0 1504 -464 ) (0 1504 1107.810059 ) 
4 803 928 (0 1504 -562 ) (0 1504 -562.799927 ) (16 1504 -562.799927 ) (16 1504 -562 ) 
4 803 926 (0 1504 1107.810059 ) (0 1504 -562 ) (16 1504 -562 ) (16 1504 1107.810059 ) 
4 803 912 (16 1504 -562.799927 ) (64 1504 -562.799988 ) (64 1504 -471.600891 ) (16 1504 -471.600952 ) 
4 803 911 (64 1504 -471.600891 ) (64 1504 1107.810059 ) (16 1504 1107.810059 ) (16 1504 -471.600952 ) 
4 803 909 (64 1504 -562.799988 ) (96 1504 -562.800049 ) (96 1504 1107.810059 ) (64 1504 1107.810059 ) 
4 803 908 (96 1504 -562.800049 ) (128 1504 -562.800049 ) (128 1504 1107.810059 ) (96 1504 1107.810059 ) 
4 803 804 (47.997131 1520 -567.599182 ) (128 1520 -567.599182 ) (128 1504 -562.799194 ) (31.997238 1504 -562.799194 ) 
3 804 913 (64 1504 -562.799988 ) (32 1504 -562.799927 ) (64 1504 -572.399963 ) 
5 804 909 (76 1504 -576 ) (96 1504 -576 ) (96 1504 -562.800049 ) (64 1504 -562.799988 ) (64 1504 -572.399963 ) 
4 804 908 (96 1504 -576 ) (128 1504 -576 ) (128 1504 -562.800049 ) (96 1504 -562.800049 ) 
4 804 807 (76 1520 -576 ) (96 1520 -576 ) (96 1504 -576 ) (76 1504 -576 ) 
4 804 806 (96 1520 -576 ) (128 1520 -576 ) (128 1504 -576 ) (96 1504 -576 ) 
3 805 1072 (0 1508 -568 ) (0 1504 -568 ) (0 1504 -566.799927 ) 
4 805 929 (0 1504 -566.799927 ) (0 1504 -568 ) (16 1504 -568 ) (16 1504 -566.799927 ) 
4 805 914 (16 1504 -568 ) (36 1504 -568 ) (32 1504 -566.799927 ) (16 1504 -566.799927 ) 
4 806 908 (96 1504 -704 ) (128 1504 -704 ) (128 1504 -576 ) (96 1504 -576 ) 
4 806 808 (96 1520 -704 ) (96 1504 -704 ) (96 1504 -586 ) (96 1520 -586 ) 
4 806 807 (96 1504 -582 ) (96 1504 -576 ) (96 1520 -576 ) (96 1520 -582 ) 
3 807 909 (96 1504 -582 ) (96 1504 -576 ) (76 1504 -576 ) 
4 808 910 (64 1504 -704 ) (96 1504 -704 ) (96 1504 -586 ) (64 1504 -576.399963 ) 
4 809 1084 (0 1512 -704 ) (0 1504 -704 ) (0 1504 -576 ) (0 1512 -576 ) 
4 809 931 (0 1504 -576 ) (0 1504 -704 ) (16 1504 -704 ) (16 1504 -576 ) 
4 809 915 (16 1504 -704 ) (56 1504 -704 ) (56 1504 -576 ) (16 1504 -576 ) 
4 810 1107 (0 1520 -720 ) (0 1520 -736 ) (0 1504 -736 ) (0 1504 -720 ) 
4 810 944 (0 1504 -720 ) (0 1504 -736 ) (160 1504 -736 ) (160 1504 -720 ) 
4 810 1012 (0 1520 -736 ) (160 1520 -736 ) (160 1504 -736 ) (0 1504 -736 ) 
4 811 1549 (560 1024 1107.810059 ) (496 1024 1107.810059 ) (496 1024 -384 ) (560 1024 -384 ) 
4 811 1547 (592 1024 1107.810059 ) (560 1024 1107.810059 ) (560 1024 -384 ) (592 1024 -384 ) 
4 811 1540 (721.253845 1024 1107.810059 ) (592 1024 1107.810059 ) (592 1024 -384 ) (721.196350 1024 -384 ) 
4 811 1527 (728.369934 1024 1107.810059 ) (721.253845 1024 1107.810059 ) (721.196350 1024 -384 ) (728.402649 1024 -384 ) 
4 811 1526 (736 1024 1107.810059 ) (728.369934 1024 1107.810059 ) (728.402649 1024 -384 ) (736 1024 -384 ) 
4 811 1521 (752 1024 1107.810059 ) (736 1024 1107.810059 ) (736 1024 -384 ) (752 1024 -384 ) 
4 811 1486 (784 1024 1107.810059 ) (752 1024 1107.810059 ) (752 1024 -384 ) (784 1024 -384 ) 
4 811 1390 (1024 1024 -384 ) (1024 1024 1107.810059 ) (784 1024 1107.810059 ) (784 1024 -384 ) 
4 811 1005 (496 1056 -384 ) (496 1024 -384 ) (496 1024 1107.810059 ) (496 1056 1107.810059 ) 
4 811 997 (496 1152 1107.810059 ) (496 1184 1107.810059 ) (496 1184 -377.200073 ) (496 1152 -377.200073 ) 
4 811 1000 (496 1056 -377.200012 ) (496 1056 1107.810059 ) (496 1152 1107.810059 ) (496 1152 -377.200073 ) 
4 811 995 (496 1184 -384 ) (496 1152 -384 ) (496 1152 -377.200073 ) (496 1184 -377.200073 ) 
4 811 996 (496 1152 -384 ) (496 1056 -384 ) (496 1056 -377.200012 ) (496 1152 -377.200073 ) 
4 811 950 (496 1200 -384 ) (496 1184 -384 ) (496 1184 1107.810059 ) (496 1200 1107.810059 ) 
4 811 879 (496 1504 1107.810059 ) (496 1504 -384 ) (496 1200 -384 ) (496 1200 1107.810059 ) 
4 811 814 (496 1024 -384 ) (496 1216 -384 ) (880 1216 -384 ) (880 1024 -384 ) 
4 811 813 (992 1216 -384 ) (1024 1216 -384 ) (1024 1120 -384 ) (992 1120 -384 ) 
4 811 812 (496 1216 -384 ) (496 1504 -384 ) (832 1504 -384 ) (832 1216 -384 ) 
4 812 879 (496 1504 -384 ) (496 1504 -400 ) (496 1216 -400 ) (496 1216 -384 ) 
4 812 816 (496 1216 -400 ) (496 1504 -400 ) (816 1504 -400 ) (816 1216 -400 ) 
4 812 814 (496 1216 -400 ) (832 1216 -400 ) (832 1216 -384 ) (496 1216 -384 ) 
4 813 819 (992 1136 -400 ) (992 1200 -400 ) (1024 1200 -400 ) (1024 1136 -400 ) 
4 814 1549 (560 1024 -384 ) (496 1024 -384 ) (496 1024 -400 ) (560 1024 -400 ) 
4 814 1547 (592 1024 -384 ) (560 1024 -384 ) (560 1024 -400 ) (592 1024 -400 ) 
4 814 1540 (721.196350 1024 -384 ) (592 1024 -384 ) (592 1024 -400 ) (721.195740 1024 -400 ) 
4 814 1527 (728.402649 1024 -384 ) (721.196350 1024 -384 ) (721.195740 1024 -400 ) (728.402954 1024 -400 ) 
4 814 1526 (736 1024 -384 ) (728.402649 1024 -384 ) (728.402954 1024 -400 ) (736 1024 -400 ) 
4 814 1521 (752 1024 -384 ) (736 1024 -384 ) (736 1024 -400 ) (752 1024 -400 ) 
4 814 1486 (784 1024 -384 ) (752 1024 -384 ) (752 1024 -400 ) (784 1024 -400 ) 
4 814 1391 (880 1024 -384 ) (784 1024 -384 ) (784 1024 -400 ) (880 1024 -400 ) 
4 814 1005 (496 1056 -400 ) (496 1024 -400 ) (496 1024 -384 ) (496 1056 -384 ) 
4 814 995 (496 1184 -400 ) (496 1152 -400 ) (496 1152 -384 ) (496 1184 -384 ) 
4 814 996 (496 1152 -400 ) (496 1056 -400 ) (496 1056 -384 ) (496 1152 -384 ) 
4 814 950 (496 1200 -400 ) (496 1184 -400 ) (496 1184 -384 ) (496 1200 -384 ) 
4 814 879 (496 1216 -400 ) (496 1200 -400 ) (496 1200 -384 ) (496 1216 -384 ) 
4 814 822 (864 1024 -400 ) (496 1024 -400 ) (496 1200 -400 ) (864 1200 -400 ) 
4 814 818 (496 1200 -400 ) (496 1216 -400 ) (832 1216 -400 ) (832 1200 -400 ) 
4 815 817 (880 1216 -512 ) (976 1216 -512 ) (976 1216 -400 ) (880 1216 -400 ) 
4 816 879 (496 1504 -400 ) (496 1504 -512 ) (496 1216 -512 ) (496 1216 -400 ) 
4 816 863 (496 1288.669800 -512 ) (496 1504 -512 ) (528 1504 -512 ) (528 1288.669922 -512 ) 
4 816 862 (496 1216 -512 ) (496 1288.669800 -512 ) (528 1288.669922 -512 ) (528 1216 -512 ) 
4 816 861 (528 1504 -512 ) (560 1504 -512 ) (560 1216 -512 ) (528 1216 -512 ) 
4 816 840 (736 1504 -512 ) (752 1504 -512 ) (752 1216 -512 ) (736 1216 -512 ) 
4 816 842 (560 1504 -512 ) (736 1504 -512 ) (736 1216 -512 ) (560 1216 -512 ) 
4 816 823 (752 1504 -512 ) (816 1504 -512 ) (816 1216 -512 ) (752 1216 -512 ) 
4 816 818 (496 1216 -512 ) (816 1216 -512 ) (816 1216 -400 ) (496 1216 -400 ) 
4 817 821 (880 1200 -512 ) (976 1200 -512 ) (976 1200 -400 ) (880 1200 -400 ) 
4 818 879 (496 1216 -512 ) (496 1200 -512 ) (496 1200 -400 ) (496 1216 -400 ) 
4 818 862 (496 1200 -512 ) (496 1216 -512 ) (528 1216 -512 ) (528 1200 -512 ) 
4 818 861 (528 1216 -512 ) (560 1216 -512 ) (560 1200 -512 ) (528 1200 -512 ) 
4 818 840 (736 1216 -512 ) (752 1216 -512 ) (752 1200 -512 ) (736 1200 -512 ) 
4 818 842 (560 1216 -512 ) (736 1216 -512 ) (736 1200 -512 ) (560 1200 -512 ) 
4 818 825 (752 1216 -512 ) (832 1216 -512 ) (832 1200 -512 ) (752 1200 -512 ) 
4 818 822 (496 1200 -512 ) (832 1200 -512 ) (832 1200 -400 ) (496 1200 -400 ) 
4 819 824 (992 1200 -512 ) (1024 1200 -512 ) (1024 1136 -512 ) (992 1136 -512 ) 
4 820 1394 (1024 1024 -512 ) (1024 1024 -496 ) (976 1024 -496 ) (976 1024 -512 ) 
4 820 1392 (1024 1024 -496 ) (1024 1024 -400 ) (976 1024 -400 ) (976 1024 -496 ) 
4 820 821 (976 1120 -512 ) (976 1024 -512 ) (976 1024 -400 ) (976 1120 -400 ) 
4 821 1394 (880 1024 -496 ) (880 1024 -512 ) (976 1024 -512 ) (976 1024 -496 ) 
4 821 1392 (976 1024 -400 ) (880 1024 -400 ) (880 1024 -496 ) (976 1024 -496 ) 
4 822 1552 (496 1024 -503.600006 ) (496 1024 -512 ) (560 1024 -512 ) (560 1024 -465.200012 ) 
3 822 1551 (496 1024 -484.388062 ) (496 1024 -503.600006 ) (528.019958 1024 -484.388062 ) 
5 822 1549 (560 1024 -400 ) (496 1024 -400 ) (496 1024 -484.388062 ) (528.019958 1024 -484.388062 ) (560 1024 -465.200012 ) 
4 822 1547 (592 1024 -400 ) (560 1024 -400 ) (560 1024 -512 ) (592 1024 -512 ) 
4 822 1540 (721.195740 1024 -400 ) (592 1024 -400 ) (592 1024 -512 ) (721.191406 1024 -512 ) 
4 822 1527 (728.402954 1024 -400 ) (721.195740 1024 -400 ) (721.191406 1024 -512 ) (728.405396 1024 -512 ) 
4 822 1526 (736 1024 -400 ) (728.402954 1024 -400 ) (728.405396 1024 -512 ) (736 1024 -512 ) 
4 822 1521 (752 1024 -400 ) (736 1024 -400 ) (736 1024 -512 ) (752 1024 -512 ) 
4 822 1486 (784 1024 -400 ) (752 1024 -400 ) (752 1024 -512 ) (784 1024 -512 ) 
4 822 1397 (784 1024 -496 ) (784 1024 -512 ) (864 1024 -512 ) (864 1024 -496 ) 
4 822 1393 (864 1024 -400 ) (784 1024 -400 ) (784 1024 -496 ) (864 1024 -496 ) 
4 822 1005 (496 1056 -512 ) (496 1024 -512 ) (496 1024 -400 ) (496 1056 -400 ) 
4 822 995 (496 1184 -512 ) (496 1152 -512 ) (496 1152 -400 ) (496 1184 -400 ) 
4 822 996 (496 1152 -512 ) (496 1056 -512 ) (496 1056 -400 ) (496 1152 -400 ) 
4 822 950 (496 1200 -512 ) (496 1184 -512 ) (496 1184 -400 ) (496 1200 -400 ) 
4 822 866 (496 1024 -512 ) (496 1056 -512 ) (560 1056 -512 ) (560 1024 -512 ) 
4 822 862 (496 1152 -512 ) (496 1200 -512 ) (528 1200 -512 ) (528 1152 -512 ) 
4 822 865 (496 1056 -512 ) (496 1152 -512 ) (528 1152 -512 ) (528 1056 -512 ) 
4 822 861 (528 1200 -512 ) (560 1200 -512 ) (560 1056 -512 ) (528 1056 -512 ) 
4 822 841 (752 1072 -512 ) (752 1024 -512 ) (736 1024 -512 ) (736 1072 -512 ) 
4 822 840 (736 1200 -512 ) (752 1200 -512 ) (752 1072 -512 ) (736 1072 -512 ) 
4 822 842 (560 1200 -512 ) (736 1200 -512 ) (736 1024 -512 ) (560 1024 -512 ) 
4 822 826 (864 1120 -512 ) (864 1024 -512 ) (752 1024 -512 ) (752 1120 -512 ) 
4 822 825 (752 1200 -512 ) (864 1200 -512 ) (864 1120 -512 ) (752 1120 -512 ) 
4 823 840 (752 1216 -512 ) (752 1504 -512 ) (752 1504 -528 ) (752 1216 -528 ) 
4 823 830 (752 1216 -528 ) (752 1504 -528 ) (832 1504 -528 ) (832 1216 -528 ) 
4 823 825 (752 1216 -512 ) (752 1216 -528 ) (832 1216 -528 ) (832 1216 -512 ) 
4 824 827 (976 1216 -528 ) (1024 1216 -528 ) (1024 1120 -528 ) (976 1120 -528 ) 
4 825 840 (752 1120 -512 ) (752 1216 -512 ) (752 1216 -528 ) (752 1120 -528 ) 
4 825 827 (832 1216 -528 ) (880 1216 -528 ) (880 1120 -528 ) (832 1120 -528 ) 
4 825 830 (752 1120 -528 ) (752 1216 -528 ) (832 1216 -528 ) (832 1120 -528 ) 
4 825 826 (752 1120 -512 ) (752 1120 -528 ) (880 1120 -528 ) (880 1120 -512 ) 
4 826 1486 (784 1024 -512 ) (752 1024 -512 ) (752 1024 -528 ) (784 1024 -528 ) 
4 826 1396 (880 1024 -512 ) (864 1024 -512 ) (864 1024 -528 ) (880 1024 -528 ) 
4 826 1397 (864 1024 -512 ) (784 1024 -512 ) (784 1024 -528 ) (864 1024 -528 ) 
4 826 841 (752 1024 -528 ) (752 1024 -512 ) (752 1072 -512 ) (752 1072 -528 ) 
4 826 840 (752 1072 -512 ) (752 1120 -512 ) (752 1120 -528 ) (752 1072 -528 ) 
4 826 827 (832 1056 -528 ) (832 1120 -528 ) (880 1120 -528 ) (880 1056 -528 ) 
4 826 829 (880 1024 -528 ) (832 1024 -528 ) (832 1056 -528 ) (880 1056 -528 ) 
4 826 830 (832 1024 -528 ) (752 1024 -528 ) (752 1120 -528 ) (832 1120 -528 ) 
4 827 828 (832 1439.997437 -560 ) (832 1504 -560 ) (1024 1504 -560 ) (1024 1503.997437 -560 ) 
4 827 829 (832 1056 -528 ) (832 1056 -560 ) (1024 1056 -560 ) (1024 1056 -528 ) 
4 827 830 (832 1056 -560 ) (832 1056 -528 ) (832 1504 -528 ) (832 1504 -560 ) 
3 828 831 (832 1504 -576 ) (971.199707 1504 -576 ) (832 1456 -576 ) 
4 828 830 (832 1504 -576 ) (832 1439.997437 -576 ) (832 1439.997437 -560 ) (832 1504 -560 ) 
4 829 1396 (880 1024 -528 ) (864 1024 -528 ) (864 1024 -560 ) (880 1024 -560 ) 
4 829 1397 (864 1024 -528 ) (832 1024 -528 ) (832 1024 -560 ) (864 1024 -560 ) 
4 829 1395 (1024 1024 -560 ) (1024 1024 -528 ) (880 1024 -528 ) (880 1024 -560 ) 
4 829 830 (832 1056 -576 ) (832 1024 -576 ) (832 1024 -528 ) (832 1056 -528 ) 
4 830 1486 (784 1024 -528 ) (752 1024 -528 ) (752 1024 -560 ) (784 1024 -560 ) 
4 830 1397 (832 1024 -528 ) (784 1024 -528 ) (784 1024 -560 ) (832 1024 -560 ) 
4 830 841 (752 1024 -576 ) (752 1024 -528 ) (752 1072 -528 ) (752 1072 -576 ) 
4 830 840 (752 1072 -528 ) (752 1504 -528 ) (752 1504 -576 ) (752 1072 -576 ) 
4 830 839 (768 1056 -576 ) (784 1056 -576 ) (784 1040 -576 ) (768 1040 -576 ) 
4 830 837 (752 1072 -576 ) (752 1504 -576 ) (768 1504 -576 ) (768 1072 -576 ) 
4 830 836 (768 1504 -576 ) (816 1504 -576 ) (816 1056 -576 ) (768 1056 -576 ) 
4 830 834 (816 1504 -576 ) (832 1504 -576 ) (832 1456 -576 ) (816 1456 -576 ) 
4 831 834 (832 1456 -576 ) (832 1504 -576 ) (832 1504 -704 ) (832 1456 -704 ) 
3 831 833 (832 1456 -704 ) (832 1504 -704 ) (971.199707 1504 -704 ) 
3 833 876 (832 1504 -720 ) (971.199707 1504 -720 ) (832 1456 -720 ) 
4 833 834 (832 1504 -720 ) (832 1456 -720 ) (832 1456 -704 ) (832 1504 -704 ) 
4 834 876 (816 1504 -720 ) (832 1504 -720 ) (832 1456 -720 ) (816 1456 -720 ) 
4 834 836 (816 1504 -720 ) (816 1456 -720 ) (816 1456 -576 ) (816 1504 -576 ) 
4 834 835 (816 1456 -704 ) (816 1456 -720 ) (832 1456 -720 ) (832 1456 -704 ) 
4 835 876 (832 1456 -720 ) (832 1056 -720 ) (816 1056 -720 ) (816 1456 -720 ) 
4 835 838 (816 1056 -704 ) (816 1056 -720 ) (832 1056 -720 ) (832 1056 -704 ) 
4 835 836 (816 1456 -720 ) (816 1056 -720 ) (816 1056 -704 ) (816 1456 -704 ) 
4 836 876 (768 1504 -720 ) (816 1504 -720 ) (816 1056 -720 ) (768 1056 -720 ) 
4 836 839 (784 1056 -576 ) (768 1056 -576 ) (768 1056 -720 ) (784 1056 -720 ) 
4 836 838 (784 1056 -704 ) (784 1056 -720 ) (816 1056 -720 ) (816 1056 -704 ) 
4 836 837 (768 1504 -720 ) (768 1072 -720 ) (768 1072 -576 ) (768 1504 -576 ) 
4 837 877 (752 1072 -720 ) (752 1504 -720 ) (768 1504 -720 ) (768 1072 -720 ) 
4 837 843 (752 1504 -720 ) (752 1080 -720 ) (752 1080 -593 ) (752 1504 -593 ) 
4 837 840 (752 1072 -593 ) (752 1072 -576 ) (752 1504 -576 ) (752 1504 -593 ) 
4 838 876 (1024 1024 -720 ) (784 1024 -720 ) (784 1056 -720 ) (1024 1056 -720 ) 
4 838 839 (784 1056 -704 ) (784 1056 -720 ) (784 1040 -720 ) (784 1040 -704 ) 
4 839 876 (768 1056 -720 ) (784 1056 -720 ) (784 1040 -720 ) (768 1040 -720 ) 
4 840 843 (736 1504 -593 ) (752 1504 -593 ) (752 1080 -593 ) (736 1080 -593 ) 
4 840 841 (736 1072 -512 ) (736 1072 -577 ) (752 1072 -577 ) (752 1072 -512 ) 
4 840 842 (736 1504 -593 ) (736 1072 -593 ) (736 1072 -512 ) (736 1504 -512 ) 
4 841 1521 (752 1024 -512 ) (736 1024 -512 ) (736 1024 -577 ) (752 1024 -577 ) 
4 841 842 (736 1024 -577 ) (736 1024 -512 ) (736 1072 -512 ) (736 1072 -577 ) 
4 842 1547 (592 1024 -512 ) (560 1024 -512 ) (560 1024 -593 ) (592 1024 -593 ) 
4 842 1540 (721.191406 1024 -512 ) (592 1024 -512 ) (592 1024 -593 ) (721.188293 1024 -593 ) 
4 842 1527 (728.405396 1024 -512 ) (721.191406 1024 -512 ) (721.188293 1024 -593 ) (728.407227 1024 -593 ) 
4 842 1526 (736 1024 -512 ) (728.405396 1024 -512 ) (728.407227 1024 -593 ) (736 1024 -593 ) 
4 842 871 (560 1024 -576.666687 ) (560 1024 -572.665649 ) (560 1056 -585.998962 ) (560 1046.399902 -586 ) 
4 842 869 (560 1024 -593 ) (560 1024 -590 ) (560 1056 -590 ) (560 1056 -593 ) 
3 842 868 (560 1024 -586 ) (560 1024 -576.666687 ) (560 1046.399902 -586 ) 
4 842 866 (560 1024 -572.665649 ) (560 1024 -512 ) (560 1056 -512 ) (560 1056 -585.998962 ) 
4 842 861 (560 1056 -512 ) (560 1504 -512 ) (560 1504 -593 ) (560 1056 -593 ) 
5 842 851 (560 1024 -593 ) (560 1071.070068 -593 ) (736 1071.070068 -593 ) (736 1044.017090 -593 ) (721.188293 1024 -593 ) 
4 842 848 (733.346802 1030.675171 -593 ) (728.407227 1024 -593 ) (721.188293 1024 -593 ) (728.682373 1034.127808 -593 ) 
4 842 847 (736 1044.017090 -593 ) (736 1034.260620 -593 ) (733.346802 1030.675171 -593 ) (728.682373 1034.127808 -593 ) 
3 842 845 (736 1034.260620 -593 ) (736 1024 -593 ) (728.407227 1024 -593 ) 
4 842 844 (560 1071.070068 -593 ) (560 1504 -593 ) (736 1504 -593 ) (736 1071.070068 -593 ) 
4 843 877 (736 1504 -720 ) (752 1504 -720 ) (752 1080 -720 ) (736 1080 -720 ) 
4 843 844 (736 1504 -720 ) (736 1080 -720 ) (736 1080 -593 ) (736 1504 -593 ) 
4 844 873 (560 1504 -720 ) (560 1071.070068 -720 ) (560 1071.070068 -704 ) (560 1504 -704 ) 
4 844 861 (560 1071.070068 -704 ) (560 1071.070068 -593 ) (560 1504 -593 ) (560 1504 -704 ) 
10 844 858 (560 1071.070068 -600 ) (560 1071.070068 -712 ) (709.152527 1071.070068 -712 ) (714.152344 1071.070068 -711.008118 ) (717.572571 1071.070068 -708.976318 ) (736 1071.070068 -675.986023 ) (736 1071.070068 -636.014282 ) (717.559021 1071.070068 -603 ) (714.193787 1071.070068 -601 ) (709.156433 1071.070068 -600 ) 
3 844 857 (736 1071.070068 -636.014282 ) (736 1071.070068 -613.962463 ) (717.559021 1071.070068 -603 ) 
3 844 856 (714.193787 1071.070068 -601 ) (712.512695 1071.070068 -600 ) (709.156433 1071.070068 -600 ) 
3 844 855 (736 1071.070068 -613.962463 ) (736 1071.070068 -600 ) (712.512695 1071.070068 -600 ) 
3 844 854 (709.152527 1071.070068 -712 ) (712.482727 1071.070068 -712 ) (714.152344 1071.070068 -711.008118 ) 
3 844 853 (717.572571 1071.070068 -708.976318 ) (736 1071.070068 -698.029358 ) (736 1071.070068 -675.986023 ) 
3 844 852 (712.482727 1071.070068 -712 ) (736 1071.070068 -712 ) (736 1071.070068 -698.029358 ) 
4 844 851 (736 1071.070068 -593 ) (560 1071.070068 -593 ) (560 1071.070068 -600 ) (736 1071.070068 -600 ) 
4 844 860 (560 1071.070068 -712 ) (560 1071.070068 -720 ) (736 1071.070068 -720 ) (736 1071.070068 -712 ) 
4 845 1643 (736 1024 -720 ) (752 1024 -720 ) (752 1024 -712 ) (736 1024 -712 ) 
4 845 1645 (728.409973 1024 -720 ) (736 1024 -720 ) (736 1024 -712 ) (728.409790 1024 -712 ) 
4 845 1631 (736 1024 -704 ) (728.409607 1024 -704 ) (728.409790 1024 -712 ) (736 1024 -712 ) 
4 845 1625 (752 1024 -712 ) (752 1024 -704 ) (736 1024 -704 ) (736 1024 -712 ) 
4 845 1526 (736 1024 -593 ) (728.407166 1024 -593 ) (728.409607 1024 -704 ) (736 1024 -704 ) 
4 845 1524 (752 1024 -704 ) (752 1024 -593 ) (736 1024 -593 ) (736 1024 -704 ) 
5 845 850 (730.406006 1026.698364 -659.703125 ) (729.215454 1025.088745 -686.703552 ) (728.409790 1024 -687.516541 ) (728.408630 1024 -632.492065 ) (728.542908 1024.181519 -632.625916 ) 
3 845 849 (728.408630 1024 -632.492065 ) (728.408569 1024 -630.673340 ) (728.542908 1024.181519 -632.625916 ) 
4 845 848 (728.407715 1024 -593 ) (733.347168 1030.674927 -593 ) (730.406006 1026.698364 -659.703125 ) (728.408569 1024 -630.673340 ) 
4 845 847 (733.347168 1030.674927 -593 ) (752 1055.881470 -593 ) (752 1055.879395 -663.713196 ) (729.215454 1025.088745 -686.703552 ) 
4 845 846 (752 1055.879395 -663.713196 ) (752 1055.877686 -720 ) (728.410522 1024 -720 ) (728.409790 1024 -687.516541 ) 
4 846 1645 (721.183411 1024 -720 ) (728.409973 1024 -720 ) (728.409790 1024 -712 ) (721.183716 1024 -712 ) 
4 846 1631 (728.409790 1024 -712 ) (728.409607 1024 -704 ) (721.184021 1024 -704 ) (721.183716 1024 -712 ) 
4 846 1534 (728.409241 1024 -688.342468 ) (728.409241 1024 -687.516541 ) (721.184570 1024 -690.096863 ) (721.184570 1024 -690.659058 ) 
4 846 1533 (728.409607 1024 -702.703979 ) (728.409241 1024 -688.342468 ) (721.184570 1024 -690.659058 ) (721.184082 1024 -702.703979 ) 
4 846 1539 (728.409607 1024 -704 ) (728.409607 1024 -702.703979 ) (721.184082 1024 -702.703979 ) (721.184021 1024 -704 ) 
4 846 859 (752 1065.643188 -659.003296 ) (752 1065.643311 -660.467468 ) (742.998291 1053.480469 -706.002075 ) (743 1053.479980 -668.085083 ) 
3 846 854 (741.215210 1051.071045 -711 ) (740.619690 1050.266235 -712 ) (739.430664 1048.659302 -712 ) 
3 846 853 (752 1065.643311 -660.467468 ) (752 1065.645020 -692.883179 ) (742.405640 1052.679688 -709 ) 
3 846 852 (752 1065.645020 -692.883179 ) (752 1065.645996 -712 ) (740.619690 1050.266235 -712 ) 
4 846 860 (752 1065.645996 -712 ) (752 1065.646362 -720 ) (721.183594 1024 -720 ) (721.183899 1024 -712 ) 
4 846 850 (724.544678 1028.546021 -686.704224 ) (721.180725 1024 -690.098572 ) (728.407654 1024 -687.516357 ) (729.214172 1025.089966 -686.702576 ) 
4 846 847 (752 1065.648682 -659.001038 ) (724.544678 1028.546021 -686.704224 ) (729.214172 1025.089966 -686.702576 ) (752 1055.882690 -663.710876 ) 
4 847 859 (752 1065.642822 -651.531860 ) (752 1065.643188 -659.003296 ) (743 1053.479980 -668.085083 ) (743.001221 1053.479004 -606 ) 
3 847 857 (752 1065.641113 -619.113586 ) (752 1065.642822 -651.531860 ) (742.408203 1052.677490 -603 ) 
3 847 856 (739.434021 1048.657837 -600 ) (740.622559 1050.264160 -600 ) (741.217834 1051.068726 -601 ) 
3 847 855 (752 1065.640137 -600 ) (752 1065.641113 -619.113586 ) (740.622559 1050.264160 -600 ) 
4 847 851 (728.682434 1034.127563 -593 ) (752 1065.639771 -593 ) (752 1065.640137 -600 ) (728.373535 1033.710449 -600 ) 
4 847 850 (725.735291 1030.152954 -659.685669 ) (724.542969 1028.542969 -686.703613 ) (729.214844 1025.085938 -686.703125 ) (730.405945 1026.696411 -659.689697 ) 
4 847 848 (728.678162 1034.126587 -593 ) (725.735291 1030.152954 -659.685669 ) (730.405945 1026.696411 -659.689697 ) (733.346497 1030.672119 -593 ) 
3 848 1535 (728.408020 1024 -630.671265 ) (728.407715 1024 -616.703979 ) (725.692993 1024 -616.703979 ) 
5 848 1527 (728.407715 1024 -616.703979 ) (728.407166 1024 -593 ) (721.188293 1024 -593 ) (721.188293 1024 -593.530090 ) (725.692993 1024 -616.703979 ) 
5 848 851 (721.188477 1024 -593 ) (728.682434 1034.127563 -593 ) (728.373535 1033.710449 -600 ) (721.633301 1024.601440 -600 ) (721.188477 1024 -593.531189 ) 
4 848 850 (723.876831 1027.639282 -632.631348 ) (725.738281 1030.156250 -659.699219 ) (730.410156 1026.695312 -659.699219 ) (728.547363 1024.178833 -632.626160 ) 
4 848 849 (721.151367 1023.954102 -593 ) (723.876831 1027.639282 -632.631348 ) (728.547363 1024.178833 -632.626160 ) (728.415039 1024 -630.702698 ) 
5 849 1535 (728.408081 1024 -632.491821 ) (728.408020 1024 -630.671265 ) (725.692993 1024 -616.703979 ) (721.187378 1024 -616.703979 ) (721.186890 1024 -629.949158 ) 
3 849 1527 (725.692993 1024 -616.703979 ) (721.188293 1024 -593.530090 ) (721.187378 1024 -616.703979 ) 
3 849 851 (721.188232 1024 -600 ) (721.188477 1024 -593.531189 ) (721.633301 1024.601440 -600 ) 
4 849 850 (721.189392 1024 -629.949829 ) (723.878906 1027.634766 -632.629639 ) (728.542969 1024.181641 -632.625916 ) (728.408569 1024 -632.492004 ) 
4 850 1538 (728.409241 1024 -687.516541 ) (728.408081 1024 -632.491821 ) (721.186890 1024 -629.949158 ) (721.184570 1024 -690.096863 ) 
4 851 1547 (560 1024 -593 ) (560 1024 -600 ) (592 1024 -600 ) (592 1024 -593 ) 
4 851 1540 (592 1024 -600 ) (721.188049 1024 -600 ) (721.188293 1024 -593 ) (592 1024 -593 ) 
4 851 869 (560 1024 -600 ) (560 1024 -593 ) (560 1056 -593 ) (560 1056 -600 ) 
4 851 861 (560 1056 -593 ) (560 1071.070068 -593 ) (560 1071.070068 -600 ) (560 1056 -600 ) 
5 851 858 (560 1071.070068 -600 ) (709.156494 1071.070068 -600 ) (726.703491 1058.081299 -600 ) (701.485535 1024 -600 ) (560 1024 -600 ) 
4 851 856 (709.156494 1071.070068 -600 ) (712.512756 1071.070068 -600 ) (740.618530 1050.267090 -600 ) (739.429993 1048.660767 -600 ) 
4 851 855 (712.512756 1071.070068 -600 ) (752 1071.070068 -600 ) (752 1065.648438 -600 ) (740.618530 1050.267090 -600 ) 
4 852 858 (729.549438 1062.200562 -708.987305 ) (717.573242 1071.070068 -708.974854 ) (714.148987 1071.070068 -711.008850 ) (728.346558 1060.579956 -711.003906 ) 
4 852 854 (712.480469 1071.070068 -712 ) (740.621094 1050.265625 -712 ) (741.216736 1051.070557 -711 ) (714.148987 1071.070068 -711.008850 ) 
4 852 853 (742.406555 1052.678589 -709 ) (752 1065.643921 -692.884888 ) (752 1071.070068 -688.525208 ) (717.573242 1071.070068 -708.974854 ) 
4 852 860 (712.482666 1071.070068 -712 ) (752 1071.070068 -712 ) (752 1065.648438 -712 ) (740.618530 1050.267090 -712 ) 
6 853 859 (742.998718 1053.480103 -706 ) (752 1065.641724 -660.474854 ) (752 1067.491089 -656.002319 ) (747.164734 1071.070068 -656.002502 ) (736.174072 1071.070068 -675.677246 ) (730.143250 1062.995483 -706.001160 ) 
3 853 858 (717.574219 1071.070068 -708.973450 ) (729.549866 1062.201050 -708.984802 ) (736.174072 1071.070068 -675.677246 ) 
3 853 857 (752 1067.491089 -656.002319 ) (752 1071.070068 -647.346802 ) (747.164734 1071.070068 -656.002502 ) 
4 854 858 (728.347900 1060.581665 -711.002808 ) (714.154907 1071.070068 -711.007263 ) (709.150391 1071.070068 -712 ) (726.567749 1058.178345 -712 ) 
4 854 860 (709.152466 1071.070068 -712 ) (712.482666 1071.070068 -712 ) (740.618530 1050.267090 -712 ) (739.429504 1048.660156 -712 ) 
4 855 858 (714.192749 1071.070068 -601 ) (717.559509 1071.070068 -603 ) (729.674011 1062.103271 -603 ) (728.485168 1060.491699 -601 ) 
4 855 857 (717.559509 1071.070068 -603 ) (752 1071.070068 -623.473450 ) (752 1065.634766 -619.108215 ) (742.411194 1052.675659 -603 ) 
4 855 856 (740.625000 1050.261719 -600 ) (712.511902 1071.070068 -600 ) (714.192749 1071.070068 -601 ) (741.220154 1051.066040 -601 ) 
4 856 858 (726.702087 1058.079346 -600 ) (709.152405 1071.070068 -600 ) (714.187500 1071.070068 -601 ) (728.483398 1060.489258 -601 ) 
6 857 859 (747.160156 1071.070068 -655.998779 ) (752 1067.489136 -655.998779 ) (752 1065.642578 -651.531189 ) (743.001404 1053.478882 -605.992371 ) (730.263245 1062.907227 -605.992615 ) (736.246765 1071.070068 -636.455994 ) 
3 857 858 (729.675537 1062.105469 -603 ) (717.563904 1071.070068 -603 ) (736.246765 1071.070068 -636.455994 ) 
4 858 1630 (560 1024 -704 ) (560 1024 -712 ) (701.277954 1024 -712 ) (701.292786 1024 -704 ) 
4 858 1547 (560 1024 -600 ) (560 1024 -704 ) (592 1024 -704 ) (592 1024 -600 ) 
4 858 1544 (592 1024 -704 ) (701.292786 1024 -704 ) (701.485535 1024 -600 ) (592 1024 -600 ) 
4 858 873 (560 1024 -712 ) (560 1024 -704 ) (560 1071.070068 -704 ) (560 1071.070068 -712 ) 
4 858 869 (560 1024 -704 ) (560 1024 -600 ) (560 1056 -600 ) (560 1056 -704 ) 
4 858 861 (560 1056 -600 ) (560 1071.070068 -600 ) (560 1071.070068 -704 ) (560 1056 -704 ) 
4 858 859 (730.142090 1062.996338 -705.997131 ) (736.173401 1071.070068 -675.673706 ) (736.246887 1071.070068 -636.456970 ) (730.263428 1062.907227 -606.001892 ) 
5 858 860 (560 1071.070068 -712 ) (709.152466 1071.070068 -712 ) (726.568481 1058.179443 -712 ) (701.277954 1024 -712 ) (560 1024 -712 ) 
4 860 1645 (560 1024 -712 ) (560 1024 -720 ) (721.183411 1024 -720 ) (721.183716 1024 -712 ) 
4 860 873 (560 1071.070068 -720 ) (560 1024 -720 ) (560 1024 -712 ) (560 1071.070068 -712 ) 
4 861 874 (544 1136 -704 ) (544 1056 -704 ) (528 1056 -704 ) (528 1136 -704 ) 
4 861 873 (544 1504 -704 ) (560 1504 -704 ) (560 1056 -704 ) (544 1056 -704 ) 
4 861 869 (528 1056 -704 ) (560 1056 -704 ) (560 1056 -590 ) (528 1056 -590 ) 
3 861 867 (528 1056 -571.200012 ) (528 1056 -586 ) (552.665039 1056 -586 ) 
5 861 866 (560 1056 -586 ) (560 1056 -512 ) (528 1056 -512 ) (528 1056 -571.200012 ) (552.665039 1056 -586 ) 
4 861 864 (528 1504 -704 ) (528 1152 -704 ) (528 1152 -598 ) (528 1504 -598 ) 
4 861 863 (528 1152 -594.001892 ) (528 1288.669922 -512 ) (528 1504 -512 ) (528 1504 -594.002319 ) 
3 861 862 (528 1152 -594.001892 ) (528 1152 -512 ) (528 1288.669922 -512 ) 
4 861 865 (528 1152 -704 ) (528 1056 -704 ) (528 1056 -512 ) (528 1152 -512 ) 
4 862 995 (496 1152 -594.001892 ) (496 1152 -512 ) (496 1184 -512 ) (496 1184 -574.801880 ) 
3 862 952 (496 1192.001587 -570 ) (496 1184 -574.801880 ) (496 1184 -565.200012 ) 
4 862 951 (496 1200 -565.199890 ) (496 1200 -565.201904 ) (496 1192.001587 -570 ) (496 1184 -565.200012 ) 
4 862 950 (496 1184 -512 ) (496 1200 -512 ) (496 1200 -565.199890 ) (496 1184 -565.200012 ) 
3 862 879 (496 1200 -512 ) (496 1288.669922 -512 ) (496 1200 -565.201904 ) 
5 862 863 (528 1152 -594 ) (527.996094 1152 -594 ) (496 1183.995483 -574.802368 ) (496 1288.664062 -512 ) (528 1288.664062 -512 ) 
4 862 865 (528 1152 -594.001892 ) (528 1152 -512 ) (496 1152 -512 ) (496 1152 -594.001892 ) 
4 863 953 (496 1190.662720 -574.802368 ) (496 1184 -574.802368 ) (496 1192.001587 -570 ) (496 1195.333374 -572 ) 
4 863 951 (496 1192.001587 -570 ) (496 1200 -565.201904 ) (496 1200 -569.199951 ) (496 1195.333374 -572 ) 
3 863 945 (496 1200 -574.802368 ) (496 1190.662720 -574.802368 ) (496 1200 -569.199951 ) 
5 863 880 (496 1504 -565.199951 ) (496 1504 -574.802368 ) (496 1200 -574.802368 ) (496 1200 -565.201904 ) (496 1200.003296 -565.199890 ) 
4 863 879 (496 1504 -512 ) (496 1504 -565.199951 ) (496 1200.003296 -565.199890 ) (496 1288.669922 -512 ) 
4 864 992 (496 1184 -704 ) (496 1152 -704 ) (496 1152 -598 ) (496 1184 -578.799988 ) 
4 864 946 (496 1184 -579 ) (496 1184 -578.799988 ) (496 1200 -578.799988 ) (496 1200 -579 ) 
4 864 881 (496 1504 -578.799988 ) (496 1504 -579 ) (496 1200 -579 ) (496 1200 -578.799988 ) 
4 864 865 (496 1152 -704 ) (528 1152 -704 ) (528 1152 -598 ) (496 1152 -598 ) 
4 865 996 (496 1056 -655.599976 ) (496 1056 -512 ) (496 1152 -512 ) (496 1152 -598 ) 
4 865 992 (496 1152 -704 ) (496 1056 -704 ) (496 1056 -655.599976 ) (496 1152 -598 ) 
4 865 874 (496 1056 -704 ) (496 1136 -704 ) (528 1136 -704 ) (528 1056 -704 ) 
4 865 869 (496 1056 -704 ) (528 1056 -704 ) (528 1056 -590 ) (496 1056 -590 ) 
4 865 867 (528 1056 -586 ) (528 1056 -571.200012 ) (496 1056 -552 ) (496 1056 -586 ) 
4 865 866 (528 1056 -571.200012 ) (528 1056 -512 ) (496 1056 -512 ) (496 1056 -552 ) 
5 866 1562 (496 1024 -532.400024 ) (496 1024 -552 ) (502 1024 -555.599976 ) (512 1024 -555.599976 ) (512 1024 -542 ) 
3 866 1561 (512 1024 -555.599976 ) (534.666565 1024 -555.599976 ) (512 1024 -542 ) 
5 866 1560 (556.442749 1024 -572.665649 ) (560 1024 -572.665649 ) (560 1024 -570.800049 ) (534.666565 1024 -555.599976 ) (528 1024 -555.599976 ) 
4 866 1556 (502 1024 -555.599976 ) (530.442810 1024 -572.665649 ) (556.442749 1024 -572.665649 ) (528 1024 -555.599976 ) 
4 866 1552 (560 1024 -512 ) (496 1024 -512 ) (496 1024 -532.400024 ) (560 1024 -570.800049 ) 
4 866 1005 (496 1024 -552 ) (496 1024 -512 ) (496 1056 -512 ) (496 1056 -552 ) 
4 866 871 (560 1056 -586 ) (560 1024 -572.665710 ) (530.442871 1024 -572.665710 ) (536 1032.002441 -576 ) 
5 866 867 (496 1056 -551.996704 ) (552.667969 1056 -585.998047 ) (535.986572 1031.978760 -575.989197 ) (528.007812 1024 -571.201965 ) (496 1024 -551.996948 ) 
3 867 1562 (496 1024 -552 ) (496 1024 -555.599976 ) (502 1024 -555.599976 ) 
4 867 1557 (496 1024 -555.599976 ) (496 1024 -571.201965 ) (528.003357 1024 -571.201965 ) (502 1024 -555.599976 ) 
5 867 1005 (496 1024 -571.201965 ) (496 1024 -552 ) (496 1056 -552 ) (496 1056 -586 ) (496 1031.983765 -575.992249 ) 
3 868 1555 (560 1024 -586 ) (560 1024 -576.666748 ) (537.600220 1024 -576.666748 ) 
3 868 871 (537.602478 1024 -576.667725 ) (560 1024 -576.667725 ) (560 1046.397705 -586 ) 
5 869 1553 (496 1024 -576.666748 ) (496 1024 -704 ) (560 1024 -704 ) (560 1024 -590 ) (528 1024 -576.666748 ) 
4 869 1006 (496 1056 -704 ) (496 1024 -704 ) (496 1024 -576.666748 ) (496 1056 -590 ) 
4 869 874 (496 1040 -704 ) (496 1056 -704 ) (544 1056 -704 ) (544 1040 -704 ) 
4 869 873 (544 1056 -704 ) (560 1056 -704 ) (560 1024 -704 ) (544 1024 -704 ) 
5 869 872 (496 1032.005737 -580.003418 ) (496 1024 -576.667725 ) (528.002625 1024 -576.667725 ) (536.001343 1032 -580 ) (536.005798 1032.005737 -580.003479 ) 
3 869 870 (536.001648 1031.997681 -580 ) (528.003906 1024 -576.668579 ) (536.001648 1024 -580 ) 
3 870 1554 (530.444580 1024 -576.666748 ) (528 1024 -576.666748 ) (536 1024 -580 ) 
3 870 872 (536.001282 1032 -580 ) (528.002625 1024 -576.667725 ) (530.446228 1024 -576.667725 ) 
3 871 1560 (560 1024 -574.799988 ) (560 1024 -572.665649 ) (556.442749 1024 -572.665649 ) 
5 871 1556 (560 1024 -575.199951 ) (560 1024 -574.799988 ) (556.442749 1024 -572.665649 ) (530.442810 1024 -572.665649 ) (534.666687 1024 -575.200012 ) 
5 871 1555 (537.600281 1024 -576.666748 ) (560 1024 -576.666748 ) (560 1024 -575.199951 ) (534.666687 1024 -575.200012 ) (536 1024 -576 ) 
4 872 1554 (528 1024 -576.666748 ) (530.444580 1024 -576.666748 ) (528 1024 -575.199951 ) (524.479980 1024 -575.199951 ) 
4 872 1553 (496 1024 -575.199951 ) (496 1024 -576.666748 ) (528 1024 -576.666748 ) (524.479980 1024 -575.199951 ) 
3 872 1007 (496 1024 -576.666748 ) (496 1024 -575.199951 ) (496 1032 -580 ) 
4 873 1645 (544 1024 -720 ) (560 1024 -720 ) (560 1024 -712 ) (544 1024 -712 ) 
4 873 1630 (560 1024 -712 ) (560 1024 -704 ) (544 1024 -704 ) (544 1024 -712 ) 
4 873 874 (544 1040 -704 ) (544 1136 -704 ) (544 1136 -712 ) (544 1040 -712 ) 
4 873 875 (544 1504 -720 ) (544 1024 -720 ) (544 1024 -712 ) (544 1504 -712 ) 
4 874 1009 (496 1136 -712 ) (496 1040 -712 ) (496 1040 -704 ) (496 1136 -704 ) 
4 874 875 (496 1040 -712 ) (496 1136 -712 ) (544 1136 -712 ) (544 1040 -712 ) 
4 875 1645 (496 1024 -712 ) (496 1024 -720 ) (544 1024 -720 ) (544 1024 -712 ) 
4 875 1011 (496 1040 -720 ) (496 1024 -720 ) (496 1024 -712 ) (496 1040 -712 ) 
4 875 1010 (496 1136 -720 ) (496 1040 -720 ) (496 1040 -712 ) (496 1136 -712 ) 
4 875 1008 (496 1184 -720 ) (496 1136 -720 ) (496 1136 -712 ) (496 1184 -712 ) 
4 876 1671 (768 1024 -728 ) (768 1024 -736 ) (784 1024 -736 ) (784 1024 -728 ) 
4 876 1399 (1024 1024 -736 ) (1024 1024 -720 ) (784 1024 -720 ) (784 1024 -736 ) 
4 876 877 (768 1072 -720 ) (768 1504 -720 ) (768 1504 -736 ) (768 1072 -736 ) 
4 876 1012 (1024 1504 -736 ) (1024 1024 -736 ) (768 1024 -736 ) (768 1504 -736 ) 
4 877 1012 (736 1072 -736 ) (736 1504 -736 ) (768 1504 -736 ) (768 1072 -736 ) 
4 878 1675 (592 1024 -728 ) (592 1024 -736 ) (608 1024 -736 ) (608 1024 -728 ) 
4 878 1012 (608 1024 -736 ) (592 1024 -736 ) (592 1504 -736 ) (608 1504 -736 ) 
5 879 950 (496 1200 -565.199951 ) (496 1200 1107.810059 ) (480 1200 1107.810059 ) (480 1200 -569.200073 ) (489.333160 1200 -569.200012 ) 
3 879 947 (480 1200 -569.200073 ) (480 1200 -574.799927 ) (489.333160 1200 -569.200012 ) 
4 879 905 (480 1200 -386.800018 ) (480 1200 -382.799988 ) (480 1504 -382.799927 ) (480 1504 -386.800018 ) 
4 879 892 (480 1200 -574.799988 ) (480 1200 -386.800018 ) (480 1232 -386.800018 ) (480 1232 -574.799988 ) 
4 879 889 (480 1232 -386.800018 ) (480 1472 -386.800018 ) (480 1472 -574.799927 ) (480 1232 -574.799988 ) 
4 879 885 (480 1472 -386.800018 ) (480 1504 -386.800018 ) (480 1504 -574.799927 ) (480 1472 -574.799927 ) 
4 879 882 (480 1200 -382.799988 ) (480 1200 1107.810059 ) (480 1504 1107.810059 ) (480 1504 -382.799927 ) 
4 879 880 (487.997375 1504 -570 ) (496 1504 -565.199219 ) (496 1200 -565.199219 ) (487.997375 1200 -570 ) 
3 880 951 (496 1200 -569.200012 ) (496 1200 -565.199951 ) (489.333282 1200 -569.200012 ) 
4 880 948 (495.995972 1200 -569.200012 ) (489.333282 1200 -569.200012 ) (487.997986 1200 -570.001160 ) (491.329376 1200 -572 ) 
4 880 945 (496 1200 -574.802368 ) (496 1200 -569.200012 ) (495.995972 1200 -569.200012 ) (491.329376 1200 -572 ) 
5 881 946 (496 1200 -579 ) (496 1200 -578.799988 ) (487.998047 1200 -573.998779 ) (480 1200 -578.797607 ) (480 1200 -579 ) 
4 881 891 (480 1200 -578.797668 ) (480 1232 -578.797668 ) (480 1232 -579 ) (480 1200.336426 -579 ) 
4 881 884 (480 1232 -578.797668 ) (480 1504 -578.797607 ) (480 1504 -579 ) (480 1232 -579 ) 
3 881 883 (480 1200 -579 ) (480 1200 -578.797668 ) (480 1200.336426 -579 ) 
3 882 979 (160 1200 -565.199951 ) (160 1200 -569.199951 ) (166.666672 1200 -569.200012 ) 
6 882 974 (256 1200 1107.810059 ) (160 1200 1107.810059 ) (160 1200 -565.199951 ) (166.666672 1200 -569.200012 ) (169.333405 1200 -569.200012 ) (256 1200 -517.200012 ) 
3 882 969 (160 1200 -569.199951 ) (160 1200 -574.800049 ) (169.333405 1200 -569.200012 ) 
4 882 960 (336 1200 1107.810059 ) (256 1200 1107.810059 ) (256 1200 -517.200012 ) (336 1200 -469.199982 ) 
4 882 956 (352 1200 1107.810059 ) (336 1200 1107.810059 ) (336 1200 -469.199982 ) (352 1200 -459.599976 ) 
4 882 950 (480 1200 1107.810059 ) (352 1200 1107.810059 ) (352 1200 -459.599976 ) (480 1200 -382.799957 ) 
4 882 907 (160 1200 -574.799927 ) (160 1200 1107.810059 ) (160 1504 1107.810059 ) (160 1504 -574.800049 ) 
4 882 905 (167.997391 1504 -569.998413 ) (480 1504 -382.796875 ) (480 1200 -382.796875 ) (167.997406 1200 -569.998413 ) 
4 883 971 (256 1200 -579 ) (256 1200 -578.798157 ) (208 1200 -578.798157 ) (208 1200 -579 ) 
12 883 966 (272 1200 -690 ) (272 1200 -624.109558 ) (268.441162 1200 -627.846863 ) (264.543793 1200 -633.381348 ) (261.500977 1200 -639.426025 ) (259.378998 1200 -645.851868 ) (258.221039 1200 -652.520813 ) (258.055023 1200 -659.286194 ) (258.884003 1200 -666.004028 ) (260.688995 1200 -672.526062 ) (263.432037 1200 -678.714050 ) (267.052002 1200 -684.432007 ) 
4 883 964 (272 1200 -712 ) (336 1200 -712 ) (336 1200 -704 ) (272 1200 -704 ) 
15 883 963 (336 1200 -704 ) (336 1200 -624.120178 ) (334.853485 1200 -622.915894 ) (329.556305 1200 -618.782166 ) (323.667847 1200 -615.445923 ) (317.352936 1200 -613.010010 ) (310.711151 1200 -611.518250 ) (304.039642 1200 -611.026062 ) (297.250244 1200 -611.526978 ) (290.647095 1200 -613.010010 ) (284.332031 1200 -615.445984 ) (278.444489 1200 -618.781677 ) (273.107727 1200 -622.946289 ) (272 1200 -624.109558 ) (272 1200 -704 ) 
4 883 962 (336 1200 -579 ) (336 1200 -578.798157 ) (256 1200 -578.798157 ) (256 1200 -579 ) 
12 883 959 (346.497955 1200 -639.425903 ) (343.455078 1200 -633.381104 ) (339.586151 1200 -627.886902 ) (336 1200 -624.120178 ) (336 1200 -690 ) (340.948181 1200 -684.431763 ) (344.568054 1200 -678.713928 ) (347.310822 1200 -672.526489 ) (349.115997 1200 -666.003906 ) (349.945038 1200 -659.285706 ) (349.778046 1200 -652.521240 ) (348.621002 1200 -645.851929 ) 
4 883 958 (352 1200 -579 ) (352 1200 -578.798157 ) (336 1200 -578.798157 ) (336 1200 -579 ) 
4 883 949 (480 1200 -578.798096 ) (352 1200 -578.798157 ) (352 1200 -579 ) (479.662720 1200 -579 ) 
3 883 946 (480 1200 -579 ) (480 1200 -578.798096 ) (479.662720 1200 -579 ) 
4 883 943 (272 1200 -712 ) (208 1200 -712 ) (208 1422.003174 -712 ) (272 1422.003174 -712 ) 
4 883 935 (272 1208 -712 ) (272 1422.003174 -712 ) (336 1422.003174 -712 ) (336 1208 -712 ) 
4 883 933 (480 1200 -712 ) (336 1200 -712 ) (336 1422.003174 -712 ) (480 1422.003174 -712 ) 
5 883 904 (208 1200 -598.001953 ) (208 1200 -594 ) (208 1225.336548 -594 ) (208 1232 -597.998047 ) (208 1232 -598.001953 ) 
4 883 902 (208 1232 -712 ) (208 1200 -712 ) (208 1200 -598.001953 ) (208 1232 -598.001953 ) 
3 883 900 (208 1422.003174 -712 ) (208 1232 -712 ) (208 1232 -597.998047 ) 
3 883 897 (208 1200 -594 ) (208 1200 -578.798096 ) (208 1225.336548 -594 ) 
3 883 891 (480 1200.003784 -578.797607 ) (480 1232 -597.995361 ) (448.003784 1232 -597.995361 ) 
4 883 890 (208 1422.007812 -712 ) (208 1232 -597.995300 ) (448.003784 1232 -597.995361 ) (257.996002 1422.007812 -712 ) 
4 883 884 (448.003784 1232 -597.995361 ) (480 1232 -597.995361 ) (480 1422.007812 -712 ) (257.996002 1422.007812 -712 ) 
4 884 943 (257.995972 1504 -712 ) (272 1504 -712 ) (272 1422.003174 -712 ) (257.996002 1422.003174 -712 ) 
4 884 935 (336 1496 -712 ) (336 1422.003174 -712 ) (272 1422.003174 -712 ) (272 1496 -712 ) 
4 884 933 (336 1504 -712 ) (480 1504 -712 ) (480 1422.003174 -712 ) (336 1422.003174 -712 ) 
3 884 891 (448 1232 -597.998047 ) (480 1232 -597.998047 ) (480 1232 -578.797607 ) 
4 884 890 (257.993500 1472 -712 ) (257.993500 1422.006470 -712 ) (448 1232 -597.996094 ) (448 1472 -597.996094 ) 
4 884 888 (257.993500 1504 -712 ) (257.993500 1472 -712 ) (448 1472 -597.996094 ) (448 1504 -597.996094 ) 
3 884 887 (479.993591 1504 -578.799927 ) (448 1504 -597.996094 ) (448 1472.006348 -597.996094 ) 
4 885 905 (480 1472 -386.800781 ) (480 1504 -386.800781 ) (448 1504 -406 ) (448 1472 -406 ) 
4 885 889 (448 1472 -594 ) (480 1472 -574.799927 ) (480 1472 -386.796875 ) (448 1472 -405.996796 ) 
4 885 886 (448 1504 -574.791992 ) (448 1472 -593.992188 ) (448 1472 -406 ) (448 1504 -406 ) 
4 886 905 (448 1504 -406 ) (208 1504 -550 ) (208 1472 -550 ) (448 1472 -406 ) 
4 886 893 (208 1472 -594 ) (208 1472 -549.997986 ) (208 1504 -549.997986 ) (208 1504 -574.800049 ) 
4 886 890 (208 1472 -549.996094 ) (208 1472 -594 ) (448 1472 -594 ) (448 1472 -405.996796 ) 
3 887 888 (448 1504 -598 ) (448 1472 -598 ) (448 1504 -578.799927 ) 
4 888 943 (208 1472 -712 ) (208 1504 -712 ) (257.995972 1504 -712 ) (257.995972 1472 -712 ) 
5 888 898 (208 1504 -712 ) (208 1472 -712 ) (208 1472 -598 ) (208 1478.666504 -594 ) (208 1504 -594 ) 
3 888 894 (208 1478.666504 -594 ) (208 1504 -578.799988 ) (208 1504 -594 ) 
4 888 890 (208 1472 -598 ) (208 1472 -712 ) (257.997406 1472 -712 ) (447.997620 1472 -598 ) 
4 889 905 (480 1232 -386.800781 ) (480 1472 -386.800781 ) (448 1472 -406 ) (448 1232 -406 ) 
4 889 892 (480 1232 -574.799927 ) (480 1232 -386.796875 ) (448 1232 -405.996796 ) (448 1232 -594 ) 
4 889 890 (448 1472 -405.996094 ) (448 1472 -594 ) (448 1232 -594 ) (448 1232 -406 ) 
4 890 943 (208 1422.003174 -712 ) (208 1472 -712 ) (257.995972 1472 -712 ) (257.996002 1422.003174 -712 ) 
4 890 905 (448 1472 -406 ) (208 1472 -550 ) (208 1232 -550 ) (448 1232 -406 ) 
4 890 900 (208 1472 -712 ) (208 1422.003174 -712 ) (208 1232.006348 -598.001953 ) (208 1472 -598.001953 ) 
4 890 895 (208 1232 -594 ) (208 1232 -549.997986 ) (208 1472 -549.997986 ) (208 1472 -594 ) 
4 890 892 (208 1232 -549.996094 ) (208 1232 -594 ) (448 1232 -594 ) (448 1232 -405.996796 ) 
4 892 974 (256 1200 -521.200012 ) (208 1200 -550 ) (208 1200 -569.199951 ) (256 1200 -569.199951 ) 
4 892 970 (208 1200 -569.199951 ) (208 1200 -574.799988 ) (256 1200 -574.799988 ) (256 1200 -569.199951 ) 
4 892 960 (336 1200 -473.200043 ) (256 1200 -521.200012 ) (256 1200 -574.799988 ) (336 1200 -574.799988 ) 
4 892 956 (352 1200 -463.600037 ) (336 1200 -473.200043 ) (336 1200 -574.799988 ) (352 1200 -574.799988 ) 
4 892 950 (480 1200 -569.199951 ) (480 1200 -386.800049 ) (352 1200 -463.600037 ) (352 1200 -569.199951 ) 
4 892 947 (480 1200 -574.799988 ) (480 1200 -569.199951 ) (352 1200 -569.199951 ) (352 1200 -574.799988 ) 
4 892 905 (208 1200 -550 ) (480 1200 -386.800781 ) (480 1232 -386.800781 ) (208 1232 -550 ) 
4 892 896 (208 1200 -574.799988 ) (208 1200 -549.997986 ) (208 1232 -549.997986 ) (208 1232 -594 ) 
4 893 905 (208 1472 -550 ) (208 1504 -550 ) (171.333954 1504 -572 ) (171.333954 1472 -572 ) 
3 893 895 (171.339844 1472 -572.003906 ) (208 1472 -594 ) (208 1472 -550 ) 
3 894 898 (182.666000 1504 -578.799866 ) (208 1504 -594 ) (208 1478.666626 -594 ) 
4 895 905 (208 1232 -550 ) (208 1472 -550 ) (171.333954 1472 -572 ) (171.333954 1232 -572 ) 
3 895 896 (171.339844 1232 -572.003906 ) (208 1232 -594 ) (208 1232 -550 ) 
3 896 974 (208 1200 -569.199951 ) (208 1200 -550 ) (176 1200 -569.199951 ) 
5 896 970 (208 1200 -574.799988 ) (208 1200 -569.199951 ) (176 1200 -569.199951 ) (171.333298 1200 -572 ) (176 1200 -574.799988 ) 
4 896 905 (171.333954 1200 -572 ) (208 1200 -550 ) (208 1232 -550 ) (171.333954 1232 -572 ) 
4 897 971 (208 1200 -579 ) (208 1200 -578.798157 ) (182.663528 1200 -578.798157 ) (183 1200 -579 ) 
3 897 904 (208 1225.336426 -594 ) (208 1200 -594 ) (182.663086 1200 -578.798157 ) 
4 898 943 (176 1504 -712 ) (208 1504 -712 ) (208 1472 -712 ) (176 1472 -712 ) 
4 898 900 (176 1472 -598 ) (176 1472 -712 ) (208 1472 -712 ) (208 1472 -598 ) 
3 898 899 (176 1503.993408 -578.802002 ) (176 1472 -598 ) (207.996674 1472 -598 ) 
4 899 901 (176 1472 -579 ) (176 1472 -578.802002 ) (176 1503.996704 -578.802002 ) (176 1503.666748 -579 ) 
3 899 900 (176 1472 -578.802002 ) (176 1472 -598 ) (207.996674 1472 -598 ) 
4 900 943 (208 1472 -712 ) (208 1232 -712 ) (176 1232 -712 ) (176 1472 -712 ) 
4 900 902 (208 1232 -712 ) (208 1232 -598.001953 ) (176 1232 -578.802002 ) (176 1232 -712 ) 
4 901 906 (160 1232 -579 ) (160 1232 -578.800049 ) (160 1504 -578.799988 ) (160 1504 -579 ) 
5 901 903 (167.998337 1232 -574 ) (160 1232 -578.799988 ) (160 1232 -579 ) (176 1232 -579 ) (176 1232 -578.802002 ) 
4 902 943 (208 1200 -712 ) (176 1200 -712 ) (176 1232 -712 ) (208 1232 -712 ) 
5 902 904 (208 1232 -598 ) (207.996918 1232 -597.998169 ) (176 1200.003052 -578.799988 ) (176 1200 -578.799988 ) (208 1200 -598 ) 
4 902 903 (176 1200 -578.796814 ) (176 1232 -578.796814 ) (176 1232 -579 ) (176 1200 -579 ) 
5 903 972 (160 1200 -578.799988 ) (160 1200 -579 ) (176 1200 -579 ) (176 1200 -578.802002 ) (167.998306 1200 -574 ) 
4 904 973 (183 1200 -579 ) (182.663528 1200 -578.798157 ) (175.993576 1200 -578.798096 ) (176.330078 1200 -579 ) 
4 905 974 (176 1200 -569.199951 ) (256 1200 -521.200012 ) (256 1200 -517.200012 ) (169.333405 1200 -569.200012 ) 
4 905 970 (171.333298 1200 -572 ) (176 1200 -569.199951 ) (169.333405 1200 -569.200012 ) (168 1200 -570 ) 
4 905 960 (256 1200 -521.200012 ) (336 1200 -473.200043 ) (336 1200 -469.199982 ) (256 1200 -517.200012 ) 
4 905 956 (336 1200 -473.200043 ) (352 1200 -463.600037 ) (352 1200 -459.599976 ) (336 1200 -469.199982 ) 
4 905 950 (352 1200 -463.600037 ) (480 1200 -386.800049 ) (480 1200 -382.799957 ) (352 1200 -459.599976 ) 
5 906 981 (128 1200 -598 ) (128 1200 -704 ) (160 1200 -704 ) (160 1200 -579 ) (159.666550 1200 -579 ) 
3 906 972 (160 1200 -579 ) (160 1200 -578.799927 ) (159.666550 1200 -579 ) 
4 906 908 (128 1504 -704 ) (128 1200 -704 ) (128 1200 -598 ) (128 1504 -598 ) 
3 907 982 (128 1200 -579 ) (128 1200 -594 ) (153 1200 -579 ) 
4 907 979 (128 1200 -546 ) (128 1200 -569.199951 ) (160 1200 -569.199951 ) (160 1200 -565.200012 ) 
4 907 974 (160 1200 1107.810059 ) (128 1200 1107.810059 ) (128 1200 -546 ) (160 1200 -565.200012 ) 
5 907 969 (128 1200 -569.199951 ) (128 1200 -579 ) (153 1200 -579 ) (160 1200 -574.799988 ) (160 1200 -569.199951 ) 
4 907 908 (128 1200 -594 ) (128 1200 1107.810059 ) (128 1504 1107.810059 ) (128 1504 -594 ) 
4 908 986 (96 1200 -576 ) (96 1200 -704 ) (128 1200 -704 ) (128 1200 -576 ) 
4 908 983 (128 1200 1107.810059 ) (96 1200 1107.810059 ) (96 1200 -576 ) (128 1200 -576 ) 
4 908 910 (96 1504 -704 ) (96 1200 -704 ) (96 1200 -586 ) (96 1504 -586 ) 
4 908 909 (96 1200 -582 ) (96 1200 1107.810059 ) (96 1504 1107.810059 ) (96 1504 -582 ) 
3 909 987 (76 1200 -576 ) (96 1200 -582 ) (96 1200 -576 ) 
5 909 983 (96 1200 1107.810059 ) (64 1200 1107.810059 ) (64 1200 -572.400024 ) (76 1200 -576 ) (96 1200 -576 ) 
5 909 913 (64 1504 -562.799988 ) (64 1504 -572.400024 ) (64 1200 -572.400024 ) (64 1200 -562.800903 ) (64 1352.001343 -517.200439 ) 
3 909 912 (64 1504 -471.600830 ) (64 1504 -562.799988 ) (64 1352.001343 -517.200439 ) 
4 909 911 (64 1504 1107.810059 ) (64 1504 -471.600830 ) (64 1200 -562.800903 ) (64 1200 1107.810059 ) 
4 910 988 (64 1200 -576.399963 ) (64 1200 -704 ) (96 1200 -704 ) (96 1200 -586 ) 
3 911 984 (16 1200 -558 ) (16 1200 -562.800903 ) (32.002903 1200 -562.800903 ) 
5 911 983 (64 1200 -562.800903 ) (64 1200 1107.810059 ) (16 1200 1107.810059 ) (16 1200 -558 ) (32.002903 1200 -562.800903 ) 
3 911 930 (16 1200 -562.800903 ) (16 1200 -562 ) (16 1202.669678 -562 ) 
4 911 927 (16 1200 -362.137939 ) (16 1200 -358.138000 ) (16 1352 -472.137909 ) (16 1349.333252 -474.137909 ) 
5 911 926 (16 1200 -358.138000 ) (16 1200 1107.810059 ) (16 1504 1107.810059 ) (16 1504 -471.601074 ) (16 1394.917114 -504.325867 ) 
6 911 922 (16 1200 -562 ) (16 1200 -362.137939 ) (16 1349.333374 -474.137970 ) (16 1288 -520.137817 ) (16 1215.995605 -558.002258 ) (16 1202.669678 -562 ) 
4 911 921 (16 1352 -476.137939 ) (16 1360.076294 -482.195129 ) (16 1339.127563 -497.252014 ) (16 1288 -524.137878 ) 
3 911 919 (16 1339.127563 -497.252014 ) (16 1282.266113 -538.121094 ) (16 1233.705933 -552.689148 ) 
3 911 916 (16 1360.076294 -482.195129 ) (16 1391.107666 -505.468689 ) (16 1282.266113 -538.121094 ) 
5 911 913 (16 1216.006714 -558 ) (16 1352.003418 -517.201050 ) (64 1352.003418 -517.201050 ) (64 1200 -562.802002 ) (32.006657 1200 -562.802063 ) 
4 911 912 (16 1352.003418 -517.201050 ) (16 1504 -471.602112 ) (64 1504 -471.602173 ) (64 1352.003418 -517.201050 ) 
3 912 928 (16 1504 -562 ) (16 1504 -562.799988 ) (16 1501.333374 -562 ) 
6 912 926 (16 1394.917114 -504.325867 ) (16 1504 -471.601074 ) (16 1504 -562 ) (16 1501.333374 -562 ) (16 1488 -558 ) (16 1416 -520.138000 ) 
3 912 924 (16 1470.289917 -552.687012 ) (16 1443.248901 -544.574707 ) (16 1416 -524.138123 ) 
3 912 916 (16 1352.001587 -517.200500 ) (16 1391.107666 -505.468719 ) (16 1443.248901 -544.574707 ) 
5 912 913 (64 1351.998047 -517.199219 ) (16 1351.998047 -517.199219 ) (16 1488 -558 ) (32 1504 -562.799805 ) (64 1504 -562.799805 ) 
3 913 983 (64 1200 -572.400024 ) (64 1200 -562.800903 ) (32.002903 1200 -562.800903 ) 
4 913 924 (16 1443.248901 -544.574646 ) (16 1470.289795 -552.686890 ) (16 1480.393433 -558 ) (16 1461.149292 -558 ) 
4 913 919 (16 1233.705444 -552.689331 ) (16 1282.266113 -538.121094 ) (16 1254.608521 -558 ) (16 1223.606201 -558 ) 
5 913 916 (16 1282.266113 -538.121094 ) (16 1352.001587 -517.200500 ) (16 1443.248901 -544.574646 ) (16 1461.149292 -558 ) (16 1254.608521 -558 ) 
4 914 985 (32 1200 -566.800049 ) (16 1200 -566.800049 ) (16 1200 -568 ) (36 1200 -568 ) 
6 914 929 (16 1200 -568 ) (16 1200 -566.800049 ) (16 1216 -562 ) (16 1488 -562 ) (16 1504 -566.799927 ) (16 1504 -568 ) 
4 915 989 (16 1200 -704 ) (56 1200 -704 ) (56 1200 -576 ) (16 1200 -576 ) 
4 915 931 (16 1504 -704 ) (16 1200 -704 ) (16 1200 -576 ) (16 1504 -576 ) 
4 916 929 (16 1466.482666 -562 ) (16 1249.043335 -562 ) (12 1249.043335 -562 ) (12 1466.482666 -562 ) 
4 916 924 (16 1466.476562 -562 ) (12 1466.476562 -562 ) (12 1415.979980 -524.127502 ) (16 1415.979980 -524.127502 ) 
4 916 921 (16 1360.080078 -482.195312 ) (12 1360.080078 -482.195312 ) (12 1339.142090 -497.244324 ) (16 1339.142090 -497.244324 ) 
4 916 919 (12 1339.142090 -497.244324 ) (12 1249.046143 -562 ) (16 1249.046143 -562 ) (16 1339.142090 -497.244324 ) 
4 916 918 (12 1455.402588 -553.701355 ) (12 1466.467529 -562 ) (12 1454.956543 -562 ) (12 1416 -534 ) 
3 916 917 (12 1249.042969 -562 ) (12 1351.998047 -487.998566 ) (12 1454.956543 -562 ) 
3 917 1057 (0 1454.956543 -562 ) (0 1249.043335 -562 ) (0 1352 -488 ) 
4 917 929 (12 1249.043335 -562 ) (0 1249.043335 -562 ) (0 1454.956543 -562 ) (12 1454.956543 -562 ) 
4 917 920 (0 1288.010376 -533.994751 ) (0 1249.046143 -562 ) (12 1249.046143 -562 ) (12 1288.010376 -533.994751 ) 
4 917 918 (12 1415.994873 -533.997437 ) (12 1454.954956 -562 ) (0 1454.954956 -562 ) (0 1415.994873 -533.997437 ) 
4 918 1058 (0 1466.482666 -562 ) (0 1454.956543 -562 ) (0 1416 -534 ) (0 1455.447876 -553.723877 ) 
4 918 929 (0 1454.956543 -562 ) (0 1466.482666 -562 ) (12 1466.482666 -562 ) (12 1454.956543 -562 ) 
4 918 925 (12 1466.476562 -562 ) (0 1466.476562 -562 ) (0 1455.429688 -553.714844 ) (12 1455.429688 -553.714844 ) 
4 919 929 (16 1249.043335 -562 ) (16 1216 -562 ) (12 1216 -562 ) (12 1249.043335 -562 ) 
4 919 921 (16 1339.146484 -497.241211 ) (12 1339.146484 -497.241211 ) (12 1288.005127 -524.134155 ) (16 1288.005127 -524.134155 ) 
3 919 920 (12 1287.987305 -534.006348 ) (12 1249.039551 -562 ) (12 1232 -562 ) 
3 920 1060 (0 1249.043335 -562 ) (0 1232 -562 ) (0 1288 -534 ) 
4 920 929 (0 1232 -562 ) (0 1249.043335 -562 ) (12 1249.043335 -562 ) (12 1232 -562 ) 
4 922 984 (12 1200 -562 ) (16 1200 -562 ) (16 1200 -558 ) (12 1200 -556.800049 ) 
4 922 983 (16 1200 -558 ) (16 1200 -362.137939 ) (12 1200 -362.137939 ) (12 1200 -556.800049 ) 
4 922 930 (16 1202.669800 -562 ) (16 1200 -562 ) (12 1200 -562 ) (12 1202.669800 -562 ) 
4 922 927 (12 1200 -362.142334 ) (16 1200 -362.142334 ) (16 1349.330322 -474.140198 ) (12 1349.330322 -474.140198 ) 
6 922 923 (12 1202.669800 -562 ) (12 1200 -562 ) (12 1200 -362.136353 ) (12 1349.334106 -474.137268 ) (12 1288 -520.138306 ) (12 1215.995361 -558.002380 ) 
7 923 1062 (0 1202.669800 -562 ) (0 1200 -562 ) (0 1200 -464 ) (0 1335.816040 -464 ) (0 1349.333252 -474.137939 ) (0 1288 -520.138306 ) (0 1215.995605 -558.002197 ) 
3 923 1055 (0 1200 -464 ) (0 1200 -362.137939 ) (0 1335.816040 -464 ) 
4 923 984 (0 1200 -553.200073 ) (0 1200 -562 ) (12 1200 -562 ) (12 1200 -556.800049 ) 
4 923 983 (0 1200 -362.137939 ) (0 1200 -553.200073 ) (12 1200 -556.800049 ) (12 1200 -362.137939 ) 
4 923 930 (12 1200 -562 ) (0 1200 -562 ) (0 1202.669800 -562 ) (12 1202.669800 -562 ) 
4 923 927 (0 1349.330322 -474.140198 ) (0 1200 -362.142334 ) (12 1200 -362.142334 ) (12 1349.330322 -474.140198 ) 
4 924 929 (16 1488 -562 ) (16 1466.482666 -562 ) (12 1466.482666 -562 ) (12 1488 -562 ) 
3 924 925 (12 1466.480469 -562 ) (12 1455.439575 -553.719727 ) (12 1472 -562 ) 
3 925 1065 (0 1472 -562 ) (0 1466.482666 -562 ) (0 1455.447876 -553.723877 ) 
4 925 929 (12 1466.482666 -562 ) (0 1466.482666 -562 ) (0 1472 -562 ) (12 1472 -562 ) 
6 926 1067 (0 1504 -464 ) (0 1504 -562 ) (0 1501.333374 -562 ) (0 1488 -558 ) (0 1416 -520.138123 ) (0 1341.149292 -464 ) 
5 926 1055 (0 1504 1107.810059 ) (0 1504 -464 ) (0 1341.149292 -464 ) (0 1200 -358.138000 ) (0 1200 1107.810059 ) 
4 926 983 (0 1200 1107.810059 ) (0 1200 -358.138062 ) (16 1200 -358.138000 ) (16 1200 1107.810059 ) 
4 926 928 (0 1504 -562 ) (16 1504 -562 ) (16 1501.333374 -562 ) (0 1501.333374 -562 ) 
4 926 927 (16 1352 -472.137604 ) (16 1200 -358.137207 ) (0 1200 -358.137207 ) (0 1352 -472.137512 ) 
4 927 1068 (0 1349.333252 -474.137909 ) (0 1335.816040 -464 ) (0 1341.149414 -464 ) (0 1352 -472.137939 ) 
4 927 1055 (0 1335.816040 -464 ) (0 1200 -362.137939 ) (0 1200 -358.138000 ) (0 1341.149414 -464 ) 
4 927 983 (0 1200 -358.138062 ) (0 1200 -362.137939 ) (16 1200 -362.137939 ) (16 1200 -358.138000 ) 
3 928 1069 (0 1504 -562 ) (0 1504 -562.799988 ) (0 1501.333252 -562 ) 
6 929 1072 (0 1504 -566.799927 ) (0 1504 -568 ) (0 1200 -568 ) (0 1200 -566.800049 ) (0 1216 -562 ) (0 1488 -562 ) 
4 929 985 (0 1200 -566.800049 ) (0 1200 -568 ) (16 1200 -568 ) (16 1200 -566.800049 ) 
3 930 1071 (0 1200 -562.800903 ) (0 1200 -562 ) (0 1202.669800 -562 ) 
4 930 984 (0 1200 -562 ) (0 1200 -562.800903 ) (16 1200 -562.800903 ) (16 1200 -562 ) 
4 931 1084 (0 1504 -576 ) (0 1504 -704 ) (0 1200 -704 ) (0 1200 -576 ) 
4 931 989 (0 1200 -576 ) (0 1200 -704 ) (16 1200 -704 ) (16 1200 -576 ) 
4 932 954 (488 1200 -736 ) (496 1200 -736 ) (496 1200 -720 ) (488 1200 -720 ) 
4 932 1012 (488 1504 -736 ) (496 1504 -736 ) (496 1200 -736 ) (488 1200 -736 ) 
4 933 942 (336 1200 -736 ) (336 1200 -728 ) (336 1219.997070 -728 ) (336 1231.997192 -736 ) 
4 933 941 (336 1232 -728 ) (336 1472 -728 ) (336 1472 -736 ) (336 1232 -736 ) 
4 933 940 (336 1484 -728 ) (336 1504 -728 ) (336 1504 -736 ) (336 1472 -736 ) 
4 933 939 (336 1200 -728 ) (336 1200 -714.668579 ) (336 1208 -720.001953 ) (336 1208 -728 ) 
3 933 938 (336 1219.997070 -728 ) (336 1208 -728 ) (336 1208 -720.001892 ) 
3 933 936 (336 1496 -720 ) (336 1496 -728 ) (336 1484 -728 ) 
4 933 937 (336 1484 -728 ) (336 1220 -728 ) (336 1220 -720 ) (336 1484 -720 ) 
4 933 935 (336 1208 -712 ) (336 1496 -712 ) (336 1496 -720 ) (336 1208 -720 ) 
4 933 934 (336 1504 -714.666626 ) (336 1504 -728 ) (336 1496 -728 ) (336 1496 -720 ) 
4 933 1012 (336 1504 -736 ) (480 1504 -736 ) (480 1200 -736 ) (336 1200 -736 ) 
4 934 943 (272 1504 -714.666626 ) (272 1504 -728 ) (272 1496 -728 ) (272 1496 -720 ) 
4 934 940 (272 1496 -728 ) (272 1504 -728 ) (336 1504 -728 ) (336 1496 -728 ) 
4 934 936 (272 1496 -720 ) (272 1496 -728 ) (336 1496 -728 ) (336 1496 -720 ) 
4 935 943 (272 1208 -712 ) (272 1496 -712 ) (272 1496 -720 ) (272 1208 -720 ) 
4 935 937 (272 1220 -720 ) (272 1484 -720 ) (336 1484 -720 ) (336 1220 -720 ) 
3 936 943 (272 1496 -720 ) (272 1496 -728 ) (272 1484 -728 ) 
4 936 940 (272 1484 -728 ) (272 1496 -728 ) (336 1496 -728 ) (336 1484 -728 ) 
4 937 943 (272 1484 -728 ) (272 1220 -728 ) (272 1220 -720 ) (272 1484 -720 ) 
4 937 941 (272 1232 -728 ) (272 1472 -728 ) (336 1472 -728 ) (336 1232 -728 ) 
3 938 943 (272 1219.997070 -728 ) (272 1208 -728 ) (272 1208 -720.001892 ) 
4 938 942 (272 1208 -728 ) (272 1220 -728 ) (336 1220 -728 ) (336 1208 -728 ) 
4 938 939 (272 1208 -720 ) (272 1208 -728 ) (336 1208 -728 ) (336 1208 -720 ) 
4 939 967 (336 1200 -728 ) (336 1200 -714.668579 ) (272 1200 -714.668579 ) (272 1200 -728 ) 
4 939 943 (272 1200 -728 ) (272 1200 -714.668579 ) (272 1208 -720.001953 ) (272 1208 -728 ) 
4 939 942 (272 1200 -728 ) (272 1208 -728 ) (336 1208 -728 ) (336 1200 -728 ) 
4 940 943 (272 1484 -728 ) (272 1504 -728 ) (272 1504 -736 ) (272 1472 -736 ) 
4 940 1012 (272 1504 -736 ) (336 1504 -736 ) (336 1472 -736 ) (272 1472 -736 ) 
4 941 943 (272 1232 -728 ) (272 1472 -728 ) (272 1472 -736 ) (272 1232 -736 ) 
4 941 1012 (336 1472 -736 ) (336 1232 -736 ) (272 1232 -736 ) (272 1472 -736 ) 
4 942 967 (272 1200 -736 ) (336 1200 -736 ) (336 1200 -728 ) (272 1200 -728 ) 
4 942 943 (272 1200 -736 ) (272 1200 -728 ) (272 1219.997070 -728 ) (272 1231.997192 -736 ) 
4 942 1012 (336 1232 -736 ) (336 1200 -736 ) (272 1200 -736 ) (272 1232 -736 ) 
4 943 1012 (176 1504 -736 ) (272 1504 -736 ) (272 1200 -736 ) (176 1200 -736 ) 
4 944 1107 (0 1504 -720 ) (0 1504 -736 ) (0 1200 -736 ) (0 1200 -720 ) 
4 944 991 (0 1200 -736 ) (160 1200 -736 ) (160 1200 -720 ) (0 1200 -720 ) 
4 944 1012 (0 1200 -736 ) (0 1504 -736 ) (160 1504 -736 ) (160 1200 -736 ) 
3 945 953 (491.331207 1195.335205 -572.001099 ) (496 1190.666504 -574.802368 ) (496 1195.335205 -572.001099 ) 
5 945 951 (496 1200 -569.202271 ) (495.992279 1200 -569.202271 ) (491.329407 1195.337036 -572 ) (491.331207 1195.335205 -572.001099 ) (496 1195.335205 -572.001099 ) 
3 945 948 (491.330048 1195.333984 -572 ) (495.996094 1200 -569.200745 ) (491.330048 1200 -572 ) 
4 946 992 (496 1184 -579 ) (496 1184 -578.799988 ) (479.996063 1184 -578.799988 ) (479.662720 1184 -579 ) 
5 946 949 (479.664062 1200 -579 ) (479.664062 1184 -579 ) (479.996094 1184 -578.800781 ) (487.998688 1192.002563 -574 ) (480 1200 -578.798157 ) 
3 947 956 (352 1200 -569.199951 ) (352 1200 -574.799988 ) (352 1195.333252 -572 ) 
4 947 950 (489.329498 1200 -569.202271 ) (352 1200 -569.202271 ) (352 1195.335205 -572.001160 ) (484.664734 1195.335205 -572.001160 ) 
3 947 948 (489.328125 1200 -569.201538 ) (487.996735 1198.668579 -570 ) (487.996735 1200 -570 ) 
4 948 951 (495.992279 1200 -569.202271 ) (489.329498 1200 -569.202271 ) (487.998016 1198.668457 -570.001160 ) (491.329437 1195.337158 -572 ) 
4 949 992 (479.996063 1184 -578.799988 ) (352 1184 -578.800049 ) (352 1184 -579 ) (479.662720 1184 -579 ) 
5 949 958 (352 1200 -578.798157 ) (352 1200 -579 ) (352 1184 -579 ) (352 1184 -578.799988 ) (352 1192.001587 -574 ) 
4 950 997 (496 1184 -377.200073 ) (496 1184 1107.810059 ) (352 1184 1107.810059 ) (352 1184 -463.599976 ) 
4 950 995 (496 1184 -565.200012 ) (496 1184 -377.200073 ) (352 1184 -463.599976 ) (352 1184 -565.199951 ) 
5 950 956 (352 1200 1107.810059 ) (352 1200 -569.199951 ) (352 1195.333252 -572 ) (352 1184 -565.200012 ) (352 1184 1107.810059 ) 
4 950 952 (496 1184 -565.199585 ) (352 1184 -565.199585 ) (352 1192.001831 -570 ) (487.998535 1192.001831 -570 ) 
5 950 951 (496 1184 -565.198486 ) (487.996765 1192.003296 -570 ) (487.996735 1198.668579 -570 ) (489.328125 1200 -569.201538 ) (496 1200 -565.198425 ) 
4 951 953 (487.997925 1192.002441 -570.001099 ) (491.329437 1195.333984 -572 ) (496 1195.333984 -572 ) (496 1192.001831 -570 ) 
3 951 952 (496 1184 -565.199585 ) (487.997925 1192.002441 -570.001099 ) (496 1192.001831 -570 ) 
4 952 995 (496 1184 -574.801880 ) (496 1184 -565.200012 ) (352 1184 -565.199951 ) (352 1184 -574.801819 ) 
3 952 957 (352 1184 -574.801880 ) (352 1184 -565.200012 ) (352 1192.001587 -570 ) 
4 952 953 (496 1184 -574.799988 ) (495.996094 1184 -574.799988 ) (487.996094 1192 -570 ) (496 1192 -570 ) 
4 954 955 (488 1184 -736 ) (488 1184 -720 ) (488 1192 -720 ) (488 1192 -736 ) 
4 954 1012 (488 1200 -736 ) (496 1200 -736 ) (496 1184 -736 ) (488 1184 -736 ) 
4 955 1012 (488 1192 -736 ) (488 1184 -736 ) (352 1184 -736 ) (352 1192 -736 ) 
4 956 997 (352 1184 -463.600006 ) (352 1184 1107.810059 ) (336 1184 1107.810059 ) (336 1184 -473.199951 ) 
4 956 995 (352 1184 -565.200012 ) (352 1184 -463.600006 ) (336 1184 -473.199951 ) (336 1184 -565.200073 ) 
4 956 960 (336 1200 1107.810059 ) (336 1200 -574.800049 ) (336 1184 -565.200012 ) (336 1184 1107.810059 ) 
4 956 957 (336 1184 -565.200317 ) (336 1192.001343 -570.001099 ) (352 1192.001343 -570.001099 ) (352 1184 -565.200317 ) 
4 957 995 (352 1184 -574.801880 ) (352 1184 -565.200012 ) (336 1184 -565.200073 ) (336 1184 -574.801880 ) 
3 957 961 (336 1184 -574.801880 ) (336 1184 -565.200012 ) (336 1192.001587 -570 ) 
4 958 992 (352 1184 -579 ) (352 1184 -578.799988 ) (336 1184 -578.799988 ) (336 1184 -579 ) 
5 958 962 (336 1200 -578.798157 ) (336 1200 -579 ) (336 1184 -579 ) (336 1184 -578.799988 ) (336 1192.001587 -574 ) 
12 959 992 (346.497955 1184 -639.425903 ) (343.455078 1184 -633.381104 ) (339.586151 1184 -627.886902 ) (336 1184 -624.120178 ) (336 1184 -690 ) (340.948181 1184 -684.431763 ) (344.568054 1184 -678.713928 ) (347.310822 1184 -672.526489 ) (349.115997 1184 -666.003906 ) (349.945038 1184 -659.285706 ) (349.778046 1184 -652.521240 ) (348.621002 1184 -645.851929 ) 
4 959 963 (336 1200 -624.120178 ) (336 1200 -690 ) (336 1184 -690 ) (336 1184 -624.120178 ) 
4 960 997 (256 1184 1107.810059 ) (256 1184 -521.199951 ) (336 1184 -473.200012 ) (336 1184 1107.810059 ) 
4 960 995 (256 1184 -521.199951 ) (256 1184 -565.200073 ) (336 1184 -565.200012 ) (336 1184 -473.200012 ) 
5 960 974 (256 1200 1107.810059 ) (256 1200 -569.199951 ) (256 1195.333252 -572 ) (256 1184 -565.200012 ) (256 1184 1107.810059 ) 
3 960 970 (256 1200 -569.199951 ) (256 1200 -574.800049 ) (256 1195.333252 -572 ) 
4 960 961 (256 1184 -565.200317 ) (256 1192.001343 -570.001099 ) (336 1192.001343 -570.001099 ) (336 1184 -565.200317 ) 
4 961 995 (256 1184 -565.200073 ) (256 1184 -574.801880 ) (336 1184 -574.801880 ) (336 1184 -565.200012 ) 
3 961 975 (256 1184 -574.801880 ) (256 1184 -565.200012 ) (256 1192.001587 -570 ) 
4 962 992 (256 1184 -578.799988 ) (256 1184 -579 ) (336 1184 -579 ) (336 1184 -578.799988 ) 
5 962 971 (256 1200 -578.798157 ) (256 1200 -579 ) (256 1184 -579 ) (256 1184 -578.799988 ) (256 1192.001587 -574 ) 
15 963 992 (336 1184 -704 ) (336 1184 -624.120178 ) (334.853485 1184 -622.915894 ) (329.556305 1184 -618.782166 ) (323.667847 1184 -615.445923 ) (317.352936 1184 -613.010010 ) (310.711151 1184 -611.518250 ) (304.039642 1184 -611.026062 ) (297.250244 1184 -611.526978 ) (290.647095 1184 -613.010010 ) (284.332031 1184 -615.445984 ) (278.444489 1184 -618.781677 ) (273.107727 1184 -622.946289 ) (272 1184 -624.109558 ) (272 1184 -704 ) 
4 963 966 (272 1184 -690 ) (272 1184 -624.109558 ) (272 1200 -624.109558 ) (272 1200 -690 ) 
4 963 964 (272 1196 -704 ) (272 1200 -704 ) (336 1200 -704 ) (336 1196 -704 ) 
4 965 967 (336 1196 -712 ) (336 1192 -712 ) (272 1192 -712 ) (272 1196 -712 ) 
12 966 992 (260.688995 1184 -672.526062 ) (263.432037 1184 -678.714050 ) (267.052002 1184 -684.432007 ) (272 1184 -690 ) (272 1184 -624.109558 ) (268.441162 1184 -627.846863 ) (264.543793 1184 -633.381348 ) (261.500977 1184 -639.426025 ) (259.378998 1184 -645.851868 ) (258.221039 1184 -652.520813 ) (258.055023 1184 -659.286194 ) (258.884003 1184 -666.004028 ) 
4 967 968 (272 1192 -720 ) (272 1192 -736 ) (336 1192 -736 ) (336 1192 -720 ) 
4 967 1012 (272 1200 -736 ) (336 1200 -736 ) (336 1192 -736 ) (272 1192 -736 ) 
4 968 1012 (336 1192 -736 ) (336 1184 -736 ) (272 1184 -736 ) (272 1192 -736 ) 
4 969 993 (153.333191 1184 -578.800049 ) (128 1184 -578.800049 ) (128 1184 -579 ) (153 1184 -579 ) 
5 969 986 (128 1200 -576 ) (128 1200 -579 ) (128 1184 -579 ) (128 1184 -578.799988 ) (128 1188.666626 -576 ) 
3 969 983 (128 1200 -569.199951 ) (128 1200 -576 ) (128 1188.666626 -576 ) 
4 969 982 (128 1184 -579 ) (128 1200 -579 ) (153 1200 -579 ) (153 1184 -579 ) 
5 969 979 (128 1200 -569.200806 ) (128 1192.002197 -574 ) (161.334244 1192.002197 -574 ) (168 1198.667969 -570 ) (166.668015 1200 -569.200806 ) 
4 969 978 (128 1192.002197 -574 ) (128 1184 -578.800781 ) (153.332016 1184 -578.800781 ) (161.334244 1192.002197 -574 ) 
3 969 974 (168 1198.667969 -570 ) (169.331985 1200 -569.200806 ) (166.668015 1200 -569.200806 ) 
3 969 970 (169.332031 1200 -569.200745 ) (168 1198.667969 -570 ) (168 1200 -570 ) 
5 970 974 (256 1195.333984 -572 ) (256 1200 -569.200806 ) (169.331985 1200 -569.200806 ) (168 1198.667969 -570 ) (171.333954 1195.333984 -572 ) 
4 971 992 (256 1184 -579 ) (256 1184 -578.799988 ) (182.666687 1184 -578.800049 ) (183 1184 -579 ) 
5 971 973 (182.671875 1184 -578.803101 ) (174.667725 1192.004150 -574 ) (182.663559 1200 -578.798157 ) (183 1200 -579 ) (183 1184 -579 ) 
4 972 992 (175.996765 1184 -578.800049 ) (160 1184 -578.800049 ) (159.666641 1184 -579 ) (176.330032 1184 -579 ) 
4 972 981 (159.666641 1200 -579 ) (160 1200 -579 ) (160 1184 -579 ) (159.666641 1184 -579 ) 
6 972 973 (167.998734 1192.001343 -574 ) (176 1184 -578.801575 ) (176.330734 1184 -579 ) (176.330734 1200 -579 ) (175.994293 1200 -578.798157 ) (167.998734 1192.004517 -574 ) 
4 973 992 (182.666687 1184 -578.800049 ) (175.996765 1184 -578.800049 ) (176.330032 1184 -579 ) (183 1184 -579 ) 
6 974 997 (256 1184 -521.200012 ) (256 1184 1107.810059 ) (128 1184 1107.810059 ) (128 1184 -546 ) (160 1184 -565.200012 ) (182.666687 1184 -565.200012 ) 
3 974 995 (256 1184 -565.200012 ) (256 1184 -521.200012 ) (182.666687 1184 -565.200012 ) 
4 974 983 (128 1200 1107.810059 ) (128 1200 -546 ) (128 1184 -546 ) (128 1184 1107.810059 ) 
6 974 979 (128 1184 -546 ) (128 1200 -546 ) (166.671875 1200 -569.203125 ) (168 1198.671875 -570 ) (168 1192 -570 ) (160 1184 -565.200012 ) 
4 974 975 (160 1184 -565.200745 ) (168 1192 -570.001282 ) (256 1192 -570.001343 ) (256 1184 -565.200806 ) 
3 975 997 (182.666687 1184 -565.200012 ) (160 1184 -565.200012 ) (171.333267 1184 -572 ) 
5 975 995 (256 1184 -574.801880 ) (256 1184 -565.200012 ) (182.666687 1184 -565.200012 ) (171.333267 1184 -572 ) (176.002945 1184 -574.801819 ) 
4 975 980 (168 1192 -570 ) (168.001587 1192.001587 -570 ) (171.333344 1188.669800 -572 ) (168 1185.336426 -570 ) 
4 975 979 (166.663589 1184 -569.198120 ) (160 1184 -565.200012 ) (168 1192 -570 ) (168 1185.336426 -570 ) 
3 975 977 (171.333374 1184 -572 ) (166.663589 1184 -569.198120 ) (171.333344 1188.669800 -572 ) 
3 975 976 (176.003143 1184 -574.801880 ) (171.333374 1184 -572 ) (171.333344 1188.669800 -572 ) 
3 976 995 (176.003021 1184 -574.801819 ) (171.333282 1184 -572 ) (166.663544 1184 -574.801819 ) 
3 976 977 (171.335938 1188.667969 -572 ) (166.666153 1184 -574.801880 ) (171.335938 1184 -572 ) 
5 977 997 (128 1184 -569.198120 ) (128 1184 -574.801819 ) (166.663544 1184 -574.801819 ) (171.333282 1184 -572 ) (166.663437 1184 -569.198120 ) 
3 977 983 (128 1184 -574.801880 ) (128 1184 -569.198120 ) (128 1188.669800 -572 ) 
3 977 980 (168 1185.336548 -570 ) (171.334000 1188.669922 -572 ) (164.667252 1188.669922 -572 ) 
5 977 979 (166.664062 1184 -569.197693 ) (168 1185.336548 -570 ) (164.667252 1188.669922 -572 ) (128 1188.670166 -572 ) (128 1184 -569.197693 ) 
4 977 978 (128 1188.667969 -572 ) (164.666626 1188.667969 -572 ) (159.998657 1184 -574.800781 ) (128 1184 -574.800781 ) 
4 978 998 (128 1184 -574.801819 ) (128 1184 -578.800049 ) (153.333176 1184 -578.800049 ) (159.996948 1184 -574.801819 ) 
3 978 986 (128 1188.666626 -576 ) (128 1184 -578.799988 ) (128 1184 -576 ) 
5 978 983 (128 1192.001587 -574 ) (128 1188.666626 -576 ) (128 1184 -576 ) (128 1184 -574.801880 ) (128 1188.669800 -572 ) 
4 978 979 (161.333344 1192.003906 -574 ) (128 1192.003906 -574 ) (128 1188.670166 -572 ) (164.667252 1188.669922 -572 ) 
3 979 997 (128 1184 -546 ) (128 1184 -569.198120 ) (166.663437 1184 -569.198120 ) 
5 979 983 (128 1200 -546 ) (128 1200 -569.199951 ) (128 1192.001587 -574 ) (128 1184 -569.198120 ) (128 1184 -546 ) 
3 979 980 (168 1185.335938 -570 ) (164.666412 1188.669556 -572 ) (168 1192.003296 -570 ) 
5 981 992 (128 1184 -704 ) (160 1184 -704 ) (160 1184 -579 ) (159.666641 1184 -579 ) (128 1184 -598 ) 
4 981 986 (128 1200 -598 ) (128 1200 -704 ) (128 1184 -704 ) (128 1184 -598 ) 
3 982 993 (153 1184 -579 ) (128 1184 -579 ) (128 1184 -594 ) 
4 982 986 (128 1200 -579 ) (128 1200 -594 ) (128 1184 -594 ) (128 1184 -579 ) 
4 983 1062 (0 1200 -464 ) (0 1200 -553.200073 ) (0 1184 -553.200012 ) (0 1184 -464 ) 
4 983 1055 (0 1200 1107.810059 ) (0 1200 -464 ) (0 1184 -464 ) (0 1184 1107.810059 ) 
5 983 1001 (0 1184 1107.810059 ) (0 1184 -553.200073 ) (76 1184 -576 ) (96 1184 -576 ) (96 1184 1107.810059 ) 
4 983 999 (96 1184 -576 ) (128 1184 -576 ) (128 1184 1107.810059 ) (96 1184 1107.810059 ) 
4 983 987 (76 1200 -576 ) (96 1200 -576 ) (96 1184 -576 ) (76 1184 -576 ) 
4 983 986 (96 1200 -576 ) (128 1200 -576 ) (128 1184 -576 ) (96 1184 -576 ) 
4 983 984 (0 1200 -553.201294 ) (31.998650 1200 -562.800903 ) (47.998581 1184 -567.600891 ) (0 1184 -553.201294 ) 
4 984 1071 (0 1200 -562 ) (0 1200 -562.800903 ) (0 1184 -567.600891 ) (0 1184 -562 ) 
4 984 1062 (0 1200 -553.200073 ) (0 1200 -562 ) (0 1184 -562 ) (0 1184 -553.200012 ) 
3 984 1002 (0 1184 -553.200073 ) (0 1184 -567.600830 ) (48.002785 1184 -567.600830 ) 
3 985 1072 (0 1200 -566.800049 ) (0 1200 -568 ) (0 1196 -568 ) 
4 986 999 (128 1184 -578.800049 ) (128 1184 -576 ) (96 1184 -576 ) (96 1184 -578.800049 ) 
4 986 994 (96 1184 -704 ) (128 1184 -704 ) (128 1184 -578.800049 ) (96 1184 -578.800049 ) 
4 986 988 (96 1200 -704 ) (96 1184 -704 ) (96 1184 -586 ) (96 1200 -586 ) 
4 986 987 (96 1184 -582 ) (96 1184 -576 ) (96 1200 -576 ) (96 1200 -582 ) 
3 987 1001 (96 1184 -582 ) (96 1184 -576 ) (76 1184 -576 ) 
4 988 1003 (64 1184 -704 ) (96 1184 -704 ) (96 1184 -586 ) (64 1184 -576.399963 ) 
4 989 1084 (0 1200 -576 ) (0 1200 -704 ) (0 1192 -704 ) (0 1192 -576 ) 
4 990 991 (160 1184 -736 ) (160 1184 -720 ) (160 1192 -720 ) (160 1192 -736 ) 
4 990 1012 (256 1192 -736 ) (256 1184 -736 ) (160 1184 -736 ) (160 1192 -736 ) 
4 991 1107 (0 1200 -720 ) (0 1200 -736 ) (0 1184 -736 ) (0 1184 -720 ) 
4 991 1012 (0 1184 -736 ) (0 1200 -736 ) (160 1200 -736 ) (160 1184 -736 ) 
4 992 1009 (496 1136 -704 ) (496 1056 -704 ) (128 1056 -704 ) (128 1136 -704 ) 
4 992 1006 (128 1056 -704 ) (496 1056 -704 ) (496 1056 -655.599976 ) (128 1056 -655.599976 ) 
4 992 996 (128 1152 -598.001587 ) (128 1056 -655.601562 ) (496 1056 -655.601562 ) (496 1152 -598.001587 ) 
5 992 994 (128 1184 -704 ) (128 1056 -704 ) (128 1056 -655.597656 ) (128 1151.996094 -598 ) (128 1184 -598 ) 
3 993 998 (153.330582 1184 -578.801636 ) (128 1184 -578.801636 ) (128 1158.669434 -594 ) 
3 993 994 (128 1158.662842 -594 ) (128 1184 -578.797668 ) (128 1184 -594 ) 
4 994 1009 (128 1136 -704 ) (128 1056 -704 ) (96 1056 -704 ) (96 1136 -704 ) 
4 994 1006 (96 1056 -704 ) (128 1056 -704 ) (128 1056 -655.599976 ) (96 1056 -655.599976 ) 
5 994 1003 (96 1184 -704 ) (96 1136 -704 ) (96 1136 -607.600037 ) (96 1172 -586 ) (96 1184 -586 ) 
3 994 1001 (96 1178.666748 -582 ) (96 1184 -578.800049 ) (96 1184 -582 ) 
4 994 1004 (96 1136 -704 ) (96 1056 -704 ) (96 1056 -655.599976 ) (96 1136 -607.600037 ) 
5 994 999 (128 1184 -578.801636 ) (96 1184 -578.801636 ) (96 1152 -598.001648 ) (127.997314 1152 -598.001587 ) (128 1152.002686 -598 ) 
3 994 1000 (96 1152 -598.001648 ) (96 1120.002686 -617.200012 ) (127.997314 1152 -598.001587 ) 
4 994 996 (96 1120.002686 -617.200012 ) (96 1056 -655.601562 ) (128 1056 -655.601562 ) (128 1152.002686 -598 ) 
4 995 997 (134.662201 1152 -594.001831 ) (496 1152 -377.199219 ) (496 1184 -377.199219 ) (166.662201 1184 -574.801880 ) 
3 995 996 (496 1152 -377.199951 ) (134.663513 1152 -594.001892 ) (496 1152 -594.001892 ) 
5 996 1006 (496 1056 -655.599976 ) (496 1056 -590 ) (141.333237 1056 -590 ) (96 1056 -617.199951 ) (96 1056 -655.599976 ) 
3 996 1005 (496 1056 -586 ) (496 1056 -377.199982 ) (148.001587 1056 -586 ) 
3 996 1004 (96 1056 -655.599976 ) (96 1056 -617.199951 ) (96 1120 -617.199951 ) 
5 996 1000 (127.996094 1152 -598.001526 ) (96 1120.003906 -617.199219 ) (96 1056 -617.199219 ) (496 1056 -377.199219 ) (496 1152 -377.199219 ) 
3 997 998 (128 1152 -594 ) (128 1184 -574.799988 ) (160 1184 -574.800049 ) 
4 997 999 (128 1152 -594.001892 ) (128 1152 1107.810059 ) (128 1184 1107.810059 ) (128 1184 -574.802002 ) 
5 997 1000 (134.659714 1152 -594.001831 ) (496 1152 -377.197693 ) (496 1152 1107.810059 ) (128 1152 1107.810059 ) (128 1152 -594.001831 ) 
4 998 999 (128 1184 -578.799927 ) (128 1158.666626 -594 ) (128 1152.003174 -594 ) (128 1184 -574.802002 ) 
3 999 1003 (96 1172 -586 ) (96 1152 -598 ) (96 1152 -586 ) 
5 999 1001 (96 1152 1107.810059 ) (96 1184 1107.810059 ) (96 1184 -578.800049 ) (96 1178.666748 -582 ) (96 1152 -582 ) 
5 999 1000 (96 1152 1107.810059 ) (96 1152 -598 ) (127.996094 1152 -598 ) (128 1152 -597.997681 ) (128 1152 1107.810059 ) 
3 1000 1006 (96 1056 -590 ) (96 1056 -617.199951 ) (141.333237 1056 -590 ) 
5 1000 1005 (496 1056 -377.199982 ) (496 1056 1107.810059 ) (96 1056 1107.810059 ) (96 1056 -585.998901 ) (148.001587 1056 -586 ) 
4 1000 1003 (96 1152 -586 ) (96 1152 -598 ) (96 1136 -607.599976 ) (96 1136 -586 ) 
4 1000 1001 (96 1136 1107.810059 ) (96 1152 1107.810059 ) (96 1152 -582 ) (96 1136 -582 ) 
5 1000 1004 (96 1056 -617.199951 ) (96 1056 1107.810059 ) (96 1136 1107.810059 ) (96 1136 -607.599976 ) (96 1120 -617.199951 ) 
4 1001 1092 (0 1184 -552 ) (0 1184 -553.199951 ) (0 1136 -553.200012 ) (0 1136 -552 ) 
4 1001 1090 (0 1184 -464 ) (0 1184 -552 ) (0 1136 -552 ) (0 1136 -464 ) 
4 1001 1055 (0 1136 1107.810059 ) (0 1184 1107.810059 ) (0 1184 -464 ) (0 1136 -464 ) 
4 1001 1002 (96 1136 -582 ) (0 1136 -553.200012 ) (0 1184 -553.199951 ) (48.002975 1184 -567.600891 ) 
4 1001 1004 (96 1136 -582 ) (96 1136 1107.810059 ) (0 1136 1107.810059 ) (0 1136 -553.199951 ) 
4 1002 1092 (0 1184 -553.199951 ) (0 1184 -567.600891 ) (0 1136 -582 ) (0 1136 -553.200012 ) 
3 1002 1004 (96 1136 -582 ) (0 1136 -553.199951 ) (0 1136 -582 ) 
4 1003 1093 (0 1184 -571.600037 ) (0 1184 -704 ) (0 1136 -704 ) (0 1136 -586 ) 
4 1003 1004 (0 1136 -704 ) (96 1136 -704 ) (96 1136 -586 ) (0 1136 -586 ) 
4 1004 1095 (0 1136 -552 ) (0 1136 -704 ) (0 1056 -704 ) (0 1056 -552 ) 
4 1004 1090 (0 1136 -464 ) (0 1136 -552 ) (0 1056 -552 ) (0 1056 -464 ) 
4 1004 1055 (0 1056 1107.810059 ) (0 1136 1107.810059 ) (0 1136 -464 ) (0 1056 -464 ) 
4 1004 1009 (96 1136 -704 ) (96 1056 -704 ) (64 1056 -704 ) (64 1136 -704 ) 
4 1004 1006 (0 1056 -704 ) (96 1056 -704 ) (96 1056 -590 ) (0 1056 -590 ) 
4 1004 1005 (96 1056 -586 ) (96 1056 1107.810059 ) (0 1056 1107.810059 ) (0 1056 -586 ) 
4 1005 1579 (0 1024 1107.810059 ) (0 1024 -571.201904 ) (448 1024 -571.201965 ) (448 1024 1107.810059 ) 
4 1005 1565 (448 1024 -571.201965 ) (496 1024 -571.201965 ) (496 1024 -551.602051 ) (448 1024 -551.602051 ) 
5 1005 1564 (496 1024 -551.602051 ) (496 1024 -532.400024 ) (472 1024 -518 ) (448 1024 -532.399902 ) (448 1024 -551.602051 ) 
3 1005 1552 (496 1024 -532.400024 ) (496 1024 -503.600006 ) (472 1024 -518 ) 
4 1005 1551 (496 1024 -503.600006 ) (496 1024 -484.388062 ) (448 1024 -484.388062 ) (448 1024 -532.399902 ) 
4 1005 1549 (496 1024 -484.388062 ) (496 1024 1107.810059 ) (448 1024 1107.810059 ) (448 1024 -484.388062 ) 
5 1005 1097 (0 1024 -571.201965 ) (0 1024 -552 ) (0 1056 -552 ) (0 1056 -586 ) (0 1031.984253 -575.992493 ) 
4 1005 1090 (0 1024 -552 ) (0 1024 -464 ) (0 1056 -464 ) (0 1056 -552 ) 
4 1005 1055 (0 1024 -464 ) (0 1024 1107.810059 ) (0 1056 1107.810059 ) (0 1056 -464 ) 
4 1006 1596 (64 1024 -704 ) (448 1024 -704 ) (448 1024 -576.666748 ) (64 1024 -576.666687 ) 
4 1006 1597 (0 1024 -576.666687 ) (0 1024 -704 ) (64 1024 -704 ) (64 1024 -576.666687 ) 
4 1006 1572 (448 1024 -704 ) (496 1024 -704 ) (496 1024 -576.666748 ) (448 1024 -576.666748 ) 
4 1006 1098 (0 1024 -704 ) (0 1024 -576.666748 ) (0 1056 -590 ) (0 1056 -704 ) 
4 1006 1009 (496 1056 -704 ) (496 1040 -704 ) (64 1040 -704 ) (64 1056 -704 ) 
4 1006 1007 (0 1032.005371 -580.003235 ) (0 1024 -576.667603 ) (496 1024 -576.667603 ) (496 1032.005371 -580.003235 ) 
4 1007 1596 (64 1024 -576.666687 ) (448 1024 -576.666748 ) (448 1024 -576 ) (64 1024 -576 ) 
4 1007 1597 (0 1024 -576 ) (0 1024 -576.666687 ) (64 1024 -576.666687 ) (64 1024 -576 ) 
4 1007 1582 (0 1024 -575.199951 ) (0 1024 -576 ) (448 1024 -576 ) (448 1024 -575.199951 ) 
4 1007 1572 (448 1024 -576.666748 ) (496 1024 -576.666748 ) (496 1024 -576 ) (448 1024 -576 ) 
4 1007 1566 (496 1024 -576 ) (496 1024 -575.199951 ) (448 1024 -575.199951 ) (448 1024 -576 ) 
3 1007 1099 (0 1024 -576.666748 ) (0 1024 -575.199951 ) (0 1032 -580 ) 
4 1008 1104 (0 1184 -712 ) (0 1184 -720 ) (0 1136 -720 ) (0 1136 -712 ) 
4 1008 1010 (496 1136 -720 ) (496 1136 -712 ) (0 1136 -712 ) (0 1136 -720 ) 
4 1009 1010 (496 1040 -712 ) (64 1040 -712 ) (64 1136 -712 ) (496 1136 -712 ) 
4 1010 1104 (0 1136 -712 ) (0 1136 -720 ) (0 1040 -720 ) (0 1040 -712 ) 
4 1010 1011 (496 1040 -720 ) (496 1040 -712 ) (0 1040 -712 ) (0 1040 -720 ) 
4 1011 1651 (0 1024 -712 ) (0 1024 -720 ) (416 1024 -720 ) (416 1024 -712 ) 
4 1011 1646 (416 1024 -720 ) (496 1024 -720 ) (496 1024 -712 ) (416 1024 -712 ) 
4 1011 1104 (0 1024 -720 ) (0 1024 -712 ) (0 1040 -712 ) (0 1040 -720 ) 
4 1012 1724 (496 1024 -736 ) (0 1024 -736 ) (0 1024 -744 ) (496 1024 -744 ) 
4 1012 1723 (592 1024 -736 ) (496 1024 -736 ) (496 1024 -744 ) (592 1024 -744 ) 
4 1012 1677 (784 1024 -736 ) (592 1024 -736 ) (592 1024 -744 ) (784 1024 -744 ) 
4 1012 1399 (1024 1024 -744 ) (1024 1024 -736 ) (784 1024 -736 ) (784 1024 -744 ) 
4 1012 1111 (0 1520 -744 ) (0 1024 -744 ) (0 1024 -736 ) (0 1520 -736 ) 
4 1012 1016 (304 1024 -744 ) (0 1024 -744 ) (0 1520 -744 ) (304 1520 -744 ) 
4 1012 1013 (1024 1520 -744 ) (1024 1024 -744 ) (304 1024 -744 ) (304 1520 -744 ) 
4 1013 1724 (496 1024 -744 ) (304 1024 -744 ) (304 1024 -2387.810059 ) (496 1024 -2387.810059 ) 
4 1013 1723 (592 1024 -744 ) (496 1024 -744 ) (496 1024 -2387.810059 ) (592 1024 -2387.810059 ) 
4 1013 1677 (784 1024 -744 ) (592 1024 -744 ) (592 1024 -2387.810059 ) (784 1024 -2387.810059 ) 
4 1013 1399 (1024 1024 -2387.810059 ) (1024 1024 -744 ) (784 1024 -744 ) (784 1024 -2387.810059 ) 
4 1013 1014 (304 1712 -800 ) (304 1712 -744 ) (304 2048 -744 ) (304 2048 -800 ) 
4 1013 1015 (304 2048 -2387.810059 ) (304 1712 -2387.810059 ) (304 1712 -816 ) (304 2048 -816 ) 
4 1013 1016 (304 1712 -2387.810059 ) (304 1024 -2387.810059 ) (304 1024 -744 ) (304 1712 -744 ) 
4 1014 1173 (0 2048 -744 ) (0 2048 -800 ) (0 1712 -800 ) (0 1712 -744 ) 
4 1014 1016 (304 1712 -800 ) (304 1712 -744 ) (0 1712 -744 ) (0 1712 -800 ) 
4 1015 1174 (0 2048 -816 ) (0 2048 -2387.810059 ) (0 1712 -2387.810059 ) (0 1712 -816 ) 
4 1015 1016 (0 1712 -2387.810059 ) (304 1712 -2387.810059 ) (304 1712 -816 ) (0 1712 -816 ) 
4 1016 1724 (304 1024 -744 ) (0 1024 -744 ) (0 1024 -2387.810059 ) (304 1024 -2387.810059 ) 
4 1016 1175 (0 1712 -2387.810059 ) (0 1024 -2387.810059 ) (0 1024 -744 ) (0 1712 -744 ) 
4 1017 1173 (0 2048 -744 ) (0 1712 -744 ) (-416 1712 -744 ) (-416 2048 -744 ) 
4 1017 1043 (0 1712 -736 ) (0 1712 1107.810059 ) (-416 1712 1107.810059 ) (-416 1712 -736 ) 
4 1017 1050 (-416 1712 -744 ) (0 1712 -744 ) (0 1712 -736 ) (-416 1712 -736 ) 
4 1017 1031 (-416 1940 -712 ) (-416 1892 -744 ) (-416 1712 -744 ) (-416 1712 -712 ) 
4 1017 1030 (-416 1952 -704 ) (-416 1712 -704 ) (-416 1712 -696 ) (-416 1952 -696 ) 
4 1017 1029 (-416 1964 -696 ) (-416 1712 -696 ) (-416 1712 -688 ) (-416 1964 -688 ) 
4 1017 1028 (-416 1976 -688 ) (-416 1712 -688 ) (-416 1712 -680 ) (-416 1976 -680 ) 
4 1017 1026 (-416 2000 -672 ) (-416 1988 -672 ) (-416 1988 -664 ) (-416 2000 -664 ) 
4 1017 1027 (-416 1988 -680 ) (-416 1712 -680 ) (-416 1712 -664 ) (-416 1988 -664 ) 
4 1017 1025 (-416 2012 -664 ) (-416 1712 -664 ) (-416 1712 -656 ) (-416 2012 -656 ) 
4 1017 1024 (-416 2024 -656 ) (-416 1712 -656 ) (-416 1712 -648 ) (-416 2024 -648 ) 
4 1017 1023 (-416 2036 -648 ) (-416 1712 -648 ) (-416 1712 -640 ) (-416 2036 -640 ) 
4 1017 1022 (-416 2048 1107.810059 ) (-416 2048 -516 ) (-416 1712 -516 ) (-416 1712 1107.810059 ) 
4 1017 1020 (-416 2048 -520 ) (-416 2048 -640 ) (-416 1712 -640 ) (-416 1712 -520 ) 
4 1017 1019 (-416 1952 -744 ) (-416 1892 -744 ) (-416 1940 -712 ) (-416 1952 -712 ) 
4 1017 1018 (-416 2048 -640 ) (-416 2048 -744 ) (-416 1952 -744 ) (-416 1952 -704 ) 
4 1018 1176 (-512 1952 -744 ) (-512 2048 -744 ) (-416 2048 -744 ) (-416 1952 -744 ) 
4 1018 1041 (-512 2048 -744 ) (-512 1952 -744 ) (-512 1952 -736 ) (-512 2048 -736 ) 
4 1018 1019 (-416 1952 -744 ) (-416 1952 -712 ) (-512 1952 -712 ) (-512 1952 -744 ) 
4 1019 1176 (-512 1892 -744 ) (-512 1952 -744 ) (-416 1952 -744 ) (-416 1892 -744 ) 
4 1019 1041 (-512 1952 -744 ) (-512 1892 -744 ) (-512 1904 -736 ) (-512 1952 -736 ) 
4 1019 1031 (-512 1940.007812 -712 ) (-512 1892.007812 -744 ) (-416 1892 -744 ) (-416 1940 -712 ) 
4 1020 1046 (-416 1712 -640 ) (-416 1712 -520 ) (-512 1712 -514 ) (-512 1712 -640 ) 
4 1020 1023 (-512 1712 -640 ) (-512 2036 -640 ) (-416 2036 -640 ) (-416 1712 -640 ) 
4 1020 1021 (-448 2048 -518 ) (-512 2048 -514 ) (-512 1712 -514 ) (-448 1712 -518 ) 
3 1021 1047 (-512 1712 -502 ) (-512 1712 -514 ) (-448 1712 -518 ) 
5 1022 1048 (-416 1712 -516 ) (-416 1712 1107.810059 ) (-512 1712 1107.810059 ) (-512 1712 -498 ) (-448 1712 -514 ) 
4 1022 1035 (-512 1920 -400 ) (-512 2048 -400 ) (-512 2048 -472 ) (-512 1920 -472 ) 
4 1022 1032 (-512 1712 -392 ) (-512 1712 1107.810059 ) (-512 2048 1107.810059 ) (-512 2048 -392 ) 
4 1023 1046 (-416 1712 -648 ) (-416 1712 -640 ) (-512 1712 -640 ) (-512 1712 -648 ) 
4 1023 1024 (-512 1712 -648 ) (-512 2024 -648 ) (-416 2024 -648 ) (-416 1712 -648 ) 
4 1024 1046 (-416 1712 -656 ) (-416 1712 -648 ) (-512 1712 -648 ) (-512 1712 -656 ) 
4 1024 1025 (-512 1712 -656 ) (-512 2012 -656 ) (-416 2012 -656 ) (-416 1712 -656 ) 
4 1025 1046 (-416 1712 -664 ) (-416 1712 -656 ) (-512 1712 -656 ) (-512 1712 -664 ) 
4 1025 1026 (-512 1988 -664 ) (-512 2000 -664 ) (-416 2000 -664 ) (-416 1988 -664 ) 
4 1025 1027 (-512 1712 -664 ) (-512 1988 -664 ) (-416 1988 -664 ) (-416 1712 -664 ) 
4 1026 1027 (-416 1988 -672 ) (-416 1988 -664 ) (-512 1988 -664 ) (-512 1988 -672 ) 
4 1027 1046 (-416 1712 -680 ) (-416 1712 -664 ) (-512 1712 -664 ) (-512 1712 -680 ) 
4 1027 1028 (-512 1712 -680 ) (-512 1976 -680 ) (-416 1976 -680 ) (-416 1712 -680 ) 
4 1028 1046 (-416 1712 -688 ) (-416 1712 -680 ) (-512 1712 -680 ) (-512 1712 -688 ) 
4 1028 1029 (-512 1712 -688 ) (-512 1964 -688 ) (-416 1964 -688 ) (-416 1712 -688 ) 
4 1029 1046 (-416 1712 -696 ) (-416 1712 -688 ) (-512 1712 -688 ) (-512 1712 -696 ) 
4 1029 1030 (-512 1712 -696 ) (-512 1952 -696 ) (-416 1952 -696 ) (-416 1712 -696 ) 
4 1030 1046 (-416 1712 -704 ) (-416 1712 -696 ) (-512 1712 -696 ) (-512 1712 -704 ) 
4 1031 1176 (-416 1712 -744 ) (-512 1712 -744 ) (-512 1892 -744 ) (-416 1892 -744 ) 
4 1031 1049 (-416 1712 -736 ) (-416 1712 -712 ) (-512 1712 -712 ) (-512 1712 -736 ) 
4 1031 1050 (-512 1712 -744 ) (-416 1712 -744 ) (-416 1712 -736 ) (-512 1712 -736 ) 
4 1031 1041 (-512 1892 -744 ) (-512 1712 -744 ) (-512 1712 -736 ) (-512 1904 -736 ) 
4 1032 2386 (-1024 2048 1107.810059 ) (-1024 2048 -392 ) (-1024 1712 -392 ) (-1024 1712 1107.810059 ) 
4 1032 1124 (-1024 1712 1107.810059 ) (-1024 1712 -392 ) (-608 1712 -392 ) (-608 1712 1107.810059 ) 
4 1032 1051 (-608 1712 -392 ) (-512 1712 -392 ) (-512 1712 1107.810059 ) (-608 1712 1107.810059 ) 
4 1032 1033 (-640 2048 -392 ) (-608 2048 -392 ) (-608 1872 -392 ) (-640 1872 -392 ) 
4 1032 1034 (-608 1776 -392 ) (-608 1712 -392 ) (-640 1712 -392 ) (-640 1776 -392 ) 
4 1034 1125 (-640 1712 -400 ) (-608 1712 -400 ) (-608 1712 -392 ) (-640 1712 -392 ) 
4 1035 1036 (-520 1920 -472 ) (-520 1920 -400 ) (-520 2048 -400 ) (-520 2048 -472 ) 
4 1036 1052 (-608 1712 -512 ) (-520 1712 -512 ) (-520 1712 -400 ) (-608 1712 -400 ) 
4 1036 1037 (-608 1872 -512 ) (-608 1776 -512 ) (-608 1776 -400 ) (-608 1872 -400 ) 
4 1037 1038 (-640 1872 -512 ) (-640 1776 -512 ) (-640 1776 -400 ) (-640 1872 -400 ) 
4 1038 2389 (-1024 2048 -400 ) (-1024 2048 -512 ) (-1024 1712 -512 ) (-1024 1712 -400 ) 
4 1038 1129 (-1024 1712 -400 ) (-1024 1712 -512 ) (-640 1712 -512 ) (-640 1712 -400 ) 
4 1039 1042 (-640 1872 -528 ) (-640 2048 -528 ) (-608 2048 -528 ) (-608 1872 -528 ) 
4 1040 1131 (-640 1712 -528 ) (-608 1712 -528 ) (-608 1712 -512 ) (-640 1712 -512 ) 
4 1040 1042 (-608 1712 -528 ) (-640 1712 -528 ) (-640 1776 -528 ) (-608 1776 -528 ) 
4 1041 1176 (-512 1712 -744 ) (-560 1712 -744 ) (-560 2048 -744 ) (-512 2048 -744 ) 
4 1041 1054 (-560 1712 -744 ) (-512 1712 -744 ) (-512 1712 -736 ) (-560 1712 -736 ) 
4 1041 1042 (-560 2048 -744 ) (-560 1712 -744 ) (-560 1712 -736 ) (-560 2048 -736 ) 
4 1042 2399 (-1024 2048 -640 ) (-1024 2048 -744 ) (-1024 1712 -744 ) (-1024 1712 -640 ) 
4 1042 2396 (-1024 2048 -528 ) (-1024 2048 -640 ) (-1024 1712 -640 ) (-1024 1712 -528 ) 
4 1042 1177 (-704 1712 -744 ) (-752 1712 -744 ) (-752 2048 -744 ) (-704 2048 -744 ) 
4 1042 1176 (-560 1712 -744 ) (-704 1712 -744 ) (-704 2048 -744 ) (-560 2048 -744 ) 
4 1042 1179 (-752 1712 -744 ) (-1024 1712 -744 ) (-1024 2048 -744 ) (-752 2048 -744 ) 
4 1042 1169 (-752 1712 -744 ) (-704 1712 -744 ) (-704 1712 -528 ) (-752 1712 -528 ) 
4 1042 1171 (-1024 1712 -528 ) (-1024 1712 -744 ) (-752 1712 -744 ) (-752 1712 -528 ) 
4 1042 1146 (-704 1712 -744 ) (-608 1712 -744 ) (-608 1712 -528 ) (-704 1712 -528 ) 
4 1042 1053 (-560 1712 -736 ) (-560 1712 -528 ) (-608 1712 -528 ) (-608 1712 -736 ) 
4 1042 1054 (-608 1712 -744 ) (-560 1712 -744 ) (-560 1712 -736 ) (-608 1712 -736 ) 
4 1043 1049 (-416 1712 -712 ) (-416 1712 -736 ) (-416 1632 -736 ) (-416 1632 -712 ) 
4 1043 1048 (-416 1712 1107.810059 ) (-416 1712 -516 ) (-416 1632 -516 ) (-416 1632 1107.810059 ) 
4 1043 1046 (-416 1712 -520 ) (-416 1712 -704 ) (-416 1632 -704 ) (-416 1632 -520 ) 
4 1043 1044 (0 1632 1107.810059 ) (-416 1632 1107.810059 ) (-416 1632 -720 ) (0 1632 -720 ) 
4 1043 1045 (-416 1632 -728 ) (-416 1632 -736 ) (0 1632 -736 ) (0 1632 -728 ) 
4 1043 1050 (-416 1632 -736 ) (-416 1712 -736 ) (0 1712 -736 ) (0 1632 -736 ) 
4 1044 1103 (0 1616 -720 ) (0 1616 -712 ) (-416 1616 -712 ) (-416 1616 -720 ) 
4 1044 1101 (0 1616 -712 ) (0 1616 -704 ) (-416 1616 -704 ) (-416 1616 -712 ) 
4 1044 1056 (0 1616 -704 ) (0 1616 -464 ) (-416 1616 -464 ) (-416 1616 -704 ) 
4 1044 1055 (0 1616 -464 ) (0 1616 1107.810059 ) (-416 1616 1107.810059 ) (-416 1616 -464 ) 
4 1044 1049 (-416 1616 -720 ) (-416 1616 -712 ) (-416 1632 -712 ) (-416 1632 -720 ) 
4 1044 1048 (-416 1616 -516 ) (-416 1616 1107.810059 ) (-416 1632 1107.810059 ) (-416 1632 -516 ) 
4 1044 1046 (-416 1616 -704 ) (-416 1616 -520 ) (-416 1632 -520 ) (-416 1632 -704 ) 
4 1045 1049 (-416 1632 -736 ) (-416 1616 -736 ) (-416 1616 -728 ) (-416 1632 -728 ) 
4 1045 1050 (0 1616 -736 ) (-416 1616 -736 ) (-416 1632 -736 ) (0 1632 -736 ) 
4 1046 1056 (-512 1616 -514 ) (-512 1616 -704 ) (-416 1616 -704 ) (-416 1616 -520 ) 
4 1046 1047 (-512 1712 -514 ) (-512 1616 -514 ) (-447.998322 1616 -518 ) (-447.998322 1712 -518 ) 
3 1047 1056 (-512 1616 -502 ) (-512 1616 -514 ) (-448 1616 -518 ) 
5 1048 1056 (-512 1616 -464 ) (-512 1616 -498 ) (-448 1616 -514 ) (-416 1616 -516 ) (-416 1616 -464 ) 
4 1048 1055 (-512 1616 1107.810059 ) (-512 1616 -464 ) (-416 1616 -464 ) (-416 1616 1107.810059 ) 
4 1048 1051 (-512 1712 1107.810059 ) (-512 1712 -392 ) (-512 1616 -392 ) (-512 1616 1107.810059 ) 
4 1049 1106 (-512 1616 -720 ) (-512 1616 -736 ) (-416 1616 -736 ) (-416 1616 -720 ) 
4 1049 1103 (-512 1616 -712 ) (-512 1616 -720 ) (-416 1616 -720 ) (-416 1616 -712 ) 
4 1049 1050 (-416 1616 -736 ) (-512 1616 -736 ) (-512 1712 -736 ) (-416 1712 -736 ) 
4 1050 1176 (-416 1616 -744 ) (-512 1616 -744 ) (-512 1712 -744 ) (-416 1712 -744 ) 
4 1050 1175 (0 1712 -744 ) (0 1616 -744 ) (-416 1616 -744 ) (-416 1712 -744 ) 
4 1050 1111 (-512 1616 -744 ) (0 1616 -744 ) (0 1616 -736 ) (-512 1616 -736 ) 
4 1050 1054 (-512 1712 -736 ) (-512 1712 -744 ) (-512 1616 -744 ) (-512 1616 -736 ) 
4 1051 1124 (-608 1712 1107.810059 ) (-608 1712 -392 ) (-608 1616 -392 ) (-608 1616 1107.810059 ) 
4 1051 1112 (-608 1616 1107.810059 ) (-608 1616 -392 ) (-512 1616 -392 ) (-512 1616 1107.810059 ) 
4 1052 1115 (-608 1616 -400 ) (-608 1616 -512 ) (-520 1616 -512 ) (-520 1616 -400 ) 
4 1053 1146 (-608 1712 -528 ) (-608 1712 -736 ) (-608 1664 -736 ) (-608 1664 -528 ) 
4 1053 1054 (-560 1664 -736 ) (-608 1664 -736 ) (-608 1712 -736 ) (-560 1712 -736 ) 
4 1054 1176 (-512 1616 -744 ) (-608 1616 -744 ) (-608 1712 -744 ) (-512 1712 -744 ) 
4 1054 1147 (-608 1664 -744 ) (-608 1616 -744 ) (-608 1616 -736 ) (-608 1664 -736 ) 
4 1054 1146 (-608 1712 -736 ) (-608 1712 -744 ) (-608 1664 -744 ) (-608 1664 -736 ) 
4 1054 1123 (-608 1616 -736 ) (-608 1616 -744 ) (-512 1616 -744 ) (-512 1616 -736 ) 
4 1055 1820 (-512 1024 -384 ) (-512 1024 -464 ) (-472 1024 -464 ) (-472 1024 -384 ) 
4 1055 1817 (-472 1024 -464 ) (-464 1024 -464 ) (-464 1024 -384 ) (-472 1024 -384 ) 
4 1055 1813 (-464 1024 1107.810059 ) (-512 1024 1107.810059 ) (-512 1024 -384 ) (-464 1024 -384 ) 
4 1055 1732 (0 1024 -464 ) (0 1024 1107.810059 ) (-464 1024 1107.810059 ) (-464 1024 -464 ) 
4 1055 1114 (-512 1232 -464 ) (-512 1024 -464 ) (-512 1024 -400 ) (-512 1232 -400 ) 
4 1055 1113 (-512 1536 -400 ) (-512 1520 -400 ) (-512 1520 -392 ) (-512 1536 -392 ) 
4 1055 1112 (-512 1616 1107.810059 ) (-512 1616 -392 ) (-512 1024 -392 ) (-512 1024 1107.810059 ) 
4 1055 1090 (0 1184 -464 ) (0 1024 -464 ) (-464 1024 -464 ) (-464 1184 -464 ) 
4 1055 1091 (-472 1024 -464 ) (-480 1024 -464 ) (-480 1184 -464 ) (-472 1184 -464 ) 
4 1055 1074 (-480 1568 -464 ) (-400 1568 -464 ) (-400 1529.336548 -464 ) (-480 1529.336548 -464 ) 
4 1055 1073 (-400 1529.336548 -464 ) (-400 1184 -464 ) (-480 1184 -464 ) (-480 1529.336548 -464 ) 
4 1055 1068 (0 1341.149292 -464 ) (0 1335.816040 -464 ) (-400 1335.816040 -464 ) (-400 1341.149292 -464 ) 
4 1055 1067 (-400 1568 -464 ) (0 1568 -464 ) (0 1341.149292 -464 ) (-400 1341.149292 -464 ) 
4 1055 1064 (-396 1184 -464 ) (-400 1184 -464 ) (-400 1335.816040 -464 ) (-396 1335.816040 -464 ) 
4 1055 1062 (0 1335.816040 -464 ) (0 1184 -464 ) (-396 1184 -464 ) (-396 1335.816040 -464 ) 
4 1055 1100 (-512 1024 -464 ) (-512 1568 -464 ) (-480 1568 -464 ) (-480 1024 -464 ) 
4 1055 1056 (-512 1568 -464 ) (-512 1616 -464 ) (0 1616 -464 ) (0 1568 -464 ) 
4 1056 1122 (-512 1616 -576 ) (-512 1616 -704 ) (-512 1568 -704 ) (-512 1568 -576 ) 
4 1056 1101 (-416 1616 -704 ) (0 1616 -704 ) (0 1568 -704 ) (-416 1568 -704 ) 
4 1056 1079 (-480 1568 -704 ) (0 1568 -704 ) (0 1568 -586 ) (-480 1568 -586 ) 
4 1056 1078 (0 1568 -582 ) (0 1568 -576 ) (-480 1568 -576 ) (-480 1568 -582 ) 
4 1056 1074 (-400 1568 -464 ) (-480 1568 -464 ) (-480 1568 -576 ) (-400 1568 -576 ) 
4 1056 1069 (0 1568 -576 ) (0 1568 -562 ) (-400 1568 -562 ) (-400 1568 -576 ) 
4 1056 1067 (0 1568 -562 ) (0 1568 -464 ) (-400 1568 -464 ) (-400 1568 -562 ) 
4 1056 1100 (-512 1568 -704 ) (-480 1568 -704 ) (-480 1568 -464 ) (-512 1568 -464 ) 
4 1057 1072 (0 1454.956543 -562 ) (0 1249.043457 -562 ) (-396 1249.043457 -562 ) (-396 1454.956543 -562 ) 
4 1057 1060 (-396 1288.010864 -533.994507 ) (-396 1249.046265 -562 ) (0 1249.046265 -562 ) (0 1288.010864 -533.994507 ) 
4 1057 1058 (0 1454.954712 -562 ) (-396 1454.954712 -562 ) (-396 1415.994385 -533.997131 ) (0 1415.994385 -533.997131 ) 
3 1057 1059 (-396 1249.042969 -562 ) (-396 1351.998047 -487.998566 ) (-396 1454.956543 -562 ) 
4 1058 1072 (-396 1466.482666 -562 ) (0 1466.482666 -562 ) (0 1454.956543 -562 ) (-396 1454.956543 -562 ) 
4 1058 1065 (0 1466.476562 -562 ) (-396 1466.476562 -562 ) (-396 1455.429688 -553.714844 ) (0 1455.429688 -553.714844 ) 
4 1058 1059 (-396 1455.402588 -553.701355 ) (-396 1466.467529 -562 ) (-396 1454.956543 -562 ) (-396 1416 -534 ) 
5 1059 1075 (-400 1254.605835 -558.002014 ) (-400 1282.266357 -538.121033 ) (-400 1352.001465 -517.200439 ) (-400 1443.248901 -544.574707 ) (-400 1461.151978 -558.002014 ) 
3 1059 1074 (-400 1352.001465 -517.200439 ) (-400 1391.107544 -505.468628 ) (-400 1443.248901 -544.574707 ) 
3 1059 1073 (-400 1282.266357 -538.121033 ) (-400 1360.076172 -482.195129 ) (-400 1391.107544 -505.468628 ) 
4 1059 1072 (-400 1249.043457 -562 ) (-400 1466.482666 -562 ) (-396 1466.482666 -562 ) (-396 1249.043457 -562 ) 
4 1059 1066 (-396 1466.476562 -562 ) (-400 1466.476562 -562 ) (-400 1415.979858 -524.127502 ) (-396 1415.979858 -524.127502 ) 
4 1059 1063 (-396 1360.080078 -482.195312 ) (-400 1360.080078 -482.195312 ) (-400 1339.142090 -497.244324 ) (-396 1339.142090 -497.244324 ) 
4 1059 1061 (-400 1339.142090 -497.244324 ) (-400 1249.046265 -562 ) (-396 1249.046265 -562 ) (-396 1339.142090 -497.244324 ) 
4 1060 1072 (-396 1249.043457 -562 ) (0 1249.043457 -562 ) (0 1232 -562 ) (-396 1232 -562 ) 
3 1060 1061 (-396 1287.987305 -534.006348 ) (-396 1249.039551 -562 ) (-396 1232 -562 ) 
4 1061 1075 (-400 1223.602661 -558.002014 ) (-400 1233.705933 -552.689087 ) (-400 1282.266357 -538.121033 ) (-400 1254.605835 -558.002014 ) 
3 1061 1073 (-400 1233.705933 -552.689087 ) (-400 1339.127686 -497.251923 ) (-400 1282.266357 -538.121033 ) 
4 1061 1072 (-400 1216 -562 ) (-400 1249.043457 -562 ) (-396 1249.043457 -562 ) (-396 1216 -562 ) 
4 1061 1063 (-396 1339.146484 -497.241211 ) (-400 1339.146484 -497.241211 ) (-400 1288.005127 -524.134155 ) (-396 1288.005127 -524.134155 ) 
4 1062 1092 (0 1184 -562 ) (0 1184 -552 ) (-396 1184 -552 ) (-396 1184 -562 ) 
4 1062 1090 (0 1184 -552 ) (0 1184 -464 ) (-396 1184 -464 ) (-396 1184 -552 ) 
4 1062 1071 (0 1184 -562 ) (-396 1184 -562 ) (-396 1202.669800 -562 ) (0 1202.669800 -562 ) 
4 1062 1068 (-396 1335.809937 -464 ) (0 1335.809937 -464 ) (0 1349.330200 -474.140167 ) (-396 1349.330200 -474.140167 ) 
7 1062 1064 (-396 1215.995850 -558.002197 ) (-396 1202.669800 -562 ) (-396 1184 -562 ) (-396 1184 -464 ) (-396 1335.817749 -464 ) (-396 1349.334106 -474.137329 ) (-396 1288 -520.138245 ) 
4 1063 1073 (-400 1352 -476.138062 ) (-400 1360.076172 -482.195129 ) (-400 1339.127686 -497.251923 ) (-400 1288 -524.137939 ) 
4 1064 1092 (-400 1184 -552 ) (-400 1184 -562 ) (-396 1184 -562 ) (-396 1184 -552 ) 
4 1064 1090 (-396 1184 -464 ) (-400 1184 -464 ) (-400 1184 -552 ) (-396 1184 -552 ) 
7 1064 1073 (-400 1202.669800 -562 ) (-400 1184 -562 ) (-400 1184 -464 ) (-400 1335.816040 -464 ) (-400 1349.333252 -474.137939 ) (-400 1288 -520.138306 ) (-400 1215.995972 -558.002136 ) 
4 1064 1071 (-396 1184 -562 ) (-400 1184 -562 ) (-400 1202.669800 -562 ) (-396 1202.669800 -562 ) 
4 1064 1068 (-400 1349.330200 -474.140167 ) (-400 1335.809937 -464 ) (-396 1335.809937 -464 ) (-396 1349.330200 -474.140167 ) 
4 1065 1072 (0 1472 -562 ) (0 1466.482666 -562 ) (-396 1466.482666 -562 ) (-396 1472 -562 ) 
3 1065 1066 (-396 1466.480469 -562 ) (-396 1455.439575 -553.719727 ) (-396 1472 -562 ) 
4 1066 1075 (-400 1461.151978 -558.002014 ) (-400 1443.249023 -544.574707 ) (-400 1470.290039 -552.687012 ) (-400 1480.397217 -558.002014 ) 
3 1066 1074 (-400 1443.249023 -544.574707 ) (-400 1416 -524.138062 ) (-400 1470.290039 -552.687012 ) 
4 1066 1072 (-400 1466.482666 -562 ) (-400 1488 -562 ) (-396 1488 -562 ) (-396 1466.482666 -562 ) 
7 1067 1074 (-400 1568 -464 ) (-400 1568 -562 ) (-400 1501.333252 -562 ) (-400 1488 -558 ) (-400 1416 -520.138000 ) (-400 1394.917114 -504.325806 ) (-400 1529.336548 -464 ) 
3 1067 1073 (-400 1394.917114 -504.325806 ) (-400 1341.149292 -464 ) (-400 1529.336548 -464 ) 
4 1067 1069 (-400 1501.333252 -562 ) (-400 1568 -562 ) (0 1568 -562 ) (0 1501.333252 -562 ) 
4 1067 1068 (0 1341.152710 -464 ) (-400 1341.152710 -464 ) (-400 1352.001587 -472.136780 ) (0 1352.001587 -472.136780 ) 
4 1068 1073 (-400 1349.333374 -474.138031 ) (-400 1335.816040 -464 ) (-400 1341.149292 -464 ) (-400 1352 -472.138031 ) 
4 1069 1078 (-400 1548 -576 ) (-400 1568 -576 ) (0 1568 -576 ) (0 1548 -576 ) 
4 1069 1074 (-400 1568 -562 ) (-400 1568 -576 ) (-400 1548 -576 ) (-400 1501.333252 -562 ) 
4 1070 1079 (-400 1520 -576 ) (-400 1534.666748 -576 ) (0 1534.666748 -576 ) (0 1520 -576 ) 
3 1070 1076 (-400 1534.666748 -576 ) (-400 1520 -576 ) (-400 1520 -571.599976 ) 
4 1071 1092 (0 1184 -567.600891 ) (0 1184 -562 ) (-400 1184 -562 ) (-400 1184 -567.600891 ) 
3 1071 1073 (-400 1184 -567.600891 ) (-400 1184 -562 ) (-400 1202.669922 -562 ) 
4 1072 1077 (-400 1196 -568 ) (-400 1216 -562 ) (-400 1488 -562 ) (-400 1508 -568 ) 
4 1073 1092 (-480 1184 -552 ) (-480 1184 -567.600830 ) (-400 1184 -567.600830 ) (-400 1184 -552 ) 
4 1073 1090 (-464 1184 -552 ) (-400 1184 -552 ) (-400 1184 -464 ) (-464 1184 -464 ) 
4 1073 1091 (-480 1184 -464 ) (-480 1184 -552 ) (-472 1184 -552 ) (-472 1184 -464 ) 
5 1073 1075 (-400 1352.003052 -517.200989 ) (-400 1215.998779 -558.001953 ) (-431.998657 1184 -567.601562 ) (-480 1184 -567.601562 ) (-480 1352.002563 -517.200806 ) 
4 1073 1074 (-400 1529.340820 -464 ) (-400 1352.003052 -517.200989 ) (-480 1352.002563 -517.200806 ) (-480 1529.338501 -464 ) 
3 1073 1100 (-480 1184 -567.600830 ) (-480 1184 -464 ) (-480 1529.336548 -464 ) 
4 1074 1078 (-480 1548 -576 ) (-480 1568 -576 ) (-400 1568 -576 ) (-400 1548 -576 ) 
5 1074 1075 (-400 1351.998047 -517.199219 ) (-480 1351.998047 -517.199219 ) (-480 1548 -576 ) (-459.993530 1548 -576 ) (-400 1488.006836 -558.001953 ) 
5 1074 1100 (-480 1568 -464 ) (-480 1568 -576 ) (-480 1548 -576 ) (-480 1352.001465 -517.200439 ) (-480 1529.336548 -464 ) 
4 1075 1094 (-480 1184 -567.600830 ) (-480 1184 -576 ) (-459.993530 1184 -576 ) (-431.996124 1184 -567.600830 ) 
4 1075 1089 (-459.993530 1184 -576 ) (-480 1184 -576 ) (-480 1192 -576 ) (-459.993530 1192 -576 ) 
4 1075 1086 (-480 1192 -576 ) (-480 1512 -576 ) (-459.993530 1512 -576 ) (-459.993530 1192 -576 ) 
4 1075 1083 (-480 1512 -576 ) (-480 1520 -576 ) (-459.993530 1520 -576 ) (-459.993530 1512 -576 ) 
4 1075 1080 (-480 1520 -576 ) (-480 1548 -576 ) (-459.993530 1548 -576 ) (-459.993530 1520 -576 ) 
4 1075 1100 (-480 1548 -576 ) (-480 1184 -576 ) (-480 1184 -567.600830 ) (-480 1352.001465 -517.200439 ) 
4 1076 1079 (-400 1534.666748 -576 ) (-400 1520 -576 ) (-446.666809 1520 -576 ) (-446.666809 1534.666748 -576 ) 
4 1078 1080 (-459.993500 1548.002563 -576 ) (-480 1548.002563 -576 ) (-480 1568 -582 ) (-479.990753 1568 -582 ) 
3 1078 1100 (-480 1568 -576 ) (-480 1568 -582 ) (-480 1548 -576 ) 
4 1079 1082 (-448 1520 -576.399963 ) (-480 1520 -586 ) (-480 1520 -704 ) (-448 1520 -704 ) 
4 1079 1081 (-336 1520 -576 ) (-416 1520 -576 ) (-416 1520 -704 ) (-336 1520 -704 ) 
4 1079 1100 (-480 1568 -586 ) (-480 1568 -704 ) (-480 1520 -704 ) (-480 1520 -586 ) 
3 1080 1083 (-459.993500 1520 -576 ) (-480 1520 -576 ) (-480 1520 -582.001953 ) 
5 1080 1100 (-480 1568 -582 ) (-480 1568 -582.001953 ) (-480 1520 -582.001953 ) (-480 1520 -576 ) (-480 1548 -576 ) 
4 1081 1084 (-336 1512 -576 ) (-416 1512 -576 ) (-416 1512 -704 ) (-336 1512 -704 ) 
4 1082 1085 (-480 1512 -586 ) (-480 1512 -704 ) (-448 1512 -704 ) (-448 1512 -576.399963 ) 
4 1082 1100 (-480 1520 -704 ) (-480 1512 -704 ) (-480 1512 -586 ) (-480 1520 -586 ) 
3 1083 1086 (-459.993561 1512 -576 ) (-480 1512 -576 ) (-480 1512 -582.001953 ) 
4 1083 1100 (-480 1512 -582.001953 ) (-480 1512 -576 ) (-480 1520 -576 ) (-480 1520 -582.001953 ) 
4 1084 1087 (-176 1192 -576 ) (-256 1192 -576 ) (-256 1192 -704 ) (-176 1192 -704 ) 
4 1085 1088 (-480 1192 -586 ) (-480 1192 -704 ) (-448 1192 -704 ) (-448 1192 -576.399963 ) 
4 1085 1100 (-480 1512 -704 ) (-480 1192 -704 ) (-480 1192 -586 ) (-480 1512 -586 ) 
3 1086 1089 (-459.993561 1192 -576 ) (-480 1192 -576 ) (-480 1192 -582.001953 ) 
4 1086 1100 (-480 1192 -582.001953 ) (-480 1192 -576 ) (-480 1512 -576 ) (-480 1512 -582.001953 ) 
4 1087 1093 (-256 1184 -704 ) (-176 1184 -704 ) (-176 1184 -576 ) (-256 1184 -576 ) 
4 1088 1093 (-480 1184 -586 ) (-480 1184 -704 ) (-448 1184 -704 ) (-448 1184 -576.399963 ) 
4 1088 1100 (-480 1192 -704 ) (-480 1184 -704 ) (-480 1184 -586 ) (-480 1192 -586 ) 
3 1089 1094 (-480 1184 -576 ) (-480 1184 -582.001953 ) (-459.993561 1184 -576 ) 
4 1089 1100 (-480 1184 -582.001953 ) (-480 1184 -576 ) (-480 1192 -576 ) (-480 1192 -582.001953 ) 
4 1090 1732 (0 1024 -552 ) (0 1024 -464 ) (-464 1024 -464 ) (-464 1024 -552 ) 
4 1090 1097 (0 1056 -552 ) (0 1024 -552 ) (-432 1024 -552 ) (-400 1056 -552 ) 
4 1090 1096 (-432 1024 -552 ) (-464 1024 -552 ) (-464 1056 -552 ) (-400 1056 -552 ) 
4 1090 1092 (-464 1184 -552 ) (0 1184 -552 ) (0 1136 -552 ) (-464 1136 -552 ) 
4 1090 1095 (0 1136 -552 ) (0 1056 -552 ) (-464 1056 -552 ) (-464 1136 -552 ) 
4 1091 1820 (-472 1024 -464 ) (-480 1024 -464 ) (-480 1024 -552 ) (-472 1024 -552 ) 
4 1091 1096 (-480 1024 -552 ) (-480 1056 -552 ) (-472 1056 -552 ) (-472 1024 -552 ) 
4 1091 1092 (-480 1136 -552 ) (-480 1184 -552 ) (-472 1184 -552 ) (-472 1136 -552 ) 
4 1091 1095 (-480 1056 -552 ) (-480 1136 -552 ) (-472 1136 -552 ) (-472 1056 -552 ) 
4 1091 1100 (-480 1024 -552 ) (-480 1024 -464 ) (-480 1184 -464 ) (-480 1184 -552 ) 
3 1092 1094 (-480 1136 -582.001953 ) (-480 1184 -567.601990 ) (-432 1184 -567.601990 ) 
4 1092 1095 (0 1136 -552 ) (-480 1136 -552 ) (-480 1136 -582 ) (0 1136 -582 ) 
4 1092 1100 (-480 1136 -582 ) (-480 1136 -552 ) (-480 1184 -552 ) (-480 1184 -567.600952 ) 
4 1093 1095 (-480 1136 -586 ) (-480 1136 -704 ) (0 1136 -704 ) (0 1136 -586 ) 
4 1093 1100 (-480 1184 -704 ) (-480 1136 -704 ) (-480 1136 -586 ) (-480 1184 -586 ) 
3 1094 1100 (-480 1136 -582 ) (-480 1184 -567.600952 ) (-480 1184 -582.001953 ) 
4 1095 1102 (-448 1136 -704 ) (-80 1136 -704 ) (-80 1056 -704 ) (-448 1056 -704 ) 
4 1095 1098 (-400 1056 -590 ) (-400 1056 -704 ) (0 1056 -704 ) (0 1056 -590 ) 
4 1095 1097 (0 1056 -552 ) (-400 1056 -552 ) (-400 1056 -586 ) (0 1056 -586 ) 
4 1095 1096 (-400 1056 -552 ) (-480 1056 -552 ) (-480 1056 -704 ) (-400 1056 -704 ) 
4 1095 1100 (-480 1136 -704 ) (-480 1056 -704 ) (-480 1056 -552 ) (-480 1136 -552 ) 
4 1096 1847 (-480 1024 -576 ) (-480 1024 -704 ) (-464 1024 -704 ) (-464 1024 -576 ) 
4 1096 1820 (-472 1024 -552 ) (-480 1024 -552 ) (-480 1024 -576 ) (-472 1024 -576 ) 
4 1096 1819 (-464 1024 -552 ) (-472 1024 -552 ) (-472 1024 -576 ) (-464 1024 -576 ) 
4 1096 1756 (-464 1024 -576 ) (-464 1024 -704 ) (-432 1024 -704 ) (-432 1024 -576 ) 
4 1096 1736 (-464 1024 -571.201965 ) (-464 1024 -575.200012 ) (-432 1024 -575.200012 ) (-432 1024 -571.201965 ) 
4 1096 1735 (-464 1024 -575.200012 ) (-464 1024 -576 ) (-432 1024 -576 ) (-432 1024 -575.200012 ) 
4 1096 1732 (-432 1024 -552 ) (-464 1024 -552 ) (-464 1024 -571.201965 ) (-432 1024 -571.201965 ) 
4 1096 1102 (-448 1040 -704 ) (-448 1056 -704 ) (-400 1056 -704 ) (-416 1040 -704 ) 
3 1096 1099 (-432 1024 -575.199951 ) (-432 1024 -576.666748 ) (-424 1032 -580 ) 
4 1096 1098 (-400 1056 -704 ) (-400 1056 -590 ) (-432 1024 -576.666748 ) (-432 1024 -704 ) 
5 1096 1097 (-400 1056 -586 ) (-400 1056 -552 ) (-432 1024 -552 ) (-432 1024 -571.201965 ) (-424.015930 1031.984131 -575.992432 ) 
4 1096 1100 (-480 1056 -704 ) (-480 1024 -704 ) (-480 1024 -552 ) (-480 1056 -552 ) 
4 1097 1732 (0 1024 -571.201965 ) (0 1024 -552 ) (-432 1024 -552 ) (-432 1024 -571.201965 ) 
4 1098 1756 (-80 1024 -576.666748 ) (-432 1024 -576.666748 ) (-432 1024 -704 ) (-80 1024 -704 ) 
4 1098 1755 (0 1024 -704 ) (0 1024 -576.666748 ) (-80 1024 -576.666748 ) (-80 1024 -704 ) 
4 1098 1102 (-416 1040 -704 ) (-400 1056 -704 ) (-80 1056 -704 ) (-80 1040 -704 ) 
4 1098 1099 (-424 1032 -580 ) (-432 1024 -576.666687 ) (0 1024 -576.666687 ) (0 1032 -580 ) 
4 1099 1756 (-80 1024 -576 ) (-432 1024 -576 ) (-432 1024 -576.666748 ) (-80 1024 -576.666748 ) 
4 1099 1755 (0 1024 -576.666748 ) (0 1024 -576 ) (-80 1024 -576 ) (-80 1024 -576.666748 ) 
4 1099 1735 (0 1024 -576 ) (0 1024 -575.199951 ) (-432 1024 -575.199951 ) (-432 1024 -576 ) 
4 1100 1847 (-512 1024 -576 ) (-512 1024 -704 ) (-480 1024 -704 ) (-480 1024 -576 ) 
4 1100 1820 (-480 1024 -464 ) (-512 1024 -464 ) (-512 1024 -576 ) (-480 1024 -576 ) 
4 1100 1122 (-512 1568 -704 ) (-512 1024 -704 ) (-512 1024 -576 ) (-512 1568 -576 ) 
4 1100 1119 (-512 1024 -568 ) (-512 1024 -528 ) (-512 1088 -528 ) (-512 1088 -568 ) 
4 1100 1114 (-512 1024 -512 ) (-512 1024 -464 ) (-512 1232 -464 ) (-512 1232 -512 ) 
4 1101 1103 (-416 1616 -712 ) (0 1616 -712 ) (0 1568 -712 ) (-416 1568 -712 ) 
4 1102 1104 (-448 1040 -712 ) (-448 1136 -712 ) (-80 1136 -712 ) (-80 1040 -712 ) 
4 1103 1106 (-512 1568 -720 ) (-512 1616 -720 ) (-416 1616 -720 ) (-416 1568 -720 ) 
4 1104 1856 (0 1024 -720 ) (0 1024 -712 ) (-496 1024 -712 ) (-496 1024 -720 ) 
4 1105 1860 (-504 1024 -712 ) (-512 1024 -712 ) (-512 1024 -720 ) (-504 1024 -720 ) 
4 1105 1110 (-512 1024 -720 ) (-512 1040 -720 ) (-504 1040 -720 ) (-504 1024 -720 ) 
4 1105 1109 (-512 1040 -720 ) (-512 1136 -720 ) (-504 1136 -720 ) (-504 1040 -720 ) 
4 1105 1108 (-512 1136 -720 ) (-512 1184 -720 ) (-504 1184 -720 ) (-504 1136 -720 ) 
4 1106 1123 (-512 1616 -720 ) (-512 1616 -736 ) (-512 1568 -736 ) (-512 1568 -720 ) 
4 1106 1111 (-512 1568 -736 ) (-512 1616 -736 ) (-416 1616 -736 ) (-416 1568 -736 ) 
4 1107 1108 (-496 1520 -720 ) (-496 1520 -736 ) (-496 1184 -736 ) (-496 1184 -720 ) 
4 1107 1111 (-496 1520 -736 ) (0 1520 -736 ) (0 1184 -736 ) (-496 1184 -736 ) 
4 1108 1123 (-512 1520 -736 ) (-512 1136 -736 ) (-512 1136 -720 ) (-512 1520 -720 ) 
4 1108 1109 (-512 1136 -736 ) (-496.518005 1136 -736 ) (-496.518005 1136 -720 ) (-512 1136 -720 ) 
4 1108 1111 (-512 1136 -736 ) (-512 1520 -736 ) (-496 1520 -736 ) (-496 1136 -736 ) 
4 1109 1123 (-512 1136 -736 ) (-512 1040 -736 ) (-512 1040 -720 ) (-512 1136 -720 ) 
4 1109 1110 (-512 1040 -736 ) (-496.518005 1040 -736 ) (-496.518005 1040 -720 ) (-512 1040 -720 ) 
4 1109 1111 (-512 1040 -736 ) (-512 1136 -736 ) (-496.518005 1136 -736 ) (-496.518005 1040 -736 ) 
4 1110 1938 (-512 1024 -728 ) (-512 1024 -736 ) (-496 1024 -736 ) (-496 1024 -728 ) 
4 1110 1885 (-496 1024 -720 ) (-512 1024 -720 ) (-512 1024 -728 ) (-496 1024 -728 ) 
4 1110 1123 (-512 1040 -736 ) (-512 1024 -736 ) (-512 1024 -720 ) (-512 1040 -720 ) 
4 1110 1111 (-496 1024 -736 ) (-512 1024 -736 ) (-512 1040 -736 ) (-496 1040 -736 ) 
4 1111 1937 (0 1024 -744 ) (0 1024 -736 ) (-496 1024 -736 ) (-496 1024 -744 ) 
4 1111 1938 (-496 1024 -736 ) (-512 1024 -736 ) (-512 1024 -744 ) (-496 1024 -744 ) 
4 1111 1176 (-416 1024 -744 ) (-512 1024 -744 ) (-512 1616 -744 ) (-416 1616 -744 ) 
4 1111 1175 (0 1616 -744 ) (0 1024 -744 ) (-416 1024 -744 ) (-416 1616 -744 ) 
4 1111 1123 (-512 1616 -736 ) (-512 1616 -744 ) (-512 1024 -744 ) (-512 1024 -736 ) 
4 1112 1822 (-608 1024 -384 ) (-608 1024 -392 ) (-512 1024 -392 ) (-512 1024 -384 ) 
4 1112 1813 (-584 1024 -384 ) (-512 1024 -384 ) (-512 1024 1107.810059 ) (-584 1024 1107.810059 ) 
4 1112 1816 (-608 1024 1107.810059 ) (-608 1024 -384 ) (-584 1024 -384 ) (-584 1024 1107.810059 ) 
4 1112 1124 (-608 1024 -392 ) (-608 1024 1107.810059 ) (-608 1616 1107.810059 ) (-608 1616 -392 ) 
4 1112 1113 (-608 1520 -392 ) (-608 1536 -392 ) (-512 1536 -392 ) (-512 1520 -392 ) 
4 1114 1823 (-520 1024 -512 ) (-512 1024 -512 ) (-512 1024 -400 ) (-520 1024 -400 ) 
4 1114 1118 (-520 1232 -512 ) (-520 1024 -512 ) (-520 1024 -400 ) (-520 1232 -400 ) 
4 1115 1132 (-608 1536 -400 ) (-608 1616 -400 ) (-608 1616 -512 ) (-608 1536 -512 ) 
4 1116 1117 (-592 1472 -512 ) (-592 1296 -512 ) (-592 1296 -400 ) (-592 1472 -400 ) 
4 1117 1132 (-608 1296 -400 ) (-608 1472 -400 ) (-608 1472 -512 ) (-608 1296 -512 ) 
4 1118 1823 (-608 1024 -400 ) (-608 1024 -512 ) (-520 1024 -512 ) (-520 1024 -400 ) 
4 1118 1132 (-608 1024 -512 ) (-608 1024 -400 ) (-608 1232 -400 ) (-608 1232 -512 ) 
4 1119 1824 (-528 1024 -568 ) (-512 1024 -568 ) (-512 1024 -528 ) (-528 1024 -528 ) 
4 1119 1120 (-528 1088 -568 ) (-528 1024 -568 ) (-528 1024 -528 ) (-528 1088 -528 ) 
4 1120 1824 (-592 1024 -568 ) (-528 1024 -568 ) (-528 1024 -528 ) (-592 1024 -528 ) 
4 1120 1121 (-592 1616 -568 ) (-592 1232 -568 ) (-592 1232 -528 ) (-592 1616 -528 ) 
4 1121 1148 (-608 1240 -528 ) (-608 1616 -528 ) (-608 1616 -568 ) (-608 1240 -568 ) 
4 1122 1848 (-608 1024 -576 ) (-608 1024 -704 ) (-512 1024 -704 ) (-512 1024 -576 ) 
4 1122 1168 (-608 1076 -584 ) (-608 1076 -592 ) (-608 1064 -592 ) (-608 1064 -584 ) 
4 1122 1164 (-608 1052 -576 ) (-608 1076 -576 ) (-608 1076 -584 ) (-608 1052 -584 ) 
4 1122 1163 (-608 1124 -632 ) (-608 1124 -624 ) (-608 1136 -624 ) (-608 1136 -632 ) 
4 1122 1162 (-608 1148 -624 ) (-608 1148 -640 ) (-608 1136 -640 ) (-608 1136 -624 ) 
4 1122 1161 (-608 1076 -576 ) (-608 1088 -576 ) (-608 1088 -600 ) (-608 1076 -600 ) 
4 1122 1160 (-608 1148 -616 ) (-608 1148 -624 ) (-608 1112 -624 ) (-608 1112 -616 ) 
4 1122 1159 (-608 1088 -576 ) (-608 1100 -576 ) (-608 1100 -608 ) (-608 1088 -608 ) 
4 1122 1158 (-608 1100 -576 ) (-608 1148 -576 ) (-608 1148 -616 ) (-608 1100 -616 ) 
4 1122 1157 (-608 1208 -688 ) (-608 1208 -680 ) (-608 1220 -680 ) (-608 1220 -688 ) 
4 1122 1156 (-608 1232 -680 ) (-608 1232 -696 ) (-608 1220 -696 ) (-608 1220 -680 ) 
4 1122 1155 (-608 1148 -576 ) (-608 1160 -576 ) (-608 1160 -648 ) (-608 1148 -648 ) 
4 1122 1154 (-608 1160 -576 ) (-608 1172 -576 ) (-608 1172 -656 ) (-608 1160 -656 ) 
4 1122 1153 (-608 1172 -576 ) (-608 1184 -576 ) (-608 1184 -664 ) (-608 1172 -664 ) 
4 1122 1152 (-608 1184 -576 ) (-608 1196 -576 ) (-608 1196 -672 ) (-608 1184 -672 ) 
4 1122 1151 (-608 1196 -576 ) (-608 1232 -576 ) (-608 1232 -680 ) (-608 1196 -680 ) 
4 1122 1149 (-608 1232 -576 ) (-608 1616 -576 ) (-608 1616 -704 ) (-608 1232 -704 ) 
4 1122 1144 (-608 1024 -704 ) (-608 1024 -576 ) (-608 1040 -576 ) (-608 1232 -704 ) 
4 1123 1938 (-608 1024 -728 ) (-608 1024 -744 ) (-512 1024 -744 ) (-512 1024 -728 ) 
4 1123 1885 (-608 1024 -720 ) (-608 1024 -728 ) (-512 1024 -728 ) (-512 1024 -720 ) 
4 1123 1176 (-512 1024 -744 ) (-608 1024 -744 ) (-608 1616 -744 ) (-512 1616 -744 ) 
4 1123 1150 (-608 1616 -744 ) (-608 1292 -744 ) (-608 1256 -720 ) (-608 1616 -720 ) 
4 1123 1145 (-608 1292 -744 ) (-608 1024 -744 ) (-608 1024 -720 ) (-608 1256 -720 ) 
4 1124 2386 (-1024 1632 1107.810059 ) (-1024 1712 1107.810059 ) (-1024 1712 -392 ) (-1024 1632 -392 ) 
4 1124 2387 (-1024 1024 -392 ) (-1024 1024 1107.810059 ) (-1024 1632 1107.810059 ) (-1024 1632 -392 ) 
4 1124 1992 (-1024 1024 1107.810059 ) (-1024 1024 -392 ) (-704 1024 -392 ) (-704 1024 1107.810059 ) 
4 1124 1959 (-608 1024 -362.666687 ) (-608 1024 1107.810059 ) (-704 1024 1107.810059 ) (-704 1024 -362.666748 ) 
4 1124 1951 (-704 1024 -392 ) (-608 1024 -392 ) (-608 1024 -362.666687 ) (-704 1024 -362.666748 ) 
4 1124 1128 (-1024 1024 -392 ) (-1024 1232 -392 ) (-704 1232 -392 ) (-704 1024 -392 ) 
4 1124 1127 (-1024 1232 -392 ) (-1024 1520 -392 ) (-720 1520 -392 ) (-720 1232 -392 ) 
4 1124 1126 (-1024 1520 -392 ) (-1024 1632 -392 ) (-896 1632 -392 ) (-896 1520 -392 ) 
4 1124 1125 (-640 1712 -392 ) (-608 1712 -392 ) (-608 1632 -392 ) (-640 1632 -392 ) 
4 1126 2387 (-1024 1520 -392 ) (-1024 1632 -392 ) (-1024 1632 -400 ) (-1024 1520 -400 ) 
4 1126 1136 (-912 1520 -400 ) (-1024 1520 -400 ) (-1024 1616 -400 ) (-912 1616 -400 ) 
4 1126 1127 (-1024 1520 -400 ) (-896 1520 -400 ) (-896 1520 -392 ) (-1024 1520 -392 ) 
4 1127 2387 (-1024 1232 -392 ) (-1024 1520 -392 ) (-1024 1520 -400 ) (-1024 1232 -400 ) 
4 1127 1141 (-720 1232 -400 ) (-736 1232 -400 ) (-736 1296 -400 ) (-720 1296 -400 ) 
4 1127 1142 (-736 1232 -400 ) (-1024 1232 -400 ) (-1024 1392 -400 ) (-736 1392 -400 ) 
4 1127 1139 (-720 1504 -400 ) (-720 1392 -400 ) (-896 1392 -400 ) (-896 1504 -400 ) 
4 1127 1140 (-1024 1392 -400 ) (-1024 1520 -400 ) (-896 1520 -400 ) (-896 1392 -400 ) 
4 1127 1128 (-1024 1232 -400 ) (-720 1232 -400 ) (-720 1232 -392 ) (-1024 1232 -392 ) 
4 1128 2387 (-1024 1024 -400 ) (-1024 1024 -392 ) (-1024 1232 -392 ) (-1024 1232 -400 ) 
4 1128 1993 (-1024 1024 -392 ) (-1024 1024 -400 ) (-704 1024 -400 ) (-704 1024 -392 ) 
4 1128 1141 (-720 1024 -400 ) (-736 1024 -400 ) (-736 1232 -400 ) (-720 1232 -400 ) 
4 1128 1142 (-736 1024 -400 ) (-1024 1024 -400 ) (-1024 1232 -400 ) (-736 1232 -400 ) 
4 1129 2389 (-1024 1632 -400 ) (-1024 1712 -400 ) (-1024 1712 -512 ) (-1024 1632 -512 ) 
4 1129 1130 (-896 1632 -512 ) (-752 1632 -512 ) (-752 1632 -400 ) (-896 1632 -400 ) 
4 1130 1134 (-752 1616 -400 ) (-896 1616 -400 ) (-896 1616 -512 ) (-752 1616 -512 ) 
4 1131 1146 (-640 1712 -528 ) (-608 1712 -528 ) (-608 1664 -528 ) (-640 1664 -528 ) 
4 1132 1952 (-608 1024 -512 ) (-608 1024 -400 ) (-704 1024 -400 ) (-704 1024 -512 ) 
4 1132 1137 (-704 1392 -512 ) (-704 1296 -512 ) (-704 1296 -400 ) (-704 1392 -400 ) 
4 1132 1134 (-704 1616 -400 ) (-704 1616 -512 ) (-704 1520 -512 ) (-704 1520 -400 ) 
4 1132 1133 (-704 1024 -512 ) (-704 1136 -512 ) (-608 1136 -512 ) (-608 1024 -512 ) 
4 1133 1952 (-704 1024 -528 ) (-608 1024 -528 ) (-608 1024 -512 ) (-704 1024 -512 ) 
4 1133 1167 (-608 1028 -528 ) (-608 1024 -528 ) (-704 1024 -528 ) (-704 1028 -528 ) 
4 1133 1166 (-608 1040 -528 ) (-608 1028 -528 ) (-704 1028 -528 ) (-704 1040 -528 ) 
4 1133 1165 (-608 1052 -528 ) (-608 1040 -528 ) (-704 1040 -528 ) (-704 1052 -528 ) 
4 1133 1164 (-608 1076 -528 ) (-608 1052 -528 ) (-704 1052 -528 ) (-704 1076 -528 ) 
4 1133 1161 (-608 1088 -528 ) (-608 1076 -528 ) (-704 1076 -528 ) (-704 1088 -528 ) 
4 1133 1159 (-608 1100 -528 ) (-608 1088 -528 ) (-704 1088 -528 ) (-704 1100 -528 ) 
4 1133 1158 (-608 1136 -528 ) (-608 1100 -528 ) (-704 1100 -528 ) (-704 1136 -528 ) 
4 1135 1172 (-912 1616 -528 ) (-896 1616 -528 ) (-896 1520 -528 ) (-912 1520 -528 ) 
4 1135 1140 (-912 1520 -528 ) (-896 1520 -528 ) (-896 1520 -512 ) (-912 1520 -512 ) 
4 1135 1136 (-912 1616 -512 ) (-912 1616 -528 ) (-912 1520 -528 ) (-912 1520 -512 ) 
4 1136 2394 (-1024 1616 -512 ) (-1024 1616 -528 ) (-1024 1520 -528 ) (-1024 1520 -512 ) 
4 1136 2392 (-1024 1520 -400 ) (-1024 1616 -400 ) (-1024 1616 -512 ) (-1024 1520 -512 ) 
4 1136 1172 (-1024 1520 -528 ) (-1024 1616 -528 ) (-912 1616 -528 ) (-912 1520 -528 ) 
4 1136 1140 (-1024 1520 -528 ) (-912 1520 -528 ) (-912 1520 -400 ) (-1024 1520 -400 ) 
4 1138 1172 (-896 1520 -528 ) (-752 1520 -528 ) (-752 1504 -528 ) (-896 1504 -528 ) 
4 1138 1139 (-896 1504 -512 ) (-896 1504 -528 ) (-720 1504 -528 ) (-720 1504 -512 ) 
4 1138 1140 (-896 1520 -512 ) (-896 1520 -528 ) (-896 1504 -528 ) (-896 1504 -512 ) 
4 1139 1172 (-752 1392 -528 ) (-896 1392 -528 ) (-896 1504 -528 ) (-752 1504 -528 ) 
4 1139 1142 (-896 1392 -528 ) (-736 1392 -528 ) (-736 1392 -400 ) (-896 1392 -400 ) 
4 1139 1140 (-896 1504 -528 ) (-896 1392 -528 ) (-896 1392 -400 ) (-896 1504 -400 ) 
4 1140 2394 (-1024 1520 -512 ) (-1024 1520 -528 ) (-1024 1392 -528 ) (-1024 1392 -512 ) 
4 1140 2392 (-1024 1392 -400 ) (-1024 1520 -400 ) (-1024 1520 -512 ) (-1024 1392 -512 ) 
4 1140 1172 (-1024 1392 -528 ) (-1024 1520 -528 ) (-896 1520 -528 ) (-896 1392 -528 ) 
4 1140 1142 (-1024 1392 -528 ) (-896 1392 -528 ) (-896 1392 -400 ) (-1024 1392 -400 ) 
4 1141 1999 (-736 1024 -528 ) (-720 1024 -528 ) (-720 1024 -400 ) (-736 1024 -400 ) 
4 1141 1142 (-736 1296 -528 ) (-736 1024 -528 ) (-736 1024 -400 ) (-736 1296 -400 ) 
4 1142 2394 (-1024 1024 -528 ) (-1024 1024 -512 ) (-1024 1392 -512 ) (-1024 1392 -528 ) 
4 1142 2392 (-1024 1024 -512 ) (-1024 1024 -400 ) (-1024 1392 -400 ) (-1024 1392 -512 ) 
4 1142 2011 (-1024 1024 -400 ) (-1024 1024 -528 ) (-848 1024 -528 ) (-848 1024 -400 ) 
4 1142 1999 (-848 1024 -528 ) (-736 1024 -528 ) (-736 1024 -400 ) (-848 1024 -400 ) 
4 1142 1172 (-1024 1024 -528 ) (-1024 1392 -528 ) (-752 1392 -528 ) (-752 1024 -528 ) 
4 1143 1948 (-608 1024 -568 ) (-608 1024 -565.333313 ) (-704 1024 -565.333313 ) (-704 1024 -568 ) 
4 1144 1949 (-608 1024 -704 ) (-608 1024 -576 ) (-704 1024 -576 ) (-704 1024 -704 ) 
4 1145 1950 (-704 1024 -744 ) (-608 1024 -744 ) (-608 1024 -720 ) (-704 1024 -720 ) 
4 1145 1176 (-608 1024 -744 ) (-704 1024 -744 ) (-704 1292 -744 ) (-608 1292 -744 ) 
4 1145 1150 (-704 1291.995239 -744 ) (-704 1255.995361 -720 ) (-608 1255.996094 -720 ) (-608 1291.996094 -744 ) 
4 1146 1176 (-704 1664 -744 ) (-704 1712 -744 ) (-608 1712 -744 ) (-608 1664 -744 ) 
4 1146 1169 (-704 1664 -528 ) (-704 1712 -528 ) (-704 1712 -744 ) (-704 1664 -744 ) 
4 1146 1147 (-704 1664 -736 ) (-704 1664 -744 ) (-608 1664 -744 ) (-608 1664 -736 ) 
4 1147 1176 (-704 1616 -744 ) (-704 1664 -744 ) (-608 1664 -744 ) (-608 1616 -744 ) 
4 1147 1170 (-704 1664 -736 ) (-704 1664 -744 ) (-704 1616 -744 ) (-704 1616 -736 ) 
4 1147 1150 (-704 1616 -736 ) (-704 1616 -744 ) (-608 1616 -744 ) (-608 1616 -736 ) 
4 1149 1156 (-704 1232 -680 ) (-704 1232 -696 ) (-608 1232 -696 ) (-608 1232 -680 ) 
4 1149 1151 (-704 1232 -576 ) (-704 1232 -680 ) (-608 1232 -680 ) (-608 1232 -576 ) 
4 1150 1176 (-704 1292 -744 ) (-704 1616 -744 ) (-608 1616 -744 ) (-608 1292 -744 ) 
4 1151 1157 (-704 1208 -680 ) (-704 1220 -680 ) (-608 1220 -680 ) (-608 1208 -680 ) 
4 1151 1156 (-704 1220 -680 ) (-704 1232 -680 ) (-608 1232 -680 ) (-608 1220 -680 ) 
4 1151 1152 (-704 1196 -528 ) (-704 1196 -672 ) (-608 1196 -672 ) (-608 1196 -528 ) 
4 1152 1153 (-704 1184 -528 ) (-704 1184 -664 ) (-608 1184 -664 ) (-608 1184 -528 ) 
4 1153 1154 (-704 1172 -528 ) (-704 1172 -656 ) (-608 1172 -656 ) (-608 1172 -528 ) 
4 1154 1155 (-704 1160 -528 ) (-704 1160 -648 ) (-608 1160 -648 ) (-608 1160 -528 ) 
4 1155 1162 (-704 1148 -624 ) (-704 1148 -640 ) (-608 1148 -640 ) (-608 1148 -624 ) 
4 1155 1160 (-704 1148 -616 ) (-704 1148 -624 ) (-608 1148 -624 ) (-608 1148 -616 ) 
4 1155 1158 (-704 1148 -528 ) (-704 1148 -616 ) (-608 1148 -616 ) (-608 1148 -528 ) 
4 1156 1157 (-608 1220 -688 ) (-608 1220 -680 ) (-704 1220 -680 ) (-704 1220 -688 ) 
4 1158 1160 (-704 1112 -616 ) (-704 1148 -616 ) (-608 1148 -616 ) (-608 1112 -616 ) 
4 1158 1159 (-704 1100 -528 ) (-704 1100 -608 ) (-608 1100 -608 ) (-608 1100 -528 ) 
4 1159 1161 (-704 1088 -528 ) (-704 1088 -600 ) (-608 1088 -600 ) (-608 1088 -528 ) 
4 1160 1163 (-704 1124 -624 ) (-704 1136 -624 ) (-608 1136 -624 ) (-608 1124 -624 ) 
4 1160 1162 (-704 1136 -624 ) (-704 1148 -624 ) (-608 1148 -624 ) (-608 1136 -624 ) 
4 1161 1168 (-704 1076 -584 ) (-704 1076 -592 ) (-608 1076 -592 ) (-608 1076 -584 ) 
4 1161 1164 (-704 1076 -528 ) (-704 1076 -584 ) (-608 1076 -584 ) (-608 1076 -528 ) 
4 1162 1163 (-608 1136 -632 ) (-608 1136 -624 ) (-704 1136 -624 ) (-704 1136 -632 ) 
4 1164 1168 (-704 1064 -584 ) (-704 1076 -584 ) (-608 1076 -584 ) (-608 1064 -584 ) 
4 1164 1165 (-704 1052 -528 ) (-704 1052 -576 ) (-608 1052 -576 ) (-608 1052 -528 ) 
4 1165 1166 (-704 1040 -528 ) (-704 1040 -568 ) (-608 1040 -568 ) (-608 1040 -528 ) 
4 1166 1167 (-704 1028 -528 ) (-704 1028 -560 ) (-608 1028 -560 ) (-608 1028 -528 ) 
4 1167 1956 (-608 1024 -560 ) (-608 1024 -536 ) (-704 1024 -536 ) (-704 1024 -560 ) 
4 1167 1952 (-608 1024 -536 ) (-608 1024 -528 ) (-704 1024 -528 ) (-704 1024 -536 ) 
4 1169 1177 (-752 1712 -744 ) (-704 1712 -744 ) (-704 1664 -744 ) (-752 1664 -744 ) 
4 1169 1170 (-752 1664 -736 ) (-752 1664 -744 ) (-704 1664 -744 ) (-704 1664 -736 ) 
4 1169 1171 (-752 1664 -528 ) (-752 1712 -528 ) (-752 1712 -744 ) (-752 1664 -744 ) 
4 1170 1177 (-704 1664 -744 ) (-704 1616 -744 ) (-752 1616 -744 ) (-752 1664 -744 ) 
4 1170 1171 (-752 1616 -744 ) (-752 1616 -736 ) (-752 1664 -736 ) (-752 1664 -744 ) 
4 1171 2399 (-1024 1712 -640 ) (-1024 1712 -744 ) (-1024 1616 -744 ) (-1024 1616 -640 ) 
4 1171 2396 (-1024 1616 -528 ) (-1024 1712 -528 ) (-1024 1712 -640 ) (-1024 1616 -640 ) 
4 1171 1179 (-1024 1616 -744 ) (-1024 1712 -744 ) (-752 1712 -744 ) (-752 1616 -744 ) 
4 1171 1172 (-1024 1616 -744 ) (-752 1616 -744 ) (-752 1616 -528 ) (-1024 1616 -528 ) 
4 1172 2399 (-1024 1024 -744 ) (-1024 1024 -640 ) (-1024 1616 -640 ) (-1024 1616 -744 ) 
4 1172 2396 (-1024 1024 -640 ) (-1024 1024 -528 ) (-1024 1616 -528 ) (-1024 1616 -640 ) 
4 1172 2019 (-1024 1024 -528 ) (-1024 1024 -744 ) (-752 1024 -744 ) (-752 1024 -528 ) 
4 1172 1179 (-752 1024 -744 ) (-1024 1024 -744 ) (-1024 1616 -744 ) (-752 1616 -744 ) 
4 1173 1176 (-416 1712 -800 ) (-416 1712 -744 ) (-416 2048 -744 ) (-416 2048 -800 ) 
4 1173 1175 (-416 1712 -744 ) (-416 1712 -800 ) (0 1712 -800 ) (0 1712 -744 ) 
4 1174 1176 (-416 2048 -2387.810059 ) (-416 1712 -2387.810059 ) (-416 1712 -816 ) (-416 2048 -816 ) 
4 1174 1175 (-416 1712 -816 ) (-416 1712 -2387.810059 ) (0 1712 -2387.810059 ) (0 1712 -816 ) 
4 1175 1944 (0 1024 -2387.810059 ) (0 1024 -768 ) (-416 1024 -768 ) (-416 1024 -2387.810059 ) 
4 1175 1937 (0 1024 -768 ) (0 1024 -744 ) (-416 1024 -744 ) (-416 1024 -768 ) 
4 1175 1176 (-416 1712 -2387.810059 ) (-416 1024 -2387.810059 ) (-416 1024 -744 ) (-416 1712 -744 ) 
4 1176 1950 (-608 1024 -744 ) (-704 1024 -744 ) (-704 1024 -2387.810059 ) (-608 1024 -2387.810059 ) 
4 1176 1944 (-608 1024 -768 ) (-608 1024 -2387.810059 ) (-416 1024 -2387.810059 ) (-416 1024 -768 ) 
4 1176 1937 (-416 1024 -744 ) (-496 1024 -744 ) (-496 1024 -768 ) (-416 1024 -768 ) 
4 1176 1938 (-496 1024 -744 ) (-608 1024 -744 ) (-608 1024 -768 ) (-496 1024 -768 ) 
4 1176 1178 (-704 1616 -2387.810059 ) (-704 1024 -2387.810059 ) (-704 1024 -768 ) (-704 1616 -768 ) 
4 1176 1177 (-704 2048 -2387.810059 ) (-704 1616 -2387.810059 ) (-704 1616 -744 ) (-704 2048 -744 ) 
4 1177 1178 (-752 1616 -768 ) (-752 1616 -2387.810059 ) (-704 1616 -2387.810059 ) (-704 1616 -768 ) 
4 1177 1179 (-752 2048 -2387.810059 ) (-752 1616 -2387.810059 ) (-752 1616 -744 ) (-752 2048 -744 ) 
4 1178 2018 (-752 1024 -768 ) (-752 1024 -2387.810059 ) (-704 1024 -2387.810059 ) (-704 1024 -768 ) 
4 1178 1179 (-752 1616 -2387.810059 ) (-752 1024 -2387.810059 ) (-752 1024 -768 ) (-752 1616 -768 ) 
4 1179 2402 (-1024 1024 -2387.810059 ) (-1024 1024 -960 ) (-1024 2048 -960 ) (-1024 2048 -2387.810059 ) 
4 1179 2399 (-1024 1024 -960 ) (-1024 1024 -744 ) (-1024 2048 -744 ) (-1024 2048 -960 ) 
4 1179 2019 (-752 1024 -744 ) (-1024 1024 -744 ) (-1024 1024 -2387.810059 ) (-752 1024 -2387.810059 ) 
4 1180 1182 (3728.820068 0 1107.810059 ) (3072 0 1107.810059 ) (3072 0 -2387.810059 ) (3728.820068 0 -2387.810059 ) 
4 1180 1181 (3072 1024 1107.810059 ) (3072 1024 -2387.810059 ) (3072 0 -2387.810059 ) (3072 0 1107.810059 ) 
4 1181 1310 (2048 928 -2387.810059 ) (2048 0 -2387.810059 ) (2048 0 -784 ) (2048 928 -784 ) 
4 1181 1305 (2048 0 -784 ) (2048 0 -704 ) (2048 928 -704 ) (2048 928 -784 ) 
4 1181 1304 (2048 1024 -720 ) (2048 1024 -2387.810059 ) (2048 928 -2387.810059 ) (2048 928 -720 ) 
4 1181 1303 (2048 1024 -704 ) (2048 1024 -720 ) (2048 928 -720 ) (2048 928 -704 ) 
4 1181 1249 (2048 128 -704 ) (2048 0 -704 ) (2048 0 -576 ) (2048 128 -576 ) 
4 1181 1246 (2048 224 -704 ) (2048 128 -704 ) (2048 128 -576 ) (2048 224 -576 ) 
4 1181 1244 (2048 240 -704 ) (2048 224 -704 ) (2048 224 -576 ) (2048 240 -576 ) 
4 1181 1242 (2048 928 -704 ) (2048 240 -704 ) (2048 240 -576 ) (2048 928 -576 ) 
4 1181 1240 (2048 1024 -576 ) (2048 1024 -704 ) (2048 928 -704 ) (2048 928 -576 ) 
4 1181 1226 (2048 128 -576 ) (2048 0 -576 ) (2048 0 -560 ) (2048 128 -560 ) 
4 1181 1224 (2048 928 -576 ) (2048 128 -576 ) (2048 128 -560 ) (2048 928 -560 ) 
4 1181 1223 (2048 1024 -560 ) (2048 1024 -576 ) (2048 928 -576 ) (2048 928 -560 ) 
4 1181 1191 (2048 496 -560 ) (2048 0 -560 ) (2048 0 -400 ) (2048 496 -400 ) 
4 1181 1189 (2048 1024 -400 ) (2048 1024 -560 ) (2048 496 -560 ) (2048 496 -400 ) 
4 1181 1188 (2048 1024 1107.810059 ) (2048 1024 -400 ) (2048 0 -400 ) (2048 0 1107.810059 ) 
4 1181 1183 (3072 0 -2387.810059 ) (3072 0 1107.810059 ) (2048 0 1107.810059 ) (2048 0 -2387.810059 ) 
4 1182 1184 (3728.820068 -1024 1107.810059 ) (3072 -1024 1107.810059 ) (3072 -1024 -2387.810059 ) (3728.820068 -1024 -2387.810059 ) 
4 1182 1183 (3072 0 1107.810059 ) (3072 0 -2387.810059 ) (3072 -1024 -2387.810059 ) (3072 -1024 1107.810059 ) 
4 1183 1366 (2048 -1024 -2387.810059 ) (2048 -1024 -768 ) (2048 -416 -768 ) (2048 -416 -2387.810059 ) 
4 1183 1360 (2048 -1024 -768 ) (2048 -1024 -576 ) (2048 -416 -576 ) (2048 -416 -768 ) 
4 1183 1353 (2048 0 -720 ) (2048 0 -2387.810059 ) (2048 -416 -2387.810059 ) (2048 -416 -720 ) 
4 1183 1351 (2048 -16 -720 ) (2048 -416 -720 ) (2048 -416 -704 ) (2048 -16 -704 ) 
4 1183 1349 (2048 0 -704 ) (2048 0 -720 ) (2048 -16 -720 ) (2048 -16 -704 ) 
4 1183 1337 (2048 -416 -576 ) (2048 -64 -576 ) (2048 -64 -704 ) (2048 -416 -704 ) 
4 1183 1332 (2048 -64 -576 ) (2048 0 -576 ) (2048 0 -704 ) (2048 -64 -704 ) 
4 1183 1324 (2048 -1024 -576 ) (2048 -1024 -560 ) (2048 0 -560 ) (2048 0 -576 ) 
4 1183 1323 (2048 -1024 -560 ) (2048 -1024 1107.810059 ) (2048 0 1107.810059 ) (2048 0 -560 ) 
4 1183 1185 (3072 -1024 -2387.810059 ) (3072 -1024 1107.810059 ) (2048 -1024 1107.810059 ) (2048 -1024 -2387.810059 ) 
4 1184 1186 (3728.820068 -2048 1107.810059 ) (3072 -2048 1107.810059 ) (3072 -2048 -2387.810059 ) (3728.820068 -2048 -2387.810059 ) 
4 1184 1185 (3072 -1024 1107.810059 ) (3072 -1024 -2387.810059 ) (3072 -2048 -2387.810059 ) (3072 -2048 1107.810059 ) 
4 1185 2315 (2048 -2048 -2387.810059 ) (2048 -2048 1107.810059 ) (2048 -1024 1107.810059 ) (2048 -1024 -2387.810059 ) 
4 1185 1187 (2048 -2048 1107.810059 ) (2048 -2048 -2387.810059 ) (3072 -2048 -2387.810059 ) (3072 -2048 1107.810059 ) 
4 1186 1187 (3072 -2048 1107.810059 ) (3072 -2048 -2387.810059 ) (3072 -2254.979980 -2387.810059 ) (3072 -2254.979980 1107.810059 ) 
4 1187 2356 (2048 -2254.979980 1107.810059 ) (2048 -2048 1107.810059 ) (2048 -2048 -2387.810059 ) (2048 -2254.979980 -2387.810059 ) 
4 1188 1323 (2048 0 -400 ) (2048 0 1107.810059 ) (1504 0 1107.810059 ) (1504 0 -400 ) 
4 1188 1195 (1504 304 -384 ) (1504 304 1107.810059 ) (1504 688 1107.810059 ) (1504 688 -384 ) 
4 1188 1196 (1504 304 -400 ) (1504 0 -400 ) (1504 0 1107.810059 ) (1504 304 1107.810059 ) 
4 1188 1193 (1504 1024 1107.810059 ) (1504 1024 -384 ) (1504 688 -384 ) (1504 688 1107.810059 ) 
4 1188 1192 (1520 0 -400 ) (1504 0 -400 ) (1504 304 -400 ) (1520 304 -400 ) 
4 1188 1191 (2048 0 -400 ) (1520 0 -400 ) (1520 496 -400 ) (2048 496 -400 ) 
4 1188 1189 (1520 1024 -400 ) (2048 1024 -400 ) (2048 496 -400 ) (1520 496 -400 ) 
4 1189 1227 (1664 496 -560 ) (1600 496 -560 ) (1600 664 -560 ) (1664 664 -560 ) 
4 1189 1225 (1664 920 -560 ) (1664 928 -560 ) (1968 928 -560 ) (1968 920 -560 ) 
4 1189 1224 (2048 928 -560 ) (2048 496 -560 ) (1968 496 -560 ) (1968 928 -560 ) 
4 1189 1223 (1696 1024 -560 ) (2048 1024 -560 ) (2048 928 -560 ) (1696 928 -560 ) 
4 1189 1191 (2048 496 -400 ) (1520 496 -400 ) (1520 496 -560 ) (2048 496 -560 ) 
4 1189 1190 (1520 1024 -560 ) (1520 496 -560 ) (1520 496 -512 ) (1520 1024 -512 ) 
4 1190 1204 (1504 1024 -528 ) (1504 1024 -560 ) (1504 496 -560 ) (1504 496 -528 ) 
4 1191 1323 (2048 0 -560 ) (2048 0 -400 ) (1520 0 -400 ) (1520 0 -560 ) 
4 1191 1227 (1600 128 -560 ) (1600 496 -560 ) (1664 496 -560 ) (1664 128 -560 ) 
4 1191 1226 (2048 0 -560 ) (1840 0 -560 ) (1840 128 -560 ) (2048 128 -560 ) 
4 1191 1224 (1968 496 -560 ) (2048 496 -560 ) (2048 128 -560 ) (1968 128 -560 ) 
4 1191 1192 (1520 304 -560 ) (1520 0 -560 ) (1520 0 -400 ) (1520 304 -400 ) 
4 1192 1323 (1520 0 -400 ) (1504 0 -400 ) (1504 0 -560 ) (1520 0 -560 ) 
4 1192 1209 (1504 288 -560 ) (1504 0 -560 ) (1504 0 -528 ) (1504 288 -528 ) 
4 1192 1203 (1504 0 -528 ) (1504 0 -400 ) (1504 288 -400 ) (1504 288 -528 ) 
4 1193 1210 (1408 1024 1107.810059 ) (1408 1024 -384 ) (1408 688 -384 ) (1408 688 1107.810059 ) 
4 1193 1195 (1408 688 1107.810059 ) (1408 688 -384 ) (1504 688 -384 ) (1504 688 1107.810059 ) 
4 1194 1212 (1408 1024 -400 ) (1408 1024 -512 ) (1408 688 -512 ) (1408 688 -400 ) 
4 1194 1197 (1408 688 -400 ) (1408 688 -512 ) (1504 688 -512 ) (1504 688 -400 ) 
4 1195 1210 (1408 304 1107.810059 ) (1408 688 1107.810059 ) (1408 688 -384 ) (1408 304 -384 ) 
4 1195 1196 (1504 304 -384 ) (1504 304 1107.810059 ) (1408 304 1107.810059 ) (1408 304 -384 ) 
4 1196 1323 (1408 0 1107.810059 ) (1408 0 -400 ) (1504 0 -400 ) (1504 0 1107.810059 ) 
4 1196 1211 (1408 0 -400 ) (1408 0 -384 ) (1408 304 -384 ) (1408 304 -400 ) 
4 1196 1210 (1408 0 -384 ) (1408 0 1107.810059 ) (1408 304 1107.810059 ) (1408 304 -384 ) 
4 1196 1203 (1408 0 -400 ) (1408 288 -400 ) (1504 288 -400 ) (1504 0 -400 ) 
4 1197 1215 (1408 496 -400 ) (1408 592 -400 ) (1408 592 -512 ) (1408 496 -512 ) 
4 1197 1198 (1504 496 -512 ) (1504 496 -400 ) (1408 496 -400 ) (1408 496 -512 ) 
4 1198 1200 (1504 488 -512 ) (1504 488 -400 ) (1408 488 -400 ) (1408 488 -512 ) 
4 1199 1204 (1408 488 -528 ) (1408 496 -528 ) (1504 496 -528 ) (1504 488 -528 ) 
4 1199 1201 (1408 488 -528 ) (1504 488 -528 ) (1504 488 -520 ) (1408 488 -520 ) 
4 1200 1202 (1504 480 -520 ) (1504 480 -400 ) (1408 480 -400 ) (1408 480 -520 ) 
4 1201 1204 (1408 480 -528 ) (1408 488 -528 ) (1504 488 -528 ) (1504 480 -528 ) 
4 1202 1207 (1408 448 -528 ) (1408 456 -528 ) (1504 456 -528 ) (1504 448 -528 ) 
4 1202 1208 (1408 304 -528 ) (1408 448 -528 ) (1504 448 -528 ) (1504 304 -528 ) 
4 1202 1205 (1408 464 -528 ) (1408 472 -528 ) (1504 472 -528 ) (1504 464 -528 ) 
4 1202 1206 (1408 456 -528 ) (1408 464 -528 ) (1504 464 -528 ) (1504 456 -528 ) 
4 1203 1323 (1408 0 -400 ) (1408 0 -528 ) (1504 0 -528 ) (1504 0 -400 ) 
4 1203 1221 (1408 0 -528 ) (1408 0 -512 ) (1408 288 -512 ) (1408 288 -528 ) 
4 1203 1217 (1408 0 -512 ) (1408 0 -400 ) (1408 288 -400 ) (1408 288 -512 ) 
4 1203 1209 (1408 0 -528 ) (1408 288 -528 ) (1504 288 -528 ) (1504 0 -528 ) 
4 1204 1229 (1408 448 -560 ) (1408 512 -560 ) (1504 512 -560 ) (1504 448 -560 ) 
4 1204 1228 (1408 664 -560 ) (1408 928 -560 ) (1456 928 -560 ) (1456 664 -560 ) 
4 1204 1219 (1408 1024 -560 ) (1408 480 -560 ) (1408 480 -528 ) (1408 1024 -528 ) 
4 1205 1206 (1504 464 -536 ) (1504 464 -528 ) (1408 464 -528 ) (1408 464 -536 ) 
4 1206 1207 (1504 456 -544 ) (1504 456 -528 ) (1408 456 -528 ) (1408 456 -544 ) 
4 1207 1208 (1504 448 -552 ) (1504 448 -528 ) (1408 448 -528 ) (1408 448 -552 ) 
4 1208 1232 (1408 304 -560 ) (1408 432 -560 ) (1504 432 -560 ) (1504 304 -560 ) 
4 1208 1230 (1408 432 -560 ) (1408 440 -560 ) (1504 440 -560 ) (1504 432 -560 ) 
4 1209 1323 (1408 0 -528 ) (1408 0 -560 ) (1504 0 -560 ) (1504 0 -528 ) 
4 1209 1221 (1408 288 -560 ) (1408 0 -560 ) (1408 0 -528 ) (1408 288 -528 ) 
4 1210 1400 (1024 928 -384 ) (1024 0 -384 ) (1024 0 1107.810059 ) (1024 928 1107.810059 ) 
4 1210 1390 (1024 1024 1107.810059 ) (1024 1024 -384 ) (1024 928 -384 ) (1024 928 1107.810059 ) 
4 1210 1323 (1024 0 1107.810059 ) (1024 0 -384 ) (1408 0 -384 ) (1408 0 1107.810059 ) 
4 1210 1211 (1408 416 -384 ) (1408 0 -384 ) (1024 0 -384 ) (1024 416 -384 ) 
4 1211 1404 (1024 416 -400 ) (1024 0 -400 ) (1024 0 -384 ) (1024 416 -384 ) 
4 1211 1323 (1024 0 -384 ) (1024 0 -400 ) (1408 0 -400 ) (1408 0 -384 ) 
4 1211 1217 (1408 304 -400 ) (1408 0 -400 ) (1392 0 -400 ) (1392 304 -400 ) 
4 1211 1218 (1024 0 -400 ) (1024 400 -400 ) (1392 400 -400 ) (1392 0 -400 ) 
4 1212 1213 (1104 1024 -512 ) (1104 688 -512 ) (1104 688 -400 ) (1104 1024 -400 ) 
4 1213 1406 (1024 928 -512 ) (1024 688 -512 ) (1024 688 -400 ) (1024 928 -400 ) 
4 1213 1394 (1024 1024 -496 ) (1024 1024 -512 ) (1024 928 -512 ) (1024 928 -496 ) 
4 1213 1392 (1024 1024 -400 ) (1024 1024 -496 ) (1024 928 -496 ) (1024 928 -400 ) 
4 1213 1214 (1024 672 -512 ) (1104 672 -512 ) (1104 672 -400 ) (1024 672 -400 ) 
4 1214 1407 (1024 672 -512 ) (1024 592 -512 ) (1024 592 -400 ) (1024 672 -400 ) 
4 1214 1216 (1024 592 -512 ) (1391.110107 592 -512 ) (1391.110107 592 -400 ) (1024 592 -400 ) 
4 1215 1216 (1392 592 -400 ) (1392 592 -512 ) (1392 496 -512 ) (1392 496 -400 ) 
4 1216 1407 (1024 592 -512 ) (1024 416 -512 ) (1024 416 -400 ) (1024 592 -400 ) 
4 1217 1323 (1392 0 -512 ) (1408 0 -512 ) (1408 0 -400 ) (1392 0 -400 ) 
4 1217 1221 (1408 304 -512 ) (1408 0 -512 ) (1392 0 -512 ) (1392 304 -512 ) 
4 1217 1218 (1392 304 -512 ) (1392 0 -512 ) (1392 0 -400 ) (1392 304 -400 ) 
4 1218 1408 (1024 400 -512 ) (1024 0 -512 ) (1024 0 -400 ) (1024 400 -400 ) 
4 1218 1323 (1024 0 -400 ) (1024 0 -512 ) (1392 0 -512 ) (1392 0 -400 ) 
4 1218 1222 (1392 0 -512 ) (1024 0 -512 ) (1024 400 -512 ) (1392 400 -512 ) 
4 1219 1234 (1408 512 -560 ) (1408 480 -560 ) (1392 480 -560 ) (1392 512 -560 ) 
4 1219 1233 (1408 928 -560 ) (1408 664 -560 ) (1392 664 -560 ) (1392 928 -560 ) 
4 1219 1220 (1392 1024 -560 ) (1392 480 -560 ) (1392 480 -528 ) (1392 1024 -528 ) 
4 1220 1421 (1024 704 -560 ) (1024 400 -560 ) (1024 400 -528 ) (1024 704 -528 ) 
4 1220 1417 (1024 720 -560 ) (1024 704 -560 ) (1024 704 -528 ) (1024 720 -528 ) 
4 1220 1411 (1024 928 -560 ) (1024 912 -560 ) (1024 912 -528 ) (1024 928 -528 ) 
4 1220 1412 (1024 912 -560 ) (1024 720 -560 ) (1024 720 -528 ) (1024 912 -528 ) 
4 1220 1395 (1024 1024 -528 ) (1024 1024 -560 ) (1024 928 -560 ) (1024 928 -528 ) 
4 1220 1237 (1024 704 -560 ) (1024 928 -560 ) (1344 928 -560 ) (1344 704 -560 ) 
4 1220 1236 (1392 512 -560 ) (1392 400 -560 ) (1344 400 -560 ) (1344 512 -560 ) 
4 1220 1233 (1344 928 -560 ) (1392 928 -560 ) (1392 664 -560 ) (1344 664 -560 ) 
4 1220 1222 (1024 400 -560 ) (1392 400 -560 ) (1392 400 -528 ) (1024 400 -528 ) 
4 1221 1323 (1392 0 -560 ) (1408 0 -560 ) (1408 0 -512 ) (1392 0 -512 ) 
4 1221 1235 (1408 0 -560 ) (1392 0 -560 ) (1392 304 -560 ) (1408 304 -560 ) 
4 1221 1222 (1392 304 -560 ) (1392 0 -560 ) (1392 0 -512 ) (1392 304 -512 ) 
4 1222 1423 (1024 80 -560 ) (1024 64 -560 ) (1024 64 -512 ) (1024 80 -512 ) 
4 1222 1424 (1024 64 -560 ) (1024 0 -560 ) (1024 0 -512 ) (1024 64 -512 ) 
4 1222 1421 (1024 400 -560 ) (1024 80 -560 ) (1024 80 -528 ) (1024 400 -528 ) 
4 1222 1419 (1024 80 -528 ) (1024 80 -512 ) (1024 400 -512 ) (1024 400 -528 ) 
4 1222 1323 (1024 0 -512 ) (1024 0 -560 ) (1392 0 -560 ) (1392 0 -512 ) 
4 1222 1238 (1344 0 -560 ) (1184 0 -560 ) (1184 80 -560 ) (1344 80 -560 ) 
4 1222 1239 (1056 0 -560 ) (1024 0 -560 ) (1024 80 -560 ) (1056 80 -560 ) 
4 1222 1236 (1392 0 -560 ) (1344 0 -560 ) (1344 400 -560 ) (1392 400 -560 ) 
4 1223 1240 (1704 1024 -576 ) (2048 1024 -576 ) (2048 928 -576 ) (1704 928 -576 ) 
4 1223 1225 (1696 928 -576 ) (1968 928 -576 ) (1968 928 -560 ) (1696 928 -560 ) 
4 1223 1224 (1968 928 -576 ) (2048 928 -576 ) (2048 928 -560 ) (1968 928 -560 ) 
4 1224 1246 (2048 224 -576 ) (2048 128 -576 ) (1984 128 -576 ) (1984 224 -576 ) 
4 1224 1244 (2048 240 -576 ) (2048 224 -576 ) (1984 224 -576 ) (1984 240 -576 ) 
4 1224 1242 (1984 928 -576 ) (2048 928 -576 ) (2048 240 -576 ) (1984 240 -576 ) 
4 1224 1226 (1968 128 -576 ) (2048 128 -576 ) (2048 128 -560 ) (1968 128 -560 ) 
4 1224 1225 (1968 928 -560 ) (1968 928 -576 ) (1968 920 -576 ) (1968 920 -560 ) 
4 1226 1324 (2048 0 -576 ) (2048 0 -560 ) (1840 0 -560 ) (1840 0 -576 ) 
4 1226 1249 (2048 128 -576 ) (2048 0 -576 ) (1856 0 -576 ) (1856 128 -576 ) 
4 1227 1263 (1616 144 -576 ) (1616 656 -576 ) (1648 656 -576 ) (1648 144 -576 ) 
4 1228 1273 (1440 704 -576 ) (1440 672 -576 ) (1408 672 -576 ) (1408 704 -576 ) 
4 1228 1272 (1440 720 -576 ) (1440 704 -576 ) (1408 704 -576 ) (1408 720 -576 ) 
4 1228 1271 (1440 912 -576 ) (1440 720 -576 ) (1408 720 -576 ) (1408 912 -576 ) 
4 1228 1233 (1408 928 -560 ) (1408 928 -576 ) (1408 664 -576 ) (1408 664 -560 ) 
4 1229 1277 (1488 440 -576 ) (1408 440 -576 ) (1408 496 -576 ) (1488 496 -576 ) 
4 1229 1234 (1408 512 -576 ) (1408 480 -576 ) (1408 480 -560 ) (1408 512 -560 ) 
4 1229 1231 (1408 440 -568 ) (1408 440 -576 ) (1504 440 -576 ) (1504 440 -568 ) 
4 1230 1232 (1408 432 -560 ) (1408 432 -568 ) (1504 432 -568 ) (1504 432 -560 ) 
4 1231 1277 (1488 432 -576 ) (1408 432 -576 ) (1408 440 -576 ) (1488 440 -576 ) 
4 1232 1290 (1504 352 -576 ) (1504 344 -576 ) (1408 344 -576 ) (1408 352 -576 ) 
4 1232 1291 (1504 344 -576 ) (1504 304 -576 ) (1408 304 -576 ) (1408 344 -576 ) 
4 1232 1288 (1504 368 -576 ) (1504 360 -576 ) (1408 360 -576 ) (1408 368 -576 ) 
4 1232 1289 (1504 360 -576 ) (1504 352 -576 ) (1408 352 -576 ) (1408 360 -576 ) 
4 1232 1282 (1504 416 -576 ) (1504 408 -576 ) (1408 408 -576 ) (1408 416 -576 ) 
4 1232 1283 (1504 408 -576 ) (1504 368 -576 ) (1408 368 -576 ) (1408 408 -576 ) 
4 1232 1281 (1504 424 -576 ) (1504 416 -576 ) (1408 416 -576 ) (1408 424 -576 ) 
4 1233 1273 (1408 704 -576 ) (1408 672 -576 ) (1360 672 -576 ) (1360 704 -576 ) 
4 1233 1272 (1408 720 -576 ) (1408 704 -576 ) (1344 704 -576 ) (1344 720 -576 ) 
4 1233 1271 (1408 912 -576 ) (1408 720 -576 ) (1344 720 -576 ) (1344 912 -576 ) 
4 1233 1237 (1344 928 -560 ) (1344 928 -576 ) (1344 704 -576 ) (1344 704 -560 ) 
4 1234 1277 (1408 496 -576 ) (1408 480 -576 ) (1392 480 -576 ) (1392 496 -576 ) 
4 1234 1236 (1392 512 -560 ) (1392 512 -576 ) (1392 480 -576 ) (1392 480 -560 ) 
4 1235 1326 (1408 0 -560 ) (1392 0 -560 ) (1392 0 -576 ) (1408 0 -576 ) 
4 1235 1236 (1392 304 -576 ) (1392 0 -576 ) (1392 0 -560 ) (1392 304 -560 ) 
4 1236 1326 (1392 0 -560 ) (1344 0 -560 ) (1344 0 -576 ) (1392 0 -576 ) 
4 1236 1299 (1392 0 -576 ) (1344 0 -576 ) (1344 80 -576 ) (1392 80 -576 ) 
4 1236 1297 (1360 432 -576 ) (1392 432 -576 ) (1392 80 -576 ) (1360 80 -576 ) 
4 1236 1277 (1392 496 -576 ) (1392 432 -576 ) (1360 432 -576 ) (1360 496 -576 ) 
4 1236 1238 (1344 80 -576 ) (1344 0 -576 ) (1344 0 -560 ) (1344 80 -560 ) 
4 1237 1417 (1024 720 -576 ) (1024 704 -576 ) (1024 704 -560 ) (1024 720 -560 ) 
4 1237 1411 (1024 928 -576 ) (1024 912 -576 ) (1024 912 -560 ) (1024 928 -560 ) 
4 1237 1412 (1024 912 -576 ) (1024 720 -576 ) (1024 720 -560 ) (1024 912 -560 ) 
4 1237 1271 (1024 720 -576 ) (1024 912 -576 ) (1344 912 -576 ) (1344 720 -576 ) 
4 1238 1326 (1344 0 -560 ) (1184 0 -560 ) (1184 0 -576 ) (1344 0 -576 ) 
4 1238 1300 (1344 64 -576 ) (1344 0 -576 ) (1216 0 -576 ) (1216 64 -576 ) 
4 1239 1423 (1024 80 -576 ) (1024 64 -576 ) (1024 64 -560 ) (1024 80 -560 ) 
4 1239 1424 (1024 64 -576 ) (1024 0 -576 ) (1024 0 -560 ) (1024 64 -560 ) 
4 1239 1330 (1056 0 -560 ) (1024 0 -560 ) (1024 0 -576 ) (1056 0 -576 ) 
4 1239 1302 (1024 0 -576 ) (1024 64 -576 ) (1040 64 -576 ) (1040 0 -576 ) 
4 1240 1303 (1704 1024 -704 ) (2048 1024 -704 ) (2048 928 -704 ) (1704 928 -704 ) 
4 1240 1242 (1984 928 -704 ) (2048 928 -704 ) (2048 928 -576 ) (1984 928 -576 ) 
4 1241 1254 (1664 1024 -704 ) (1664 928 -704 ) (1664 928 -656 ) (1664 1024 -656 ) 
4 1241 1251 (1664 928 -656 ) (1664 928 -576 ) (1664 1024 -576 ) (1664 1024 -656 ) 
4 1242 1305 (1984 928 -704 ) (2048 928 -704 ) (2048 240 -704 ) (1984 240 -704 ) 
4 1242 1244 (1984 240 -704 ) (2048 240 -704 ) (2048 240 -576 ) (1984 240 -576 ) 
4 1243 1306 (1664 240 -704 ) (1664 920 -704 ) (1968 920 -704 ) (1968 240 -704 ) 
4 1243 1255 (1664 880 -704 ) (1664 832 -704 ) (1664 832 -656 ) (1664 880 -656 ) 
4 1243 1252 (1664 832 -576 ) (1664 880 -576 ) (1664 880 -656 ) (1664 832 -656 ) 
4 1243 1253 (1664 672 -576 ) (1664 800 -576 ) (1664 800 -656 ) (1664 672 -656 ) 
4 1243 1245 (1744 240 -704 ) (1840 240 -704 ) (1840 240 -576 ) (1744 240 -576 ) 
4 1244 1305 (1984 240 -704 ) (2048 240 -704 ) (2048 224 -704 ) (1984 224 -704 ) 
4 1244 1246 (1984 224 -704 ) (2048 224 -704 ) (2048 224 -576 ) (1984 224 -576 ) 
4 1245 1247 (1744 224 -704 ) (1840 224 -704 ) (1840 224 -576 ) (1744 224 -576 ) 
4 1246 1305 (1984 224 -704 ) (2048 224 -704 ) (2048 128 -704 ) (1984 128 -704 ) 
4 1246 1249 (1984 128 -704 ) (2048 128 -704 ) (2048 128 -576 ) (1984 128 -576 ) 
4 1247 1248 (1760 144 -704 ) (1840 144 -704 ) (1840 144 -576 ) (1760 144 -576 ) 
4 1248 1250 (1760 128 -704 ) (1840 128 -704 ) (1840 128 -576 ) (1760 128 -576 ) 
4 1249 1332 (2048 0 -704 ) (2048 0 -576 ) (1856 0 -576 ) (1856 0 -704 ) 
4 1249 1308 (1984 0 -704 ) (1856 0 -704 ) (1856 128 -704 ) (1984 128 -704 ) 
4 1249 1305 (2048 0 -704 ) (1984 0 -704 ) (1984 128 -704 ) (2048 128 -704 ) 
4 1250 1333 (1840 0 -576 ) (1664 0 -576 ) (1664 0 -704 ) (1840 0 -704 ) 
4 1250 1262 (1664 128 -704 ) (1664 0 -704 ) (1664 0 -576 ) (1664 128 -576 ) 
4 1251 1256 (1656 928 -576 ) (1656 1024 -576 ) (1656 1024 -656 ) (1656 928 -656 ) 
4 1251 1254 (1656 928 -656 ) (1656 1024 -656 ) (1664 1024 -656 ) (1664 928 -656 ) 
4 1252 1258 (1656 832 -576 ) (1656 880 -576 ) (1656 880 -656 ) (1656 832 -656 ) 
4 1252 1255 (1656 832 -656 ) (1656 880 -656 ) (1664 880 -656 ) (1664 832 -656 ) 
4 1253 1258 (1656 672 -576 ) (1656 800 -576 ) (1656 800 -656 ) (1656 672 -656 ) 
4 1254 1256 (1656 1024 -704 ) (1656 928 -704 ) (1656 928 -656 ) (1656 1024 -656 ) 
4 1255 1258 (1656 880 -704 ) (1656 832 -704 ) (1656 832 -656 ) (1656 880 -656 ) 
4 1256 1267 (1504 1024 -704 ) (1504 928 -704 ) (1504 928 -576 ) (1504 1024 -576 ) 
4 1256 1257 (1584 928 -704 ) (1640 928 -704 ) (1640 928 -576 ) (1584 928 -576 ) 
4 1256 1261 (1504 928 -576 ) (1504 928 -704 ) (1552 928 -704 ) (1552 928 -576 ) 
4 1257 1258 (1584 920 -704 ) (1640 920 -704 ) (1640 920 -576 ) (1584 920 -576 ) 
4 1258 1259 (1560 824 -576 ) (1560 864 -576 ) (1560 864 -656 ) (1560 824 -656 ) 
4 1258 1260 (1560 664 -656 ) (1560 664 -576 ) (1560 760 -576 ) (1560 760 -656 ) 
4 1259 1261 (1552 864 -656 ) (1552 824 -656 ) (1552 824 -576 ) (1552 864 -576 ) 
4 1260 1261 (1552 760 -656 ) (1552 664 -656 ) (1552 664 -576 ) (1552 760 -576 ) 
4 1261 1267 (1504 928 -704 ) (1504 656 -704 ) (1504 656 -576 ) (1504 928 -576 ) 
4 1261 1266 (1504 656 -576 ) (1504 656 -704 ) (1552 656 -704 ) (1552 656 -576 ) 
4 1262 1333 (1664 0 -576 ) (1648 0 -576 ) (1648 0 -704 ) (1664 0 -704 ) 
4 1262 1264 (1648 128 -704 ) (1648 0 -704 ) (1648 0 -576 ) (1648 128 -576 ) 
4 1263 1317 (1616 144 -704 ) (1616 304 -704 ) (1648 304 -704 ) (1648 144 -704 ) 
4 1263 1315 (1616 304 -704 ) (1616 656 -704 ) (1648 656 -704 ) (1648 304 -704 ) 
4 1264 1333 (1648 0 -576 ) (1616 0 -576 ) (1616 0 -704 ) (1648 0 -704 ) 
4 1264 1265 (1616 128 -704 ) (1616 0 -704 ) (1616 0 -576 ) (1616 128 -576 ) 
4 1265 1333 (1616 0 -576 ) (1600 0 -576 ) (1600 0 -704 ) (1616 0 -704 ) 
4 1265 1266 (1600 128 -704 ) (1600 0 -704 ) (1600 0 -576 ) (1600 128 -576 ) 
4 1266 1333 (1600 0 -576 ) (1504 0 -576 ) (1504 0 -704 ) (1600 0 -704 ) 
4 1266 1296 (1504 304 -704 ) (1504 0 -704 ) (1504 0 -696 ) (1504 304 -696 ) 
4 1266 1294 (1504 312 -672 ) (1504 320 -672 ) (1504 320 -688 ) (1504 312 -688 ) 
4 1266 1295 (1504 0 -696 ) (1504 0 -672 ) (1504 312 -672 ) (1504 312 -696 ) 
4 1266 1293 (1504 320 -672 ) (1504 328 -672 ) (1504 328 -680 ) (1504 320 -680 ) 
4 1266 1292 (1504 0 -672 ) (1504 0 -664 ) (1504 336 -664 ) (1504 336 -672 ) 
4 1266 1290 (1504 344 -576 ) (1504 352 -576 ) (1504 352 -656 ) (1504 344 -656 ) 
4 1266 1291 (1504 0 -664 ) (1504 0 -576 ) (1504 344 -576 ) (1504 344 -664 ) 
4 1266 1288 (1504 360 -576 ) (1504 368 -576 ) (1504 368 -640 ) (1504 360 -640 ) 
4 1266 1289 (1504 352 -576 ) (1504 360 -576 ) (1504 360 -648 ) (1504 352 -648 ) 
4 1266 1286 (1504 384 -624 ) (1504 376 -624 ) (1504 376 -608 ) (1504 384 -608 ) 
4 1266 1287 (1504 376 -632 ) (1504 368 -632 ) (1504 368 -608 ) (1504 376 -608 ) 
4 1266 1285 (1504 392 -616 ) (1504 384 -616 ) (1504 384 -608 ) (1504 392 -608 ) 
4 1266 1284 (1504 400 -608 ) (1504 368 -608 ) (1504 368 -600 ) (1504 400 -600 ) 
4 1266 1282 (1504 408 -576 ) (1504 416 -576 ) (1504 416 -592 ) (1504 408 -592 ) 
4 1266 1283 (1504 368 -576 ) (1504 408 -576 ) (1504 408 -600 ) (1504 368 -600 ) 
4 1266 1281 (1504 416 -576 ) (1504 424 -576 ) (1504 424 -584 ) (1504 416 -584 ) 
4 1266 1267 (1504 656 -704 ) (1504 512 -704 ) (1504 512 -576 ) (1504 656 -576 ) 
4 1267 1268 (1456 1024 -704 ) (1456 928 -704 ) (1456 928 -576 ) (1456 1024 -576 ) 
4 1267 1269 (1456 656 -704 ) (1456 512 -704 ) (1456 512 -576 ) (1456 656 -576 ) 
4 1268 1270 (1440 1024 -704 ) (1440 928 -704 ) (1440 928 -576 ) (1440 1024 -576 ) 
4 1269 1274 (1440 656 -704 ) (1440 512 -704 ) (1440 512 -576 ) (1440 656 -576 ) 
4 1270 1398 (1024 1024 -576 ) (1024 1024 -704 ) (1024 928 -704 ) (1024 928 -576 ) 
4 1271 1412 (1024 912 -704 ) (1024 720 -704 ) (1024 720 -576 ) (1024 912 -576 ) 
4 1271 1314 (1024 720 -704 ) (1024 912 -704 ) (1344 912 -704 ) (1344 720 -704 ) 
4 1271 1313 (1344 912 -704 ) (1440 912 -704 ) (1440 720 -704 ) (1344 720 -704 ) 
4 1271 1272 (1344 720 -704 ) (1440 720 -704 ) (1440 720 -576 ) (1344 720 -576 ) 
4 1272 1313 (1344 720 -704 ) (1440 720 -704 ) (1440 704 -704 ) (1344 704 -704 ) 
4 1272 1273 (1360 704 -704 ) (1440 704 -704 ) (1440 704 -576 ) (1360 704 -576 ) 
4 1273 1313 (1360 704 -704 ) (1440 704 -704 ) (1440 672 -704 ) (1360 672 -704 ) 
4 1274 1275 (1360 656 -704 ) (1360 512 -704 ) (1360 512 -576 ) (1360 656 -576 ) 
4 1275 1276 (1344 656 -704 ) (1344 512 -704 ) (1344 512 -576 ) (1344 656 -576 ) 
4 1276 1422 (1024 704 -704 ) (1024 512 -704 ) (1024 512 -576 ) (1024 704 -576 ) 
4 1276 1280 (1024 512 -704 ) (1344 512 -704 ) (1344 512 -576 ) (1024 512 -576 ) 
4 1277 1316 (1488 496 -704 ) (1488 432 -704 ) (1360 432 -704 ) (1360 496 -704 ) 
4 1277 1278 (1408 432 -704 ) (1488 432 -704 ) (1488 432 -576 ) (1408 432 -576 ) 
4 1277 1279 (1360 432 -576 ) (1360 432 -704 ) (1392 432 -704 ) (1392 432 -576 ) 
4 1278 1316 (1488 432 -704 ) (1488 304 -704 ) (1408 304 -704 ) (1408 432 -704 ) 
4 1279 1316 (1392 304 -704 ) (1360 304 -704 ) (1360 432 -704 ) (1392 432 -704 ) 
4 1279 1297 (1360 304 -704 ) (1392 304 -704 ) (1392 432 -576 ) (1360 432 -576 ) 
4 1280 1422 (1024 512 -704 ) (1024 304 -704 ) (1024 432 -576 ) (1024 512 -576 ) 
4 1280 1298 (1024 304 -704 ) (1344 304 -704 ) (1344 432 -576 ) (1024 432 -576 ) 
4 1281 1282 (1408 416 -576 ) (1408 416 -584 ) (1504 416 -584 ) (1504 416 -576 ) 
4 1282 1283 (1408 408 -576 ) (1408 408 -592 ) (1504 408 -592 ) (1504 408 -576 ) 
4 1283 1288 (1408 368 -576 ) (1408 368 -600 ) (1504 368 -600 ) (1504 368 -576 ) 
4 1283 1284 (1504 368 -600 ) (1408 368 -600 ) (1408 400 -600 ) (1504 400 -600 ) 
4 1284 1288 (1408 368 -600 ) (1408 368 -608 ) (1504 368 -608 ) (1504 368 -600 ) 
4 1284 1286 (1408 376 -608 ) (1408 384 -608 ) (1504 384 -608 ) (1504 376 -608 ) 
4 1284 1287 (1504 368 -608 ) (1408 368 -608 ) (1408 376 -608 ) (1504 376 -608 ) 
4 1284 1285 (1408 384 -608 ) (1408 392 -608 ) (1504 392 -608 ) (1504 384 -608 ) 
4 1285 1286 (1504 384 -608 ) (1408 384 -608 ) (1408 384 -616 ) (1504 384 -616 ) 
4 1286 1287 (1504 376 -624 ) (1504 376 -608 ) (1408 376 -608 ) (1408 376 -624 ) 
4 1287 1288 (1408 368 -608 ) (1408 368 -632 ) (1504 368 -632 ) (1504 368 -608 ) 
4 1288 1289 (1408 360 -576 ) (1408 360 -640 ) (1504 360 -640 ) (1504 360 -576 ) 
4 1289 1290 (1408 352 -576 ) (1408 352 -648 ) (1504 352 -648 ) (1504 352 -576 ) 
4 1290 1291 (1408 344 -576 ) (1408 344 -656 ) (1504 344 -656 ) (1504 344 -576 ) 
4 1291 1333 (1504 0 -576 ) (1408 0 -576 ) (1408 0 -664 ) (1504 0 -664 ) 
4 1291 1292 (1408 0 -664 ) (1408 336 -664 ) (1504 336 -664 ) (1504 0 -664 ) 
4 1292 1333 (1408 0 -664 ) (1408 0 -672 ) (1504 0 -672 ) (1504 0 -664 ) 
4 1292 1294 (1408 312 -672 ) (1408 320 -672 ) (1504 320 -672 ) (1504 312 -672 ) 
4 1292 1295 (1408 0 -672 ) (1408 312 -672 ) (1504 312 -672 ) (1504 0 -672 ) 
4 1292 1293 (1408 320 -672 ) (1408 328 -672 ) (1504 328 -672 ) (1504 320 -672 ) 
4 1293 1294 (1504 320 -672 ) (1408 320 -672 ) (1408 320 -680 ) (1504 320 -680 ) 
4 1294 1295 (1504 312 -688 ) (1504 312 -672 ) (1408 312 -672 ) (1408 312 -688 ) 
4 1295 1333 (1408 0 -672 ) (1408 0 -696 ) (1504 0 -696 ) (1504 0 -672 ) 
4 1295 1296 (1408 0 -696 ) (1408 304 -696 ) (1504 304 -696 ) (1504 0 -696 ) 
4 1296 1333 (1408 0 -696 ) (1408 0 -704 ) (1504 0 -704 ) (1504 0 -696 ) 
4 1297 1319 (1392 128 -704 ) (1392 80 -704 ) (1360 80 -704 ) (1360 128 -704 ) 
4 1297 1318 (1360 304 -704 ) (1392 304 -704 ) (1392 128 -704 ) (1360 128 -704 ) 
4 1297 1299 (1360 80 -704 ) (1392 80 -704 ) (1392 80 -576 ) (1360 80 -576 ) 
4 1298 1422 (1024 304 -704 ) (1024 80 -704 ) (1024 80 -576 ) (1024 432 -576 ) 
4 1298 1301 (1056 80 -704 ) (1184 80 -704 ) (1184 80 -576 ) (1056 80 -576 ) 
4 1299 1319 (1392 0 -704 ) (1344 0 -704 ) (1344 80 -704 ) (1392 80 -704 ) 
4 1299 1300 (1344 64 -704 ) (1344 0 -704 ) (1344 0 -576 ) (1344 64 -576 ) 
4 1300 1320 (1344 0 -704 ) (1216 0 -704 ) (1216 64 -704 ) (1344 64 -704 ) 
4 1301 1336 (1184 0 -576 ) (1056 0 -576 ) (1056 0 -704 ) (1184 0 -704 ) 
4 1302 1424 (1024 64 -704 ) (1024 0 -704 ) (1024 0 -576 ) (1024 64 -576 ) 
4 1302 1346 (1040 0 -576 ) (1024 0 -576 ) (1024 0 -704 ) (1040 0 -704 ) 
4 1302 1321 (1040 0 -704 ) (1024 0 -704 ) (1024 64 -704 ) (1040 64 -704 ) 
4 1303 1305 (2048 928 -704 ) (1984 928 -704 ) (1984 928 -720 ) (2048 928 -720 ) 
4 1303 1304 (2048 928 -720 ) (1696 928 -720 ) (1696 1024 -720 ) (2048 1024 -720 ) 
4 1304 1399 (1024 1024 -720 ) (1024 1024 -2387.810059 ) (1024 928 -2387.810059 ) (1024 928 -720 ) 
4 1304 1322 (1024 928 -720 ) (1024 928 -2387.810059 ) (1648 928 -2387.810059 ) (1648 928 -720 ) 
4 1304 1312 (1648 928 -2387.810059 ) (1984 928 -2387.810059 ) (1984 928 -800 ) (1648 928 -800 ) 
4 1304 1310 (1984 928 -2387.810059 ) (2048 928 -2387.810059 ) (2048 928 -784 ) (1984 928 -784 ) 
4 1304 1305 (2048 928 -784 ) (2048 928 -720 ) (1984 928 -720 ) (1984 928 -784 ) 
4 1305 1353 (2048 0 -784 ) (2048 0 -720 ) (1984 0 -720 ) (1984 0 -784 ) 
4 1305 1349 (2048 0 -720 ) (2048 0 -704 ) (1984 0 -704 ) (1984 0 -720 ) 
4 1305 1310 (1984 928 -784 ) (2048 928 -784 ) (2048 0 -784 ) (1984 0 -784 ) 
4 1305 1308 (1984 128 -784 ) (1984 0 -784 ) (1984 0 -704 ) (1984 128 -704 ) 
4 1305 1307 (1984 393.600037 -784 ) (1984 128 -784 ) (1984 128 -720 ) (1984 240 -720 ) 
4 1307 1322 (1648 393.600037 -784 ) (1648 128 -784 ) (1648 128 -720 ) (1648 240 -720 ) 
4 1307 1311 (1648 128 -784 ) (1648 393.600037 -784 ) (1984 393.600037 -784 ) (1984 128 -784 ) 
4 1307 1309 (1648 128 -784 ) (1840 128 -784 ) (1840 128 -720 ) (1648 128 -720 ) 
4 1307 1308 (1840 128 -784 ) (1984 128 -784 ) (1984 128 -720 ) (1840 128 -720 ) 
4 1308 1353 (1840 0 -720 ) (1840 0 -784 ) (1984 0 -784 ) (1984 0 -720 ) 
4 1308 1349 (1984 0 -704 ) (1840 0 -704 ) (1840 0 -720 ) (1984 0 -720 ) 
4 1308 1311 (1840 128 -784 ) (1984 128 -784 ) (1984 0 -784 ) (1840 0 -784 ) 
4 1308 1309 (1840 128 -720 ) (1840 128 -784 ) (1840 0 -784 ) (1840 0 -720 ) 
4 1309 1353 (1648 0 -720 ) (1648 0 -784 ) (1840 0 -784 ) (1840 0 -720 ) 
4 1309 1322 (1648 128 -784 ) (1648 0 -784 ) (1648 0 -720 ) (1648 128 -720 ) 
4 1309 1311 (1648 0 -784 ) (1648 128 -784 ) (1840 128 -784 ) (1840 0 -784 ) 
4 1310 1353 (2048 0 -2387.810059 ) (2048 0 -784 ) (1984 0 -784 ) (1984 0 -2387.810059 ) 
4 1310 1311 (1984 0 -800 ) (1984 0 -784 ) (1984 393.600037 -784 ) (1984 432 -800 ) 
4 1310 1312 (1984 928 -2387.810059 ) (1984 0 -2387.810059 ) (1984 0 -800 ) (1984 928 -800 ) 
4 1311 1353 (1984 0 -784 ) (1648 0 -784 ) (1648 0 -800 ) (1984 0 -800 ) 
4 1311 1322 (1648 432 -800 ) (1648 0 -800 ) (1648 0 -784 ) (1648 393.600037 -784 ) 
4 1311 1312 (1648 0 -800 ) (1648 432 -800 ) (1984 432 -800 ) (1984 0 -800 ) 
4 1312 1353 (1648 0 -800 ) (1648 0 -2387.810059 ) (1984 0 -2387.810059 ) (1984 0 -800 ) 
4 1312 1322 (1648 928 -800 ) (1648 928 -2387.810059 ) (1648 0 -2387.810059 ) (1648 0 -800 ) 
4 1313 1322 (1344 928 -720 ) (1456 928 -720 ) (1456 656 -720 ) (1344 656 -720 ) 
4 1313 1314 (1344 928 -704 ) (1344 928 -720 ) (1344 704 -720 ) (1344 704 -704 ) 
4 1314 1482 (1024 704 -704 ) (1024 928 -704 ) (1024 928 -720 ) (1024 704 -720 ) 
4 1314 1322 (1024 704 -720 ) (1024 928 -720 ) (1344 928 -720 ) (1344 704 -720 ) 
4 1315 1322 (1600 656 -720 ) (1648 656 -720 ) (1648 304 -720 ) (1600 304 -720 ) 
4 1315 1317 (1600 304 -720 ) (1648 304 -720 ) (1648 304 -704 ) (1600 304 -704 ) 
4 1316 1322 (1504 512 -720 ) (1504 304 -720 ) (1344 304 -720 ) (1344 512 -720 ) 
4 1316 1318 (1344 304 -704 ) (1344 304 -720 ) (1408 304 -720 ) (1408 304 -704 ) 
4 1317 1322 (1648 304 -720 ) (1648 128 -720 ) (1600 128 -720 ) (1600 304 -720 ) 
4 1318 1322 (1408 128 -720 ) (1344 128 -720 ) (1344 304 -720 ) (1408 304 -720 ) 
4 1318 1319 (1344 128 -704 ) (1344 128 -720 ) (1408 128 -720 ) (1408 128 -704 ) 
4 1319 1350 (1408 0 -704 ) (1344 0 -704 ) (1344 0 -720 ) (1408 0 -720 ) 
4 1319 1322 (1408 0 -720 ) (1344 0 -720 ) (1344 128 -720 ) (1408 128 -720 ) 
4 1319 1320 (1344 80 -720 ) (1344 0 -720 ) (1344 0 -704 ) (1344 80 -704 ) 
4 1320 1350 (1344 0 -704 ) (1184 0 -704 ) (1184 0 -720 ) (1344 0 -720 ) 
4 1320 1322 (1184 80 -720 ) (1344 80 -720 ) (1344 0 -720 ) (1184 0 -720 ) 
4 1321 1483 (1024 0 -720 ) (1024 0 -704 ) (1024 80 -704 ) (1024 80 -720 ) 
4 1321 1354 (1056 0 -704 ) (1024 0 -704 ) (1024 0 -720 ) (1056 0 -720 ) 
4 1321 1322 (1024 0 -720 ) (1024 80 -720 ) (1056 80 -720 ) (1056 0 -720 ) 
4 1322 1485 (1024 0 -2387.810059 ) (1024 0 -720 ) (1024 928 -720 ) (1024 928 -2387.810059 ) 
4 1322 1357 (1024 0 -752 ) (1024 0 -2387.810059 ) (1056 0 -2387.810059 ) (1056 0 -752 ) 
4 1322 1356 (1056 0 -720 ) (1024 0 -720 ) (1024 0 -752 ) (1056 0 -752 ) 
4 1322 1353 (1648 0 -2387.810059 ) (1648 0 -720 ) (1056 0 -720 ) (1056 0 -2387.810059 ) 
4 1323 2315 (2048 -1024 -560 ) (2048 -1024 1107.810059 ) (1024 -1024 1107.810059 ) (1024 -1024 -560 ) 
4 1323 2024 (1024 -1024 -560 ) (1024 -1024 1107.810059 ) (1024 0 1107.810059 ) (1024 0 -560 ) 
4 1323 1331 (1056 -1024 -560 ) (1024 -1024 -560 ) (1024 -368 -560 ) (1056 -368 -560 ) 
4 1323 1330 (1024 -64 -560 ) (1024 0 -560 ) (1056 0 -560 ) (1056 -64 -560 ) 
4 1323 1328 (1296 -1024 -560 ) (1200 -1024 -560 ) (1200 -464 -560 ) (1296 -464 -560 ) 
4 1323 1327 (1600 -1024 -560 ) (1296 -1024 -560 ) (1296 -416 -560 ) (1600 -416 -560 ) 
4 1323 1329 (1200 -1024 -560 ) (1056 -1024 -560 ) (1056 -416 -560 ) (1200 -416 -560 ) 
4 1323 1326 (1184 0 -560 ) (1408 0 -560 ) (1408 -16 -560 ) (1184 -16 -560 ) 
4 1323 1325 (1840 -1024 -560 ) (1600 -1024 -560 ) (1600 -64 -560 ) (1840 -64 -560 ) 
4 1323 1324 (2048 -1024 -560 ) (1840 -1024 -560 ) (1840 0 -560 ) (2048 0 -560 ) 
4 1324 2315 (2048 -1024 -576 ) (2048 -1024 -560 ) (1840 -1024 -560 ) (1840 -1024 -576 ) 
4 1324 1360 (2048 -416 -576 ) (2048 -1024 -576 ) (1840 -1024 -576 ) (1840 -416 -576 ) 
4 1324 1337 (2048 -64 -576 ) (2048 -416 -576 ) (1840 -416 -576 ) (1840 -64 -576 ) 
4 1324 1332 (1856 0 -576 ) (2048 0 -576 ) (2048 -64 -576 ) (1856 -64 -576 ) 
4 1324 1325 (1840 -64 -576 ) (1840 -1024 -576 ) (1840 -1024 -560 ) (1840 -64 -560 ) 
4 1325 2315 (1840 -1024 -560 ) (1600 -1024 -560 ) (1600 -1024 -576 ) (1840 -1024 -576 ) 
4 1325 1360 (1840 -416 -576 ) (1840 -1024 -576 ) (1600 -1024 -576 ) (1600 -416 -576 ) 
4 1325 1338 (1840 -80 -576 ) (1840 -416 -576 ) (1600 -416 -576 ) (1600 -80 -576 ) 
4 1325 1327 (1600 -416 -576 ) (1600 -1024 -576 ) (1600 -1024 -560 ) (1600 -416 -560 ) 
4 1327 2315 (1600 -1024 -560 ) (1296 -1024 -560 ) (1296 -1024 -576 ) (1600 -1024 -576 ) 
4 1327 1364 (1296 -720 -576 ) (1296 -704 -576 ) (1312 -704 -576 ) (1312 -720 -576 ) 
4 1327 1365 (1312 -1024 -576 ) (1296 -1024 -576 ) (1296 -720 -576 ) (1312 -720 -576 ) 
4 1327 1363 (1344 -1024 -576 ) (1312 -1024 -576 ) (1312 -704 -576 ) (1344 -704 -576 ) 
4 1327 1362 (1584 -1024 -576 ) (1344 -1024 -576 ) (1344 -432 -576 ) (1584 -432 -576 ) 
4 1327 1360 (1600 -416 -576 ) (1600 -1024 -576 ) (1584 -1024 -576 ) (1584 -416 -576 ) 
4 1327 1328 (1296 -464 -576 ) (1296 -1024 -576 ) (1296 -1024 -560 ) (1296 -464 -560 ) 
4 1328 2315 (1296 -1024 -560 ) (1200 -1024 -560 ) (1200 -1024 -576 ) (1296 -1024 -576 ) 
4 1328 1381 (1200 -720 -576 ) (1200 -704 -576 ) (1296 -704 -576 ) (1296 -720 -576 ) 
4 1328 1382 (1296 -1024 -576 ) (1200 -1024 -576 ) (1200 -720 -576 ) (1296 -720 -576 ) 
4 1328 1379 (1200 -704 -576 ) (1200 -560 -576 ) (1296 -560 -576 ) (1296 -704 -576 ) 
4 1328 1329 (1200 -464 -576 ) (1200 -1024 -576 ) (1200 -1024 -560 ) (1200 -464 -560 ) 
4 1329 2315 (1200 -1024 -560 ) (1056 -1024 -560 ) (1056 -1024 -576 ) (1200 -1024 -576 ) 
4 1329 1385 (1056 -720 -576 ) (1056 -704 -576 ) (1200 -704 -576 ) (1200 -720 -576 ) 
4 1329 1386 (1200 -1024 -576 ) (1056 -1024 -576 ) (1056 -720 -576 ) (1200 -720 -576 ) 
4 1329 1383 (1056 -704 -576 ) (1056 -560 -576 ) (1200 -560 -576 ) (1200 -704 -576 ) 
4 1329 1331 (1056 -416 -576 ) (1056 -1024 -576 ) (1056 -1024 -560 ) (1056 -416 -560 ) 
4 1330 2037 (1024 -64 -560 ) (1024 0 -560 ) (1024 0 -576 ) (1024 -64 -576 ) 
4 1330 1346 (1024 -48 -576 ) (1024 0 -576 ) (1040 0 -576 ) (1040 -48 -576 ) 
4 1331 2315 (1056 -1024 -560 ) (1024 -1024 -560 ) (1024 -1024 -576 ) (1056 -1024 -576 ) 
4 1331 2039 (1024 -1024 -576 ) (1024 -1024 -560 ) (1024 -368 -560 ) (1024 -368 -576 ) 
4 1331 1385 (1024 -720 -576 ) (1024 -704 -576 ) (1056 -704 -576 ) (1056 -720 -576 ) 
4 1331 1386 (1024 -1024 -576 ) (1024 -720 -576 ) (1056 -720 -576 ) (1056 -1024 -576 ) 
4 1331 1383 (1024 -704 -576 ) (1024 -560 -576 ) (1056 -560 -576 ) (1056 -704 -576 ) 
4 1332 1351 (2048 -16 -704 ) (2048 -64 -704 ) (1856 -64 -704 ) (1856 -16 -704 ) 
4 1332 1349 (1856 0 -704 ) (2048 0 -704 ) (2048 -16 -704 ) (1856 -16 -704 ) 
4 1332 1337 (1856 -64 -704 ) (2048 -64 -704 ) (2048 -64 -576 ) (1856 -64 -576 ) 
4 1333 1339 (1408 -64 -704 ) (1584 -64 -704 ) (1584 -64 -576 ) (1408 -64 -576 ) 
4 1333 1334 (1408 -16 -704 ) (1408 -64 -704 ) (1408 -64 -576 ) (1408 -16 -576 ) 
4 1334 1340 (1376 -64 -704 ) (1408 -64 -704 ) (1408 -64 -576 ) (1376 -64 -576 ) 
4 1334 1342 (1216 -64 -704 ) (1376 -64 -704 ) (1376 -64 -576 ) (1216 -64 -576 ) 
4 1334 1335 (1216 -16 -704 ) (1216 -64 -704 ) (1216 -64 -576 ) (1216 -16 -576 ) 
4 1335 1343 (1184 -64 -704 ) (1216 -64 -704 ) (1216 -64 -576 ) (1184 -64 -576 ) 
4 1335 1336 (1184 -16 -704 ) (1184 -64 -704 ) (1184 -64 -576 ) (1184 -16 -576 ) 
4 1336 1345 (1056 -64 -576 ) (1056 -64 -704 ) (1184 -64 -704 ) (1184 -64 -576 ) 
4 1337 1360 (2048 -416 -704 ) (2048 -416 -576 ) (1840 -416 -576 ) (1840 -416 -704 ) 
4 1337 1351 (2048 -416 -704 ) (1840 -416 -704 ) (1840 -64 -704 ) (2048 -64 -704 ) 
4 1337 1338 (1840 -80 -704 ) (1840 -416 -704 ) (1840 -416 -576 ) (1840 -80 -576 ) 
4 1338 1360 (1840 -416 -576 ) (1600 -416 -576 ) (1600 -416 -704 ) (1840 -416 -704 ) 
4 1338 1352 (1840 -416 -704 ) (1600 -416 -704 ) (1600 -80 -704 ) (1840 -80 -704 ) 
4 1339 1340 (1408 -64 -576 ) (1408 -64 -704 ) (1408 -192 -704 ) (1408 -192 -576 ) 
4 1339 1341 (1408 -224 -704 ) (1408 -416 -704 ) (1408 -416 -576 ) (1408 -224 -576 ) 
4 1340 1342 (1376 -64 -576 ) (1376 -64 -704 ) (1376 -192 -704 ) (1376 -192 -576 ) 
4 1341 1342 (1376 -224 -704 ) (1376 -416 -704 ) (1376 -416 -576 ) (1376 -224 -576 ) 
4 1342 1367 (1296 -416 -576 ) (1216 -416 -576 ) (1216 -416 -704 ) (1296 -416 -704 ) 
4 1342 1343 (1216 -64 -576 ) (1216 -64 -704 ) (1216 -192 -704 ) (1216 -192 -576 ) 
4 1342 1344 (1216 -224 -704 ) (1216 -416 -704 ) (1216 -416 -576 ) (1216 -224 -576 ) 
4 1343 1345 (1184 -64 -576 ) (1184 -64 -704 ) (1184 -192 -704 ) (1184 -192 -576 ) 
4 1344 1367 (1216 -416 -576 ) (1200 -416 -576 ) (1200 -416 -704 ) (1216 -416 -704 ) 
4 1344 1345 (1184 -224 -704 ) (1184 -416 -704 ) (1184 -416 -576 ) (1184 -224 -576 ) 
4 1345 1348 (1056 -240 -704 ) (1056 -368 -704 ) (1056 -368 -592 ) (1056 -240 -592 ) 
4 1345 1347 (1056 -64 -704 ) (1056 -208 -704 ) (1056 -208 -576 ) (1056 -64 -576 ) 
4 1346 2053 (1024 -48 -576 ) (1024 0 -576 ) (1024 0 -704 ) (1024 -48 -704 ) 
4 1346 1354 (1024 -48 -704 ) (1024 0 -704 ) (1040 0 -704 ) (1040 -48 -704 ) 
4 1347 2061 (1024 -208 -576 ) (1024 -112 -576 ) (1024 -112 -704 ) (1024 -208 -704 ) 
4 1347 2056 (1024 -112 -576 ) (1024 -64 -576 ) (1024 -64 -704 ) (1024 -112 -704 ) 
4 1348 2063 (1024 -240 -592 ) (1024 -240 -704 ) (1024 -368 -704 ) (1024 -368 -592 ) 
4 1349 1353 (1840 0 -720 ) (2048 0 -720 ) (2048 -16 -720 ) (1840 -16 -720 ) 
4 1349 1351 (1840 -16 -720 ) (2048 -16 -720 ) (2048 -16 -704 ) (1840 -16 -704 ) 
4 1350 1353 (1184 0 -720 ) (1408 0 -720 ) (1408 -16 -720 ) (1184 -16 -720 ) 
4 1351 1360 (2048 -416 -720 ) (2048 -416 -704 ) (1840 -416 -704 ) (1840 -416 -720 ) 
4 1351 1353 (2048 -416 -720 ) (1840 -416 -720 ) (1840 -16 -720 ) (2048 -16 -720 ) 
4 1351 1352 (1840 -64 -720 ) (1840 -416 -720 ) (1840 -416 -704 ) (1840 -64 -704 ) 
4 1352 1360 (1840 -416 -704 ) (1584 -416 -704 ) (1584 -416 -720 ) (1840 -416 -720 ) 
4 1352 1353 (1840 -416 -720 ) (1584 -416 -720 ) (1584 -64 -720 ) (1840 -64 -720 ) 
4 1353 1389 (1056 -416 -784 ) (1056 -416 -2387.810059 ) (1296 -416 -2387.810059 ) (1296 -416 -784 ) 
4 1353 1387 (1056 -416 -768 ) (1056 -416 -784 ) (1296 -416 -784 ) (1296 -416 -768 ) 
4 1353 1373 (1296 -416 -720 ) (1200 -416 -720 ) (1200 -416 -768 ) (1296 -416 -768 ) 
4 1353 1366 (2048 -416 -2387.810059 ) (2048 -416 -768 ) (1296 -416 -768 ) (1296 -416 -2387.810059 ) 
4 1353 1361 (1584 -416 -720 ) (1344 -416 -720 ) (1344 -416 -768 ) (1584 -416 -768 ) 
4 1353 1360 (2048 -416 -768 ) (2048 -416 -720 ) (1584 -416 -720 ) (1584 -416 -768 ) 
4 1353 1359 (1056 -416 -2387.810059 ) (1056 -416 -768 ) (1056 -368 -768 ) (1056 -368 -2387.810059 ) 
4 1353 1358 (1056 -240 -736 ) (1056 -240 -2387.810059 ) (1056 -368 -2387.810059 ) (1056 -368 -736 ) 
4 1353 1357 (1056 0 -752 ) (1056 0 -2387.810059 ) (1056 -240 -2387.810059 ) (1056 -240 -752 ) 
4 1353 1356 (1056 -224 -720 ) (1056 0 -720 ) (1056 0 -752 ) (1056 -224 -752 ) 
4 1354 2073 (1024 -64 -704 ) (1024 0 -704 ) (1024 0 -720 ) (1024 -64 -720 ) 
4 1354 1356 (1024 -64 -720 ) (1024 0 -720 ) (1056 0 -720 ) (1056 -64 -720 ) 
4 1355 2077 (1024 -224 -704 ) (1024 -208 -704 ) (1024 -208 -720 ) (1024 -224 -720 ) 
4 1355 1356 (1024 -224 -720 ) (1024 -208 -720 ) (1056 -208 -720 ) (1056 -224 -720 ) 
4 1356 2077 (1024 -224 -720 ) (1024 -208 -720 ) (1024 -208 -752 ) (1024 -224 -752 ) 
4 1356 2076 (1024 -208 -720 ) (1024 0 -720 ) (1024 0 -752 ) (1024 -208 -752 ) 
4 1356 1357 (1024 -224 -752 ) (1024 0 -752 ) (1056 0 -752 ) (1056 -224 -752 ) 
4 1357 2112 (1024 -240 -2387.810059 ) (1024 -240 -784 ) (1024 0 -784 ) (1024 0 -2387.810059 ) 
4 1357 2106 (1024 -240 -784 ) (1024 -240 -768 ) (1024 0 -768 ) (1024 0 -784 ) 
4 1357 2078 (1024 -240 -768 ) (1024 -240 -752 ) (1024 -224 -752 ) (1024 -224 -768 ) 
4 1357 2077 (1024 -224 -752 ) (1024 -208 -752 ) (1024 -208 -768 ) (1024 -224 -768 ) 
4 1357 2076 (1024 -208 -752 ) (1024 0 -752 ) (1024 0 -768 ) (1024 -208 -768 ) 
4 1357 1358 (1056 -240 -2387.810059 ) (1056 -240 -752 ) (1024 -240 -752 ) (1024 -240 -2387.810059 ) 
4 1358 2112 (1024 -368 -2387.810059 ) (1024 -368 -784 ) (1024 -240 -784 ) (1024 -240 -2387.810059 ) 
4 1358 2106 (1024 -368 -784 ) (1024 -368 -768 ) (1024 -240 -768 ) (1024 -240 -784 ) 
4 1358 2079 (1024 -368 -768 ) (1024 -368 -736 ) (1024 -240 -736 ) (1024 -240 -768 ) 
4 1358 1359 (1056 -368 -2387.810059 ) (1056 -368 -768 ) (1024 -368 -768 ) (1024 -368 -2387.810059 ) 
4 1359 2112 (1024 -416 -2387.810059 ) (1024 -416 -784 ) (1024 -368 -784 ) (1024 -368 -2387.810059 ) 
4 1359 2109 (1024 -416 -784 ) (1024 -416 -768 ) (1024 -384 -768 ) (1024 -384 -784 ) 
4 1359 2106 (1024 -384 -768 ) (1024 -368 -768 ) (1024 -368 -784 ) (1024 -384 -784 ) 
4 1359 1389 (1056 -416 -2387.810059 ) (1056 -416 -784 ) (1024 -416 -784 ) (1024 -416 -2387.810059 ) 
4 1359 1387 (1056 -416 -784 ) (1056 -416 -768 ) (1024 -416 -768 ) (1024 -416 -784 ) 
4 1360 2315 (2048 -1024 -768 ) (2048 -1024 -576 ) (1584 -1024 -576 ) (1584 -1024 -768 ) 
4 1360 1366 (2048 -1024 -768 ) (1584 -1024 -768 ) (1584 -416 -768 ) (2048 -416 -768 ) 
4 1360 1361 (1584 -416 -704 ) (1584 -416 -768 ) (1584 -432 -768 ) (1584 -432 -704 ) 
4 1360 1362 (1584 -432 -768 ) (1584 -1024 -768 ) (1584 -1024 -576 ) (1584 -432 -576 ) 
4 1361 1366 (1344 -432 -768 ) (1344 -416 -768 ) (1584 -416 -768 ) (1584 -432 -768 ) 
4 1361 1362 (1344 -432 -704 ) (1344 -432 -768 ) (1584 -432 -768 ) (1584 -432 -704 ) 
4 1362 2315 (1584 -1024 -576 ) (1344 -1024 -576 ) (1344 -1024 -768 ) (1584 -1024 -768 ) 
4 1362 1366 (1584 -1024 -768 ) (1344 -1024 -768 ) (1344 -432 -768 ) (1584 -432 -768 ) 
4 1362 1363 (1344 -704 -768 ) (1344 -1024 -768 ) (1344 -1024 -576 ) (1344 -704 -576 ) 
4 1363 2315 (1344 -1024 -576 ) (1312 -1024 -576 ) (1312 -1024 -768 ) (1344 -1024 -768 ) 
4 1363 1366 (1344 -1024 -768 ) (1312 -1024 -768 ) (1312 -704 -768 ) (1344 -704 -768 ) 
4 1363 1364 (1312 -704 -576 ) (1312 -704 -640 ) (1312 -720 -640 ) (1312 -720 -576 ) 
4 1363 1365 (1312 -720 -768 ) (1312 -1024 -768 ) (1312 -1024 -576 ) (1312 -720 -576 ) 
4 1364 1381 (1296 -720 -640 ) (1296 -720 -576 ) (1296 -704 -576 ) (1296 -704 -640 ) 
4 1364 1365 (1296 -720 -576 ) (1296 -720 -640 ) (1312 -720 -640 ) (1312 -720 -576 ) 
4 1365 2315 (1312 -1024 -576 ) (1296 -1024 -576 ) (1296 -1024 -768 ) (1312 -1024 -768 ) 
4 1365 1382 (1296 -720 -768 ) (1296 -1024 -768 ) (1296 -1024 -576 ) (1296 -720 -576 ) 
4 1365 1366 (1312 -1024 -768 ) (1296 -1024 -768 ) (1296 -720 -768 ) (1312 -720 -768 ) 
4 1366 2315 (2048 -1024 -2387.810059 ) (2048 -1024 -768 ) (1296 -1024 -768 ) (1296 -1024 -2387.810059 ) 
4 1366 1389 (1296 -416 -784 ) (1296 -416 -2387.810059 ) (1296 -1024 -2387.810059 ) (1296 -1024 -784 ) 
4 1366 1387 (1296 -416 -768 ) (1296 -416 -784 ) (1296 -544 -784 ) (1296 -544 -768 ) 
4 1366 1388 (1296 -720 -784 ) (1296 -1024 -784 ) (1296 -1024 -768 ) (1296 -720 -768 ) 
4 1367 1368 (1200 -464 -576 ) (1200 -464 -704 ) (1296 -464 -704 ) (1296 -464 -576 ) 
4 1368 1380 (1200 -560 -640 ) (1200 -560 -704 ) (1296 -560 -704 ) (1296 -560 -640 ) 
4 1368 1370 (1296 -560 -704 ) (1200 -560 -704 ) (1200 -476 -704 ) (1296 -476 -704 ) 
4 1369 1371 (1200 -476 -712 ) (1200 -464 -712 ) (1296 -464 -712 ) (1296 -476 -712 ) 
4 1370 1380 (1200 -560 -704 ) (1200 -560 -712 ) (1296 -560 -712 ) (1296 -560 -704 ) 
4 1370 1372 (1296 -560 -712 ) (1200 -560 -712 ) (1200 -488 -712 ) (1296 -488 -712 ) 
4 1371 1373 (1200 -488 -720 ) (1200 -464 -720 ) (1296 -464 -720 ) (1296 -488 -720 ) 
4 1372 1380 (1200 -560 -712 ) (1200 -560 -720 ) (1296 -560 -720 ) (1296 -560 -712 ) 
4 1372 1374 (1200 -512 -720 ) (1200 -500 -720 ) (1296 -500 -720 ) (1296 -512 -720 ) 
4 1372 1375 (1296 -560 -720 ) (1200 -560 -720 ) (1200 -512 -720 ) (1296 -512 -720 ) 
4 1373 1387 (1200 -416 -768 ) (1296 -416 -768 ) (1296 -544 -768 ) (1200 -544 -768 ) 
4 1374 1375 (1296 -512 -728 ) (1296 -512 -720 ) (1200 -512 -720 ) (1200 -512 -728 ) 
4 1375 1380 (1200 -560 -720 ) (1200 -560 -736 ) (1296 -560 -736 ) (1296 -560 -720 ) 
4 1375 1376 (1296 -560 -736 ) (1200 -560 -736 ) (1200 -524 -736 ) (1296 -524 -736 ) 
4 1376 1380 (1200 -560 -736 ) (1200 -560 -744 ) (1296 -560 -744 ) (1296 -560 -736 ) 
4 1376 1377 (1200 -548 -744 ) (1200 -536 -744 ) (1296 -536 -744 ) (1296 -548 -744 ) 
4 1376 1378 (1296 -560 -744 ) (1200 -560 -744 ) (1200 -548 -744 ) (1296 -548 -744 ) 
4 1377 1378 (1296 -548 -752 ) (1296 -548 -744 ) (1200 -548 -744 ) (1200 -548 -752 ) 
4 1378 1380 (1200 -560 -744 ) (1200 -560 -760 ) (1296 -560 -760 ) (1296 -560 -744 ) 
4 1379 1383 (1200 -704 -624 ) (1200 -704 -576 ) (1200 -560 -576 ) (1200 -560 -624 ) 
4 1379 1381 (1200 -704 -576 ) (1200 -704 -624 ) (1296 -704 -624 ) (1296 -704 -576 ) 
4 1380 1384 (1200 -560 -768 ) (1200 -704 -768 ) (1200 -704 -640 ) (1200 -560 -640 ) 
4 1381 1385 (1200 -720 -640 ) (1200 -720 -576 ) (1200 -704 -576 ) (1200 -704 -640 ) 
4 1381 1382 (1200 -720 -576 ) (1200 -720 -640 ) (1296 -720 -640 ) (1296 -720 -576 ) 
4 1382 2315 (1296 -1024 -768 ) (1296 -1024 -576 ) (1200 -1024 -576 ) (1200 -1024 -768 ) 
4 1382 1388 (1296 -720 -768 ) (1296 -1024 -768 ) (1200 -1024 -768 ) (1200 -720 -768 ) 
4 1382 1386 (1200 -720 -768 ) (1200 -1024 -768 ) (1200 -1024 -576 ) (1200 -720 -576 ) 
4 1383 2101 (1024 -704 -576 ) (1024 -560 -576 ) (1024 -560 -624 ) (1024 -704 -624 ) 
4 1383 1385 (1200 -704 -624 ) (1200 -704 -576 ) (1024 -704 -576 ) (1024 -704 -624 ) 
4 1384 2102 (1024 -560 -640 ) (1024 -560 -768 ) (1024 -704 -768 ) (1024 -704 -640 ) 
4 1385 2103 (1024 -720 -576 ) (1024 -704 -576 ) (1024 -704 -640 ) (1024 -720 -640 ) 
4 1385 1386 (1200 -720 -640 ) (1200 -720 -576 ) (1024 -720 -576 ) (1024 -720 -640 ) 
4 1386 2315 (1200 -1024 -576 ) (1024 -1024 -576 ) (1024 -1024 -768 ) (1200 -1024 -768 ) 
4 1386 2105 (1024 -1024 -768 ) (1024 -1024 -576 ) (1024 -720 -576 ) (1024 -720 -768 ) 
4 1386 1388 (1200 -720 -768 ) (1200 -1024 -768 ) (1024 -1024 -768 ) (1024 -720 -768 ) 
4 1387 2109 (1024 -544 -768 ) (1024 -416 -768 ) (1024 -416 -784 ) (1024 -544 -784 ) 
4 1387 1389 (1024 -544 -784 ) (1024 -416 -784 ) (1296 -416 -784 ) (1296 -544 -784 ) 
4 1388 2315 (1296 -1024 -784 ) (1296 -1024 -768 ) (1024 -1024 -768 ) (1024 -1024 -784 ) 
4 1388 2111 (1024 -1024 -784 ) (1024 -1024 -768 ) (1024 -720 -768 ) (1024 -720 -784 ) 
4 1388 1389 (1024 -1024 -784 ) (1024 -720 -784 ) (1296 -720 -784 ) (1296 -1024 -784 ) 
4 1389 2315 (1296 -1024 -2387.810059 ) (1296 -1024 -784 ) (1024 -1024 -784 ) (1024 -1024 -2387.810059 ) 
4 1389 2112 (1024 -1024 -2387.810059 ) (1024 -1024 -784 ) (1024 -416 -784 ) (1024 -416 -2387.810059 ) 
4 1390 1486 (784 928 -384 ) (784 928 1107.810059 ) (784 1024 1107.810059 ) (784 1024 -384 ) 
4 1390 1400 (784 928 1107.810059 ) (784 928 -384 ) (1024 928 -384 ) (1024 928 1107.810059 ) 
4 1390 1391 (880 928 -384 ) (784 928 -384 ) (784 1024 -384 ) (880 1024 -384 ) 
4 1391 1486 (784 928 -400 ) (784 928 -384 ) (784 1024 -384 ) (784 1024 -400 ) 
4 1391 1403 (784 928 -384 ) (784 928 -400 ) (880 928 -400 ) (880 928 -384 ) 
4 1391 1393 (864 928 -400 ) (784 928 -400 ) (784 1024 -400 ) (864 1024 -400 ) 
4 1392 1430 (880 928 -496 ) (976 928 -496 ) (976 928 -400 ) (880 928 -400 ) 
4 1392 1406 (992 928 -496 ) (1024 928 -496 ) (1024 928 -400 ) (992 928 -400 ) 
4 1392 1394 (1024 928 -496 ) (880 928 -496 ) (880 1024 -496 ) (1024 1024 -496 ) 
4 1393 1486 (784 928 -496 ) (784 928 -400 ) (784 1024 -400 ) (784 1024 -496 ) 
4 1393 1454 (784 928 -400 ) (784 928 -480 ) (864 928 -480 ) (864 928 -400 ) 
4 1393 1397 (784 944 -496 ) (784 1024 -496 ) (864 1024 -496 ) (864 944 -496 ) 
4 1394 1430 (976 928 -496 ) (880 928 -496 ) (880 928 -512 ) (976 928 -512 ) 
4 1394 1406 (1024 928 -512 ) (1024 928 -496 ) (992 928 -496 ) (992 928 -512 ) 
4 1395 1425 (896 928 -560 ) (976 928 -560 ) (976 928 -528 ) (896 928 -528 ) 
4 1395 1413 (976 928 -560 ) (992 928 -560 ) (992 928 -528 ) (976 928 -528 ) 
4 1395 1411 (992 928 -560 ) (1024 928 -560 ) (1024 928 -528 ) (992 928 -528 ) 
4 1395 1396 (880 1024 -560 ) (880 944 -560 ) (880 944 -528 ) (880 1024 -528 ) 
4 1396 1397 (864 1024 -560 ) (864 944 -560 ) (864 944 -512 ) (864 1024 -512 ) 
4 1397 1486 (784 944 -496 ) (784 1024 -496 ) (784 1024 -560 ) (784 944 -560 ) 
4 1398 1487 (784 928 -704 ) (784 928 -608 ) (784 1024 -608 ) (784 1024 -704 ) 
4 1398 1470 (784 928 -688 ) (784 928 -696 ) (880 928 -696 ) (880 928 -688 ) 
4 1398 1469 (784 928 -680 ) (784 928 -688 ) (880 928 -688 ) (880 928 -680 ) 
4 1398 1467 (784 928 -664 ) (784 928 -680 ) (880 928 -680 ) (880 928 -664 ) 
4 1398 1464 (784 928 -656 ) (784 928 -664 ) (880 928 -664 ) (880 928 -656 ) 
4 1398 1462 (784 928 -624 ) (784 928 -656 ) (880 928 -656 ) (880 928 -624 ) 
4 1398 1455 (784 928 -576 ) (784 928 -624 ) (880 928 -624 ) (880 928 -576 ) 
4 1399 1677 (784 928 -2387.810059 ) (784 928 -736 ) (784 1024 -736 ) (784 1024 -2387.810059 ) 
4 1399 1671 (784 928 -736 ) (784 928 -728 ) (784 1024 -728 ) (784 1024 -736 ) 
4 1399 1485 (784 928 -720 ) (784 928 -2387.810059 ) (1024 928 -2387.810059 ) (1024 928 -720 ) 
4 1400 2024 (1024 0 -384 ) (1024 0 1107.810059 ) (784 0 1107.810059 ) (784 0 -384 ) 
4 1400 1490 (784 0 -384 ) (784 0 1107.810059 ) (784 912 1107.810059 ) (784 912 -384 ) 
4 1400 1488 (784 912 1107.810059 ) (784 928 1107.810059 ) (784 928 -384 ) (784 912 -384 ) 
4 1400 1404 (1024 416 -384 ) (1024 0 -384 ) (1008 0 -384 ) (1008 416 -384 ) 
4 1400 1405 (784 0 -384 ) (784 688 -384 ) (1008 688 -384 ) (1008 0 -384 ) 
4 1400 1402 (976 816 -384 ) (976 688 -384 ) (880 688 -384 ) (880 816 -384 ) 
4 1400 1403 (784 688 -384 ) (784 928 -384 ) (880 928 -384 ) (880 688 -384 ) 
4 1400 1401 (976 928 -384 ) (992 928 -384 ) (992 688 -384 ) (976 688 -384 ) 
4 1401 1405 (976 688 -400 ) (992 688 -400 ) (992 688 -384 ) (976 688 -384 ) 
4 1401 1402 (976 816 -400 ) (976 688 -400 ) (976 688 -384 ) (976 816 -384 ) 
4 1402 1443 (976 704 -400 ) (976 688 -400 ) (880 688 -400 ) (880 704 -400 ) 
4 1402 1442 (976 720 -400 ) (976 704 -400 ) (880 704 -400 ) (880 720 -400 ) 
4 1402 1441 (976 736 -400 ) (976 720 -400 ) (880 720 -400 ) (880 736 -400 ) 
4 1402 1439 (976 800 -400 ) (976 736 -400 ) (880 736 -400 ) (880 800 -400 ) 
4 1402 1405 (880 688 -400 ) (976 688 -400 ) (976 688 -384 ) (880 688 -384 ) 
4 1402 1403 (880 816 -400 ) (880 688 -400 ) (880 688 -384 ) (880 816 -384 ) 
4 1403 1490 (784 688 -384 ) (784 912 -384 ) (784 912 -400 ) (784 688 -400 ) 
4 1403 1488 (784 912 -384 ) (784 928 -384 ) (784 928 -400 ) (784 912 -400 ) 
4 1403 1473 (864 704 -400 ) (880 704 -400 ) (880 688 -400 ) (864 688 -400 ) 
4 1403 1475 (784 688 -400 ) (784 704 -400 ) (864 704 -400 ) (864 688 -400 ) 
4 1403 1471 (784 720 -400 ) (784 736 -400 ) (880 736 -400 ) (880 720 -400 ) 
4 1403 1472 (784 704 -400 ) (784 720 -400 ) (880 720 -400 ) (880 704 -400 ) 
4 1403 1453 (880 816 -400 ) (880 736 -400 ) (864 736 -400 ) (864 816 -400 ) 
4 1403 1454 (784 736 -400 ) (784 928 -400 ) (864 928 -400 ) (864 736 -400 ) 
4 1403 1405 (784 688 -400 ) (880 688 -400 ) (880 688 -384 ) (784 688 -384 ) 
4 1404 2024 (1024 0 -400 ) (1024 0 -384 ) (1008 0 -384 ) (1008 0 -400 ) 
4 1404 1408 (1024 0 -400 ) (1008 0 -400 ) (1008 400 -400 ) (1024 400 -400 ) 
4 1404 1405 (1008 416 -400 ) (1008 0 -400 ) (1008 0 -384 ) (1008 416 -384 ) 
4 1405 2024 (1008 0 -384 ) (784 0 -384 ) (784 0 -400 ) (1008 0 -400 ) 
4 1405 1490 (784 0 -400 ) (784 0 -384 ) (784 688 -384 ) (784 688 -400 ) 
4 1405 1473 (864 80 -400 ) (864 688 -400 ) (880 688 -400 ) (880 80 -400 ) 
4 1405 1474 (880 0 -400 ) (864 0 -400 ) (864 80 -400 ) (880 80 -400 ) 
4 1405 1475 (864 0 -400 ) (784 0 -400 ) (784 688 -400 ) (864 688 -400 ) 
4 1405 1443 (880 80 -400 ) (880 688 -400 ) (976 688 -400 ) (976 80 -400 ) 
4 1405 1444 (976 0 -400 ) (880 0 -400 ) (880 80 -400 ) (976 80 -400 ) 
4 1405 1410 (992 0 -400 ) (976 0 -400 ) (976 688 -400 ) (992 688 -400 ) 
4 1405 1409 (1008 0 -400 ) (992 0 -400 ) (992 400 -400 ) (1008 400 -400 ) 
4 1408 2024 (1024 0 -512 ) (1024 0 -400 ) (1008 0 -400 ) (1008 0 -512 ) 
4 1408 1423 (1008 64 -512 ) (1008 80 -512 ) (1024 80 -512 ) (1024 64 -512 ) 
4 1408 1424 (1024 0 -512 ) (1008 0 -512 ) (1008 64 -512 ) (1024 64 -512 ) 
4 1408 1419 (1008 80 -512 ) (1008 400 -512 ) (1024 400 -512 ) (1024 80 -512 ) 
4 1408 1409 (1008 400 -512 ) (1008 0 -512 ) (1008 0 -400 ) (1008 400 -400 ) 
4 1409 2024 (1008 0 -400 ) (992 0 -400 ) (992 0 -512 ) (1008 0 -512 ) 
4 1409 1423 (992 64 -512 ) (992 80 -512 ) (1008 80 -512 ) (1008 64 -512 ) 
4 1409 1424 (1008 0 -512 ) (992 0 -512 ) (992 64 -512 ) (1008 64 -512 ) 
4 1409 1419 (992 80 -512 ) (992 400 -512 ) (1008 400 -512 ) (1008 80 -512 ) 
4 1409 1410 (992 400 -512 ) (992 0 -512 ) (992 0 -400 ) (992 400 -400 ) 
4 1410 2024 (992 0 -400 ) (976 0 -400 ) (976 0 -512 ) (992 0 -512 ) 
4 1410 1443 (976 80 -400 ) (976 688 -400 ) (976 688 -512 ) (976 80 -512 ) 
4 1410 1444 (976 0 -512 ) (976 0 -400 ) (976 80 -400 ) (976 80 -512 ) 
4 1410 1423 (976 64 -512 ) (976 80 -512 ) (992 80 -512 ) (992 64 -512 ) 
4 1410 1424 (992 0 -512 ) (976 0 -512 ) (976 64 -512 ) (992 64 -512 ) 
4 1410 1420 (976 80 -512 ) (976 688 -512 ) (992 688 -512 ) (992 80 -512 ) 
4 1411 1413 (992 912 -576 ) (992 912 -528 ) (992 928 -528 ) (992 928 -576 ) 
4 1411 1412 (1024 912 -528 ) (992 912 -528 ) (992 912 -576 ) (1024 912 -576 ) 
4 1412 1482 (1024 912 -704 ) (1024 720 -704 ) (992 720 -704 ) (992 912 -704 ) 
4 1412 1417 (992 720 -528 ) (992 720 -576 ) (1024 720 -576 ) (1024 720 -528 ) 
3 1412 1415 (992 736 -704 ) (992 736 -608 ) (992 832 -608 ) 
3 1412 1414 (992 912 -704 ) (992 736 -704 ) (992 912 -528 ) 
4 1412 1416 (992 736 -704 ) (992 720 -704 ) (992 720 -528 ) (992 736 -528 ) 
4 1413 1425 (976 912 -576 ) (976 912 -528 ) (976 928 -512 ) (976 928 -576 ) 
4 1413 1414 (992 912 -576 ) (992 912 -527.998047 ) (976 912 -527.998047 ) (976 912 -576 ) 
4 1414 1482 (992 912 -704 ) (992 736 -704 ) (976 736 -704 ) (976 912 -704 ) 
4 1414 1429 (976 832 -704 ) (976 736 -704 ) (976 816 -624 ) (976 832 -624 ) 
4 1414 1427 (976 912 -704 ) (976 832 -704 ) (976 832 -608 ) (976 912 -608 ) 
3 1414 1426 (976 832 -608 ) (976 912 -528 ) (976 912 -608 ) 
4 1414 1415 (976 736 -704 ) (992 736 -704 ) (992 832 -608 ) (976 832 -608 ) 
3 1415 1449 (976 736 -704 ) (976 736 -624 ) (976 816 -624 ) 
4 1415 1416 (992 736 -704 ) (992 736 -608 ) (976 736 -608 ) (976 736 -704 ) 
4 1416 1482 (992 736 -704 ) (992 720 -704 ) (976 720 -704 ) (976 736 -704 ) 
4 1416 1450 (976 736 -704 ) (976 720 -704 ) (976 720 -608 ) (976 736 -608 ) 
4 1416 1418 (992 720 -512 ) (976 720 -512 ) (976 720 -576 ) (992 720 -576 ) 
4 1417 1421 (992 704 -528 ) (992 704 -560 ) (1024 704 -560 ) (1024 704 -528 ) 
4 1417 1418 (992 720 -528 ) (992 720 -576 ) (992 704 -576 ) (992 704 -528 ) 
4 1418 1442 (976 704 -576 ) (976 704 -512 ) (976 720 -512 ) (976 720 -576 ) 
4 1418 1421 (976 704 -528 ) (976 704 -560 ) (992 704 -560 ) (992 704 -528 ) 
4 1418 1420 (992 704 -512 ) (976 704 -512 ) (976 704 -528 ) (992 704 -528 ) 
4 1419 1423 (1024 80 -512 ) (992 80 -512 ) (992 80 -528 ) (1024 80 -528 ) 
4 1419 1421 (1024 80 -528 ) (992 80 -528 ) (992 400 -528 ) (1024 400 -528 ) 
4 1419 1420 (992 400 -528 ) (992 80 -528 ) (992 80 -512 ) (992 400 -512 ) 
4 1420 1443 (976 80 -528 ) (976 80 -512 ) (976 704 -512 ) (976 704 -528 ) 
4 1420 1423 (992 80 -512 ) (976 80 -512 ) (976 80 -528 ) (992 80 -528 ) 
4 1420 1421 (992 80 -528 ) (976 80 -528 ) (976 704 -528 ) (992 704 -528 ) 
4 1421 1443 (976 80 -560 ) (976 80 -528 ) (976 704 -528 ) (976 704 -560 ) 
4 1421 1423 (976 80 -528 ) (976 80 -560 ) (1024 80 -560 ) (1024 80 -528 ) 
4 1422 1451 (976 704 -704 ) (976 80 -704 ) (976 80 -576 ) (976 704 -576 ) 
4 1423 1444 (976 64 -576 ) (976 64 -512 ) (976 80 -512 ) (976 80 -576 ) 
4 1423 1424 (1024 64 -512 ) (976 64 -512 ) (976 64 -576 ) (1024 64 -576 ) 
4 1424 2053 (1024 0 -704 ) (1024 0 -576 ) (976 0 -576 ) (976 0 -704 ) 
4 1424 2037 (1024 0 -576 ) (1024 0 -560 ) (976 0 -560 ) (976 0 -576 ) 
4 1424 2024 (1024 0 -560 ) (1024 0 -512 ) (976 0 -512 ) (976 0 -560 ) 
4 1424 1483 (1024 64 -704 ) (1024 0 -704 ) (976 0 -704 ) (976 64 -704 ) 
4 1424 1452 (976 64 -704 ) (976 0 -704 ) (976 0 -576 ) (976 64 -576 ) 
4 1424 1444 (976 0 -576 ) (976 0 -512 ) (976 64 -512 ) (976 64 -576 ) 
4 1425 1426 (896 912 -528.003906 ) (896 912 -576 ) (976 912 -576 ) (976 912 -528.003906 ) 
4 1426 1427 (976 831.998047 -608 ) (896 831.998047 -608 ) (896 912 -608 ) (976 912 -608 ) 
4 1427 1482 (976 912 -704 ) (976 832 -704 ) (896 832 -704 ) (896 912 -704 ) 
4 1427 1429 (976 832 -704 ) (976 832 -624 ) (896 832 -624 ) (896 832 -704 ) 
3 1427 1428 (896 912 -704 ) (896 832 -704 ) (896 832 -608 ) 
4 1428 1482 (896 832 -704 ) (880 832 -704 ) (880 912 -704 ) (896 912 -704 ) 
4 1428 1461 (880 912 -704 ) (880 832 -704 ) (880 832 -624 ) (880 845.333252 -624 ) 
4 1428 1459 (880 832 -624 ) (880 832 -608 ) (880 840 -617.600098 ) (880 840 -624 ) 
3 1428 1457 (880 840 -617.600098 ) (880 845.333252 -624 ) (880 840 -624 ) 
4 1428 1429 (880 832 -624 ) (880 832 -704 ) (896 832 -704 ) (896 832 -624 ) 
4 1429 1482 (976 832 -704 ) (976 736 -704 ) (880 736 -704 ) (880 832 -704 ) 
4 1429 1461 (880 832 -704 ) (880 736 -704 ) (880 816 -624 ) (880 832 -624 ) 
4 1429 1449 (880 816 -624 ) (880 736 -704 ) (976 736 -704 ) (976 816 -624 ) 
4 1430 1455 (880 928 -496 ) (880 928 -512 ) (880 920 -512 ) (880 920 -496 ) 
4 1430 1431 (880 920 -400 ) (880 920 -512 ) (976 920 -512 ) (976 920 -400 ) 
4 1431 1455 (880 920 -496 ) (880 920 -520 ) (880 912 -520 ) (880 912 -496 ) 
4 1431 1432 (880 912 -400 ) (880 912 -520 ) (976 912 -520 ) (976 912 -400 ) 
4 1432 1455 (880 912 -496 ) (880 912 -528 ) (880 904 -528 ) (880 904 -496 ) 
4 1432 1433 (880 904 -400 ) (880 904 -528 ) (976 904 -528 ) (976 904 -400 ) 
4 1433 1455 (880 904 -496 ) (880 904 -536 ) (880 896 -536 ) (880 896 -496 ) 
4 1433 1434 (880 896 -400 ) (880 896 -536 ) (976 896 -536 ) (976 896 -400 ) 
4 1434 1455 (880 896 -496 ) (880 896 -544 ) (880 888 -544 ) (880 888 -496 ) 
4 1434 1435 (880 888 -400 ) (880 888 -544 ) (976 888 -544 ) (976 888 -400 ) 
4 1435 1455 (880 888 -496 ) (880 888 -552 ) (880 880 -552 ) (880 880 -496 ) 
4 1435 1436 (880 880 -400 ) (880 880 -552 ) (976 880 -552 ) (976 880 -400 ) 
4 1436 1455 (880 880 -496 ) (880 880 -560 ) (880 872 -560 ) (880 872 -496 ) 
4 1436 1437 (880 872 -400 ) (880 872 -560 ) (976 872 -560 ) (976 872 -400 ) 
4 1437 1455 (880 872 -496 ) (880 872 -568 ) (880 864 -568 ) (880 864 -496 ) 
4 1437 1438 (880 864 -400 ) (880 864 -568 ) (976 864 -568 ) (976 864 -400 ) 
4 1438 1460 (880 832 -576 ) (880 816 -576 ) (880 816 -496 ) (880 832 -496 ) 
4 1438 1458 (880 840 -576 ) (880 832 -576 ) (880 832 -496 ) (880 840 -496 ) 
4 1438 1456 (880 848 -576 ) (880 840 -576 ) (880 840 -496 ) (880 848 -496 ) 
4 1438 1455 (880 864 -496 ) (880 864 -576 ) (880 848 -576 ) (880 848 -496 ) 
4 1438 1447 (880 832 -576 ) (880 840 -576 ) (976 840 -576 ) (976 832 -576 ) 
4 1438 1448 (880 816 -576 ) (880 832 -576 ) (976 832 -576 ) (976 816 -576 ) 
4 1438 1446 (880 840 -576 ) (880 848 -576 ) (976 848 -576 ) (976 840 -576 ) 
4 1438 1445 (880 848 -576 ) (880 856 -576 ) (976 856 -576 ) (976 848 -576 ) 
4 1438 1440 (880 816 -496 ) (880 816 -576 ) (976 816 -576 ) (976 816 -496 ) 
4 1439 1453 (880 736 -400 ) (880 800 -400 ) (880 800 -480 ) (880 736 -480 ) 
4 1439 1441 (880 736 -400 ) (880 736 -480 ) (976 736 -480 ) (976 736 -400 ) 
4 1440 1460 (880 816 -496 ) (880 816 -576 ) (880 736 -576 ) (880 736 -496 ) 
4 1440 1448 (880 736 -576 ) (880 816 -576 ) (976 816 -576 ) (976 736 -576 ) 
4 1441 1471 (880 720 -400 ) (880 736 -400 ) (880 736 -496 ) (880 720 -496 ) 
4 1441 1442 (880 720 -400 ) (880 720 -496 ) (976 720 -496 ) (976 720 -400 ) 
4 1442 1472 (880 704 -400 ) (880 720 -400 ) (880 720 -576 ) (880 704 -576 ) 
4 1442 1443 (880 704 -400 ) (880 704 -560 ) (976 704 -560 ) (976 704 -400 ) 
4 1443 1473 (880 80 -400 ) (880 704 -400 ) (880 704 -560 ) (880 80 -560 ) 
4 1443 1444 (880 80 -400 ) (880 80 -560 ) (976 80 -560 ) (976 80 -400 ) 
4 1444 2037 (912 0 -576 ) (976 0 -576 ) (976 0 -560 ) (912 0 -560 ) 
4 1444 2024 (976 0 -400 ) (880 0 -400 ) (880 0 -560 ) (976 0 -560 ) 
4 1444 1474 (880 0 -576 ) (880 0 -400 ) (880 80 -400 ) (880 80 -576 ) 
4 1444 1452 (880 0 -576 ) (880 64 -576 ) (976 64 -576 ) (976 0 -576 ) 
4 1445 1455 (880 848 -576 ) (880 856 -576 ) (880 856 -584 ) (880 848 -584 ) 
4 1445 1446 (976 848 -584 ) (976 848 -576 ) (880 848 -576 ) (880 848 -584 ) 
4 1446 1456 (880 840 -576 ) (880 848 -576 ) (880 848 -592 ) (880 840 -592 ) 
4 1446 1447 (976 840 -592 ) (976 840 -576 ) (880 840 -576 ) (880 840 -592 ) 
4 1447 1458 (880 832 -576 ) (880 840 -576 ) (880 840 -600 ) (880 832 -600 ) 
4 1447 1448 (976 832 -600 ) (976 832 -576 ) (880 832 -576 ) (880 832 -600 ) 
4 1448 1460 (880 736 -608 ) (880 736 -576 ) (880 832 -576 ) (880 832 -608 ) 
3 1449 1461 (880 736 -704 ) (880 736 -624 ) (880 816 -624 ) 
4 1449 1450 (880 736 -703.998047 ) (976 736 -703.998047 ) (976 736 -624 ) (880 736 -624 ) 
4 1450 1482 (976 736 -704 ) (976 720 -704 ) (880 720 -704 ) (880 736 -704 ) 
4 1450 1476 (880 736 -704 ) (880 720 -704 ) (880 720 -608 ) (880 736 -608 ) 
4 1451 1477 (880 704 -704 ) (880 80 -704 ) (880 80 -576 ) (880 704 -576 ) 
4 1452 2053 (880 0 -576 ) (880 0 -704 ) (976 0 -704 ) (976 0 -576 ) 
4 1452 1483 (976 64 -704 ) (976 0 -704 ) (880 0 -704 ) (880 64 -704 ) 
4 1452 1480 (880 64 -704 ) (880 0 -704 ) (880 0 -576 ) (880 64 -576 ) 
4 1453 1471 (880 736 -480 ) (880 736 -400 ) (864 736 -400 ) (864 736 -480 ) 
4 1453 1454 (864 816 -480 ) (864 736 -480 ) (864 736 -400 ) (864 816 -400 ) 
4 1454 1490 (784 736 -400 ) (784 912 -400 ) (784 912 -480 ) (784 736 -480 ) 
4 1454 1488 (784 912 -400 ) (784 928 -400 ) (784 928 -480 ) (784 912 -480 ) 
4 1454 1471 (864 736 -400 ) (784 736 -400 ) (784 736 -480 ) (864 736 -480 ) 
4 1455 1466 (784 856 -624 ) (784 864 -624 ) (880 864 -624 ) (880 856 -624 ) 
4 1455 1465 (784 864 -624 ) (784 872 -624 ) (880 872 -624 ) (880 864 -624 ) 
4 1455 1463 (784 872 -624 ) (784 880 -624 ) (880 880 -624 ) (880 872 -624 ) 
4 1455 1462 (784 880 -624 ) (784 928 -624 ) (880 928 -624 ) (880 880 -624 ) 
4 1455 1456 (880 848 -616 ) (880 848 -496 ) (784 848 -496 ) (784 848 -616 ) 
4 1456 1458 (880 840 -608 ) (880 840 -496 ) (784 840 -496 ) (784 840 -608 ) 
3 1457 1493 (784 845.333374 -624 ) (784 840 -624 ) (784 840 -617.599976 ) 
4 1457 1461 (784 840 -624 ) (784 848 -624 ) (880 848 -624 ) (880 840 -624 ) 
4 1457 1459 (784 840 -624 ) (880 840 -624 ) (880 840 -616 ) (784 840 -616 ) 
4 1458 1460 (880 832 -608 ) (880 832 -496 ) (784 832 -496 ) (784 832 -608 ) 
4 1459 1493 (784 840 -624 ) (784 832 -624 ) (784 832 -608 ) (784 840 -617.599976 ) 
4 1459 1461 (784 832 -624 ) (784 840 -624 ) (880 840 -624 ) (880 832 -624 ) 
4 1461 1493 (784 912 -704 ) (784 736 -704 ) (784 736 -624 ) (784 845.333374 -624 ) 
4 1461 1482 (864 928 -704 ) (880 928 -704 ) (880 736 -704 ) (864 736 -704 ) 
4 1461 1484 (784 736 -704 ) (784 928 -704 ) (864 928 -704 ) (864 736 -704 ) 
4 1461 1476 (784 736 -704 ) (880 736 -704 ) (880 736 -624 ) (784 736 -624 ) 
4 1462 1464 (784 888 -656 ) (784 928 -656 ) (880 928 -656 ) (880 888 -656 ) 
4 1462 1463 (880 880 -648 ) (880 880 -624 ) (784 880 -624 ) (784 880 -648 ) 
4 1463 1465 (880 872 -640 ) (880 872 -624 ) (784 872 -624 ) (784 872 -640 ) 
4 1464 1468 (784 896 -664 ) (784 904 -664 ) (880 904 -664 ) (880 896 -664 ) 
4 1464 1467 (784 904 -664 ) (784 928 -664 ) (880 928 -664 ) (880 904 -664 ) 
4 1465 1466 (880 864 -632 ) (880 864 -624 ) (784 864 -624 ) (784 864 -632 ) 
4 1467 1469 (784 912 -680 ) (784 928 -680 ) (880 928 -680 ) (880 912 -680 ) 
4 1467 1468 (880 904 -672 ) (880 904 -664 ) (784 904 -664 ) (784 904 -672 ) 
4 1469 1470 (784 920 -688 ) (784 928 -688 ) (880 928 -688 ) (880 920 -688 ) 
4 1471 1490 (784 720 -400 ) (784 736 -400 ) (784 736 -496 ) (784 720 -496 ) 
4 1471 1472 (880 720 -496 ) (880 720 -400 ) (784 720 -400 ) (784 720 -496 ) 
4 1472 1491 (784 720 -496 ) (784 720 -576 ) (784 704 -576 ) (784 704 -496 ) 
4 1472 1490 (784 704 -400 ) (784 720 -400 ) (784 720 -496 ) (784 704 -496 ) 
4 1472 1478 (848 720 -576 ) (864 720 -576 ) (864 704 -576 ) (848 704 -576 ) 
4 1472 1479 (784 704 -576 ) (784 720 -576 ) (848 720 -576 ) (848 704 -576 ) 
4 1472 1473 (880 704 -560 ) (880 704 -400 ) (864 704 -400 ) (864 704 -560 ) 
4 1472 1475 (784 704 -576 ) (864 704 -576 ) (864 704 -400 ) (784 704 -400 ) 
4 1473 1474 (864 80 -400 ) (864 80 -560 ) (880 80 -560 ) (880 80 -400 ) 
4 1473 1475 (864 704 -400 ) (864 704 -560 ) (864 80 -560 ) (864 80 -400 ) 
4 1474 2024 (880 0 -400 ) (864 0 -400 ) (864 0 -560 ) (880 0 -560 ) 
4 1474 1480 (880 64 -576 ) (880 0 -576 ) (864 0 -576 ) (864 64 -576 ) 
4 1474 1475 (864 80 -576 ) (864 0 -576 ) (864 0 -400 ) (864 80 -400 ) 
4 1475 2024 (864 0 -400 ) (784 0 -400 ) (784 0 -560 ) (864 0 -560 ) 
4 1475 1491 (784 0 -576 ) (784 0 -496 ) (784 704 -496 ) (784 704 -576 ) 
4 1475 1490 (784 0 -496 ) (784 0 -400 ) (784 704 -400 ) (784 704 -496 ) 
5 1475 1481 (784 8.888892 -576 ) (784 80 -576 ) (864 80 -576 ) (864 0 -576 ) (804 0 -576 ) 
4 1475 1479 (784 80 -576 ) (784 704 -576 ) (848 704 -576 ) (848 80 -576 ) 
4 1476 1493 (784 736 -608 ) (784 736 -704 ) (784 720 -704 ) (784 720 -608 ) 
4 1476 1482 (864 736 -704 ) (880 736 -704 ) (880 720 -704 ) (864 720 -704 ) 
4 1476 1484 (784 720 -704 ) (784 736 -704 ) (864 736 -704 ) (864 720 -704 ) 
4 1476 1478 (848 720 -704 ) (864 720 -704 ) (864 720 -608 ) (848 720 -608 ) 
4 1476 1479 (784 720 -704 ) (848 720 -704 ) (848 720 -608 ) (784 720 -608 ) 
4 1478 1484 (848 720 -704 ) (864 720 -704 ) (864 704 -704 ) (848 704 -704 ) 
4 1478 1479 (848 720 -576 ) (848 720 -704 ) (848 704 -704 ) (848 704 -576 ) 
4 1479 1493 (784 720 -608 ) (784 720 -704 ) (784 80 -704 ) (784 80 -608 ) 
4 1479 1492 (784 80 -576 ) (784 720 -576 ) (784 720 -608 ) (784 80 -608 ) 
4 1479 1484 (784 80 -704 ) (784 720 -704 ) (848 720 -704 ) (848 80 -704 ) 
4 1479 1481 (784 80 -704 ) (848 80 -704 ) (848 80 -576 ) (784 80 -576 ) 
4 1480 2053 (864 0 -704 ) (880 0 -704 ) (880 0 -576 ) (864 0 -576 ) 
4 1480 1483 (880 64 -704 ) (880 0 -704 ) (864 0 -704 ) (864 64 -704 ) 
4 1480 1481 (864 64 -704 ) (864 0 -704 ) (864 0 -576 ) (864 64 -576 ) 
4 1481 2053 (804 0 -704 ) (864 0 -704 ) (864 0 -576 ) (804 0 -576 ) 
4 1481 1493 (784 80 -608 ) (784 80 -704 ) (784 8.888893 -704 ) (784 8.888892 -608 ) 
4 1481 1492 (784 8.888892 -576 ) (784 80 -576 ) (784 80 -608 ) (784 8.888892 -608 ) 
5 1481 1484 (784 8.888892 -704 ) (784 80 -704 ) (864 80 -704 ) (864 0 -704 ) (804 0 -704 ) 
4 1482 1485 (864 704 -720 ) (864 928 -720 ) (1024 928 -720 ) (1024 704 -720 ) 
4 1482 1484 (864 928 -720 ) (864 704 -720 ) (864 704 -704 ) (864 928 -704 ) 
4 1483 2073 (1024 0 -720 ) (1024 0 -704 ) (864 0 -704 ) (864 0 -720 ) 
4 1483 1485 (1024 0 -720 ) (864 0 -720 ) (864 80 -720 ) (1024 80 -720 ) 
4 1483 1484 (864 80 -720 ) (864 0 -720 ) (864 0 -704 ) (864 80 -704 ) 
4 1484 2073 (864 0 -704 ) (784 0 -704 ) (784 0 -720 ) (864 0 -720 ) 
4 1484 1641 (784 0 -720 ) (784 0 -712 ) (784 912 -712 ) (784 912 -720 ) 
4 1484 1637 (784 0 -712 ) (784 0 -704 ) (784 32 -704 ) (784 32 -712 ) 
4 1484 1623 (784 32 -704 ) (784 912 -704 ) (784 912 -712 ) (784 32 -712 ) 
4 1484 1485 (864 0 -720 ) (784 0 -720 ) (784 928 -720 ) (864 928 -720 ) 
4 1485 2112 (1024 0 -2387.810059 ) (1024 0 -784 ) (784 0 -784 ) (784 0 -2387.810059 ) 
4 1485 2106 (1024 0 -784 ) (1024 0 -768 ) (784 0 -768 ) (784 0 -784 ) 
4 1485 2076 (1024 0 -768 ) (1024 0 -720 ) (784 0 -720 ) (784 0 -768 ) 
4 1485 1677 (784 0 -2387.810059 ) (784 0 -736 ) (784 928 -736 ) (784 928 -2387.810059 ) 
4 1485 1672 (784 0 -736 ) (784 0 -720 ) (784 928 -720 ) (784 928 -736 ) 
4 1486 1521 (752 928 -560 ) (752 928 1107.810059 ) (752 1024 1107.810059 ) (752 1024 -560 ) 
4 1486 1489 (752 928 -496 ) (752 928 -560 ) (755.724731 928 -560 ) (773.333008 928 -496 ) 
4 1486 1488 (752 928 1107.810059 ) (752 928 -496 ) (784 928 -496 ) (784 928 1107.810059 ) 
4 1487 1622 (752 1024 -704 ) (784 1024 -704 ) (784 928 -704 ) (752 928 -704 ) 
4 1487 1524 (752 1024 -704 ) (752 928 -704 ) (752 928 -608 ) (752 1024 -608 ) 
4 1488 1521 (752 912 -496 ) (752 912 1107.810059 ) (752 928 1107.810059 ) (752 928 -496 ) 
4 1488 1494 (752 912 1107.810059 ) (752 912 -496 ) (768 912 -496 ) (768 912 1107.810059 ) 
4 1488 1490 (768 912 -496 ) (784 912 -496 ) (784 912 1107.810059 ) (768 912 1107.810059 ) 
4 1488 1489 (773.333008 912 -496 ) (752 912 -496 ) (752 928 -496 ) (773.333008 928 -496 ) 
4 1489 1521 (752 912 -573.538086 ) (752 912 -496 ) (752 928 -496 ) (752 928 -573.538086 ) 
4 1489 1494 (752 912 -496 ) (752 912 -573.538086 ) (768 912 -515.383606 ) (768 912 -496 ) 
4 1490 2024 (784 0 -496 ) (784 0 1107.810059 ) (768 0 1107.810059 ) (768 0 -496 ) 
4 1490 1494 (768 912 1107.810059 ) (768 912 -496 ) (768 0 -496 ) (768 0 1107.810059 ) 
4 1490 1491 (768 0 -496 ) (768 736 -496 ) (784 736 -496 ) (784 0 -496 ) 
4 1491 2024 (784 0 -560 ) (784 0 -496 ) (768 0 -496 ) (768 0 -560 ) 
4 1491 1494 (768 0 -576 ) (768 0 -496 ) (768 736 -496 ) (768 736 -576 ) 
4 1491 1492 (768 16 -576 ) (768 736 -576 ) (784 736 -576 ) (784 8.888916 -576 ) 
4 1492 1495 (768 736 -608 ) (768 16 -608 ) (768 16 -576 ) (768 736 -576 ) 
4 1492 1493 (768 16 -608 ) (768 736 -608 ) (784 736 -608 ) (784 8.888916 -608 ) 
4 1493 1637 (784 32 -704 ) (784 8.888916 -704 ) (768 16 -704 ) (768 32 -704 ) 
4 1493 1623 (784 912 -704 ) (784 32 -704 ) (768 32 -704 ) (768 912 -704 ) 
5 1493 1495 (768 863.065063 -704 ) (768 16 -704 ) (768 16 -608 ) (768 832 -608 ) (768 863.065063 -645.278076 ) 
4 1494 2024 (752 0 1107.810059 ) (752 0 -560 ) (768 0 -560 ) (768 0 1107.810059 ) 
4 1494 1523 (752 0 -576 ) (752 0 1107.810059 ) (752 16 1107.810059 ) (752 16 -576 ) 
4 1494 1521 (752 880 1107.810059 ) (752 912 1107.810059 ) (752 912 -576 ) (752 880 -576 ) 
4 1494 1522 (752 16 1107.810059 ) (752 880 1107.810059 ) (752 880 -576 ) (752 16 -576 ) 
4 1494 1495 (752 16 -576 ) (752 863.065063 -576 ) (768 863.065063 -576 ) (768 16 -576 ) 
4 1495 1637 (752 16 -704 ) (752 32 -704 ) (768 32 -704 ) (768 16 -704 ) 
4 1495 1624 (752 32 -704 ) (752 863.065063 -704 ) (768 863.065063 -704 ) (768 32 -704 ) 
4 1495 1525 (752 863.065063 -704 ) (752 16 -704 ) (752 16 -593 ) (752 863.065063 -593 ) 
4 1495 1522 (752 16 -593 ) (752 16 -576 ) (752 863.065063 -576 ) (752 863.065063 -593 ) 
4 1496 1751 (0 32 -532.401001 ) (0 8 -518 ) (0 8 1107.810059 ) (0 32 1107.810059 ) 
5 1496 1746 (0 48 -536 ) (0 37.997864 -536 ) (0 32 -532.401001 ) (0 32 1107.810059 ) (0 48 1107.810059 ) 
4 1496 1744 (0 480 1107.810059 ) (0 480 -536 ) (0 48 -536 ) (0 48 1107.810059 ) 
4 1496 1594 (0 480 -536 ) (0 480 1107.810059 ) (432 48 1107.810059 ) (432 48 -536 ) 
5 1496 1590 (432 48 1107.810059 ) (448 32 1107.810059 ) (448 32 -532.401001 ) (442.002106 37.997887 -536 ) (432 48 -536 ) 
4 1496 1576 (464 16 1107.810059 ) (472 8 1107.810059 ) (472 8 -518 ) (464 16 -522.800354 ) 
4 1496 1549 (448 32 1107.810059 ) (464 16 1107.810059 ) (464 16 -522.800354 ) (448 32 -532.401001 ) 
3 1496 1501 (0 37.997887 -536 ) (0 480.007812 -536 ) (442.007599 37.997894 -536 ) 
4 1496 1499 (471.996094 8 -518 ) (471.996185 8 1107.810059 ) (0 8 1107.810059 ) (0 8 -518 ) 
3 1497 1752 (0 31.331533 -536 ) (0 8 -536 ) (0 8 -522.002502 ) 
4 1497 1578 (472 8 -522.002502 ) (472 8 -536 ) (464 16 -536 ) (464 16 -526.802002 ) 
3 1497 1571 (464 16 -536 ) (448.668457 31.331551 -536 ) (464 16 -526.802002 ) 
4 1497 1508 (288 16 -536 ) (464.005371 16 -536 ) (472.005341 8 -536 ) (288 8 -536 ) 
4 1497 1500 (0 8 -536 ) (471.996094 8 -536 ) (471.996094 8 -522.002502 ) (0 8 -522.002502 ) 
4 1498 2027 (480 0 -526.799988 ) (480 0 -522.799988 ) (472 0 -518 ) (472 0 -522 ) 
4 1498 2026 (472 0 -536 ) (480 0 -536 ) (480 0 -526.799988 ) (472 0 -522 ) 
4 1498 2025 (480 0 -522.799988 ) (480 0 1107.810059 ) (472 0 1107.810059 ) (472 0 -518 ) 
4 1498 1578 (480 0 -526.799988 ) (480 0 -536 ) (472 8 -536 ) (472 8 -522 ) 
3 1498 1577 (480 0 -513.200073 ) (480 0 -522.799988 ) (472 8 -518 ) 
4 1498 1576 (480 0 1107.810059 ) (480 0 -513.200073 ) (472 8 -518 ) (472 8 1107.810059 ) 
4 1498 1508 (472 8 -536 ) (472.005341 8 -536 ) (480.005310 0 -536 ) (472 0 -536 ) 
4 1498 1500 (472 8 -522 ) (472 8 -536 ) (472 0 -536 ) (472 0 -526.799988 ) 
4 1498 1499 (472 0 1107.810059 ) (472 8 1107.810059 ) (472 8 -518.001953 ) (472 0 -522.801941 ) 
4 1499 2030 (0 0 1107.810059 ) (0 0 -522.801880 ) (472 0 -522.801941 ) (472 0 1107.810059 ) 
4 1499 1753 (0 0 -522.801941 ) (0 0 1107.810059 ) (0 8 1107.810059 ) (0 8 -518.001953 ) 
4 1500 2029 (0 0 -526.799988 ) (0 0 -536 ) (288 0 -536 ) (288 0 -526.799988 ) 
4 1500 2028 (288 0 -536 ) (472 0 -536 ) (472 0 -526.799988 ) (288 0 -526.799988 ) 
4 1500 1754 (0 0 -536 ) (0 0 -526.799988 ) (0 8 -522 ) (0 8 -536 ) 
4 1500 1508 (288 8 -536 ) (472 8 -536 ) (472 0 -536 ) (288 0 -536 ) 
3 1501 1746 (0 37.997879 -536 ) (0 48 -536 ) (0 48 -542.001709 ) 
5 1501 1744 (0 48 -536 ) (0 480 -536 ) (0 480 -576 ) (0 104.659943 -576 ) (0 48 -542.001709 ) 
5 1501 1594 (0 480 -576 ) (0 480 -536 ) (432 48 -536 ) (432 48 -542.001648 ) (375.340027 104.659958 -576 ) 
3 1501 1590 (432 48 -536 ) (442.002106 37.997894 -536 ) (432 48 -542.001648 ) 
4 1501 1518 (364.011719 116 -576 ) (375.351776 104.659943 -576 ) (0 104.659958 -576 ) (0 116 -576 ) 
5 1501 1514 (352.011719 128 -576 ) (356 124.011719 -576 ) (356 116 -576 ) (0 116 -576 ) (0 128 -576 ) 
3 1501 1513 (356 124.011719 -576 ) (364.011719 116 -576 ) (356 116 -576 ) 
3 1501 1509 (0 480.011719 -576 ) (352.011719 128 -576 ) (0 128 -576 ) 
4 1501 1502 (0 48 -542.001343 ) (0 104.659683 -576 ) (375.332031 104.659683 -576 ) (432 48 -542.001343 ) 
4 1502 1744 (0 48 -542.001709 ) (0 104.659943 -576 ) (0 72 -576 ) (0 48 -561.599976 ) 
4 1502 1594 (408 72 -576 ) (375.340027 104.659958 -576 ) (432 48 -542.001709 ) (432 48 -561.599915 ) 
4 1502 1518 (375.351776 104.659943 -576 ) (408.011536 72 -576 ) (0 72 -576 ) (0 104.659958 -576 ) 
4 1502 1506 (0 48 -546 ) (0 48 -561.599976 ) (288 48 -561.599915 ) (288 48 -546 ) 
4 1502 1504 (431.997742 48 -561.599915 ) (432 48 -546 ) (288 48 -546 ) (288 48 -561.599915 ) 
3 1503 1749 (0 65.336487 -576 ) (0 48 -576 ) (0 48 -565.598083 ) 
3 1503 1583 (432 48 -576 ) (414.663544 65.336456 -576 ) (432 48 -565.598083 ) 
4 1503 1516 (414.675232 65.336487 -576 ) (418.411713 61.600006 -576 ) (0 61.599998 -576 ) (0 65.336479 -576 ) 
4 1503 1515 (418.411713 61.600006 -576 ) (432.011719 48 -576 ) (0 48 -576 ) (0 61.599998 -576 ) 
4 1503 1507 (0 48 -576 ) (288 48 -576 ) (288 48 -565.598083 ) (0 48 -565.598083 ) 
4 1503 1505 (288 48 -576 ) (431.996094 48 -576 ) (431.997284 48 -565.598083 ) (288 48 -565.598083 ) 
4 1504 1592 (448 32 -536.401062 ) (448 32 -552 ) (432 48 -561.599915 ) (432 48 -546 ) 
4 1504 1506 (288 48 -546 ) (288 48 -561.599915 ) (288 32 -552 ) (288 32 -536.401062 ) 
4 1505 1583 (448 32 -576 ) (432 48 -576 ) (432 48 -565.598083 ) (448 32 -555.998047 ) 
4 1505 1515 (432.011719 48 -576 ) (448.011719 32 -576 ) (288 32 -576 ) (288 48 -576 ) 
4 1505 1507 (288 48 -565.598083 ) (288 48 -576 ) (288 32 -576 ) (288 32 -555.998047 ) 
4 1506 1748 (0 48 -546 ) (0 48 -561.599976 ) (0 32 -552 ) (0 32 -536.401062 ) 
4 1507 1749 (0 48 -565.598083 ) (0 48 -576 ) (0 32 -576 ) (0 32 -555.998047 ) 
4 1507 1515 (0 32 -576 ) (0 48 -576 ) (288 48 -576 ) (288 32 -576 ) 
4 1508 2038 (288 0 -576 ) (384 0 -576 ) (384 0 -560 ) (288 0 -560 ) 
4 1508 2028 (472 0 -536 ) (288 0 -536 ) (288 0 -560 ) (472 0 -560 ) 
4 1508 2026 (480 0 -560 ) (480 0 -536 ) (472 0 -536 ) (472 0 -560 ) 
4 1508 1578 (464 16 -536 ) (480 0 -536 ) (480 0 -576 ) (464 16 -576 ) 
4 1508 1519 (384 0 -576 ) (336 0 -576 ) (336 16 -576 ) (384 16 -576 ) 
4 1509 1779 (0 480 -704 ) (0 128 -704 ) (0 128 -576 ) (0 480 -576 ) 
3 1509 1636 (0 128 -704 ) (0 480 -704 ) (352 128 -704 ) 
4 1509 1621 (0 480 -643.070068 ) (0 480 -576 ) (352 128 -576 ) (352 128 -690.003418 ) 
4 1509 1616 (172 308 -704 ) (164 316 -704 ) (164 316 -664.936768 ) (172 308 -666.003418 ) 
4 1509 1615 (352 128 -704 ) (172 308 -704 ) (172 308 -666.003418 ) (352 128 -690.003418 ) 
4 1509 1617 (164 316 -704 ) (0 480 -704 ) (0 480 -643.070068 ) (164 316 -664.936768 ) 
4 1509 1514 (352 128 -590 ) (352 128 -576 ) (0 128 -576 ) (0 128 -590 ) 
4 1509 1511 (164 128 -704 ) (172 128 -704 ) (172 128 -594 ) (164 128 -594 ) 
4 1509 1512 (0 128 -704 ) (164 128 -704 ) (164 128 -594 ) (0 128 -594 ) 
4 1509 1510 (172 128 -704 ) (352 128 -704 ) (352 128 -594 ) (172 128 -594 ) 
4 1510 1618 (352 128 -690.003418 ) (352 128 -594 ) (356 124 -593.466614 ) (356 124 -690.536743 ) 
4 1510 1615 (356 124 -704 ) (352 128 -704 ) (352 128 -690.003418 ) (356 124 -690.536743 ) 
4 1510 1517 (356 116 -596.923096 ) (356 116 -592.399963 ) (172 116 -592.399963 ) (172 116 -596.923096 ) 
4 1510 1515 (172 116 -704 ) (356 116 -704 ) (356 116 -596.923096 ) (172 116 -596.923096 ) 
4 1510 1511 (172 124 -593.466797 ) (172 128 -594 ) (172 128 -704 ) (172 124 -704 ) 
4 1511 1512 (164 124 -593.466797 ) (164 128 -594 ) (164 128 -704 ) (164 124 -704 ) 
4 1512 1801 (0 124 -704 ) (0 116 -704 ) (0 116 -592.399963 ) (0 124 -593.466614 ) 
4 1512 1781 (0 128 -704 ) (0 124 -704 ) (0 124 -593.466614 ) (0 128 -594 ) 
4 1512 1517 (164 116 -596.923096 ) (164 116 -592.399963 ) (0 116 -592.399963 ) (0 116 -596.923096 ) 
4 1512 1515 (0 116 -704 ) (164 116 -704 ) (164 116 -596.923096 ) (0 116 -596.923096 ) 
4 1513 1612 (356 124 -576 ) (364 116 -576 ) (364 116 -588.400024 ) (356 124 -589.466675 ) 
4 1513 1518 (364 116 -588.400024 ) (364 116 -576 ) (356 116 -576 ) (356 116 -588.400024 ) 
4 1513 1514 (356 116 -588.400024 ) (356 116 -576 ) (356 124 -576 ) (356 124 -589.466675 ) 
4 1514 1800 (0 116 -588.400024 ) (0 116 -576 ) (0 124 -576 ) (0 124 -589.466675 ) 
4 1514 1780 (0 124 -576 ) (0 128 -576 ) (0 128 -590 ) (0 124 -589.466675 ) 
4 1514 1619 (352 128 -590 ) (352 128 -576 ) (356 124 -576 ) (356 124 -589.466675 ) 
4 1514 1518 (356 116 -576 ) (0 116 -576 ) (0 116 -588.400024 ) (356 116 -588.400024 ) 
5 1515 1807 (0 116 -704 ) (0 32 -704 ) (0 32 -577.200073 ) (0 82.081764 -583.877625 ) (0 116 -596.923096 ) 
4 1515 1797 (0 32 -577.200073 ) (0 32 -576 ) (0 61.600014 -576 ) (0 82.081764 -583.877625 ) 
5 1515 1599 (364 116 -691.603394 ) (364 116 -596.923096 ) (418.399994 61.600014 -576 ) (448 32 -576 ) (448 32 -702.803406 ) 
4 1515 1598 (448 32 -704 ) (364 116 -704 ) (364 116 -691.603394 ) (448 32 -702.803406 ) 
4 1515 1520 (176 32 -704 ) (288 32 -704 ) (288 32 -576 ) (176 32 -576 ) 
4 1515 1517 (364 116 -596.922852 ) (0 116 -596.922852 ) (0 98.001106 -590 ) (381.997528 98.001114 -590 ) 
4 1515 1516 (0 72.006569 -580.002075 ) (0 61.601334 -576 ) (418.394531 61.601357 -576 ) (407.990082 72.006584 -580.002075 ) 
3 1516 1798 (0 61.600014 -576 ) (0 65.336472 -576 ) (0 72.008667 -580.003357 ) 
3 1516 1601 (414.663544 65.336472 -576 ) (418.399994 61.600014 -576 ) (407.991333 72.008659 -580.003357 ) 
3 1517 1810 (0 116 -592.399963 ) (0 116 -596.923096 ) (0 98 -590 ) 
3 1517 1600 (364 116 -596.923096 ) (364 116 -592.399963 ) (382 98 -590 ) 
4 1518 1800 (0 72 -576 ) (0 116 -576 ) (0 116 -588.400024 ) (0 98 -586 ) 
4 1518 1604 (364 116 -588.400024 ) (364 116 -576 ) (408 72 -576 ) (382 98 -586 ) 
4 1519 2060 (336 0 -704 ) (368 0 -704 ) (368 0 -576 ) (336 0 -576 ) 
4 1519 1638 (384 0 -704 ) (336 0 -704 ) (336 16 -704 ) (384 16 -704 ) 
4 1520 2067 (176 0 -704 ) (288 0 -704 ) (288 0 -576 ) (176 0 -576 ) 
4 1521 1526 (736 880 1107.810059 ) (736 1024 1107.810059 ) (736 1024 -577 ) (736 880 -577 ) 
4 1521 1522 (736 880 1107.810059 ) (736 880 -577 ) (752 880 -577 ) (752 880 1107.810059 ) 
4 1522 1526 (736 16 1107.810059 ) (736 880 1107.810059 ) (736 880 -593 ) (736 16 -593 ) 
4 1522 1525 (736 16 -593 ) (736 872 -593 ) (752 872 -593 ) (752 16 -593 ) 
4 1522 1523 (736 16 1107.810059 ) (736 16 -576 ) (752 16 -576 ) (752 16 1107.810059 ) 
4 1523 2024 (752 0 -560 ) (752 0 1107.810059 ) (736 0 1107.810059 ) (736 0 -560 ) 
4 1523 1546 (736 0 -576 ) (736 0 1107.810059 ) (736 16 1107.810059 ) (736 16 -576 ) 
4 1524 1625 (736 1024 -704 ) (752 1024 -704 ) (752 881.245972 -704 ) (736 881.245972 -704 ) 
4 1524 1526 (736 1024 -704 ) (736 881.245972 -704 ) (736 881.245972 -593 ) (736 1024 -593 ) 
4 1525 1637 (752 32 -704 ) (752 16 -704 ) (736 16 -704 ) (736 32 -704 ) 
4 1525 1626 (752 872 -704 ) (752 32 -704 ) (736 32 -704 ) (736 872 -704 ) 
4 1525 1526 (736 872 -704 ) (736 16 -704 ) (736 16 -593 ) (736 872 -593 ) 
4 1526 1637 (736 32 -704 ) (736 16 -704 ) (592 16 -704 ) (592 32 -704 ) 
4 1526 1631 (728.409607 1024 -704 ) (736 1024 -704 ) (736 838.884644 -704 ) (642.581238 908.014038 -704 ) 
4 1526 1628 (736 838.884644 -704 ) (736 834.742920 -704 ) (640.597839 905.333740 -704 ) (642.581238 908.014038 -704 ) 
5 1526 1627 (736 834.742920 -704 ) (736 32 -704 ) (592 32 -704 ) (592 839.660095 -704 ) (640.597839 905.333740 -704 ) 
4 1526 1548 (592 16 -576 ) (592 16 1107.810059 ) (592 32 1107.810059 ) (592 32 -576 ) 
4 1526 1547 (592 839.660095 -704 ) (592 32 -704 ) (592 32 1107.810059 ) (592 839.713745 1107.810059 ) 
4 1526 1546 (592 16 1107.810059 ) (592 16 -576 ) (736 16 -576 ) (736 16 1107.810059 ) 
13 1526 1538 (695.903687 980.073425 -616.703979 ) (712.563354 1002.586792 -616.703979 ) (728.409241 1024 -632.492249 ) (728.410461 1024 -687.516174 ) (720.387634 1013.158020 -695.611450 ) (712.559814 1002.579529 -702.703979 ) (696.499390 980.875916 -702.703979 ) (688.766785 970.426453 -696.703979 ) (682.818604 962.388550 -686.703979 ) (677.464905 955.154114 -673.704041 ) (677.464539 955.154358 -646.372131 ) (682.212036 961.570374 -633.734070 ) (689.089233 970.864380 -622.160583 ) 
3 1526 1537 (692.331665 975.246277 -616.703979 ) (695.903687 980.073425 -616.703979 ) (689.089233 970.864380 -622.160583 ) 
3 1526 1536 (677.464539 955.154358 -646.372131 ) (677.464478 955.154419 -641.723633 ) (682.212036 961.570374 -633.734070 ) 
3 1526 1535 (712.563354 1002.586792 -616.703979 ) (728.408875 1024 -616.703979 ) (728.409241 1024 -632.492249 ) 
3 1526 1534 (728.410461 1024 -687.516174 ) (728.410461 1024 -688.342224 ) (720.387634 1013.158020 -695.611450 ) 
3 1526 1533 (728.410461 1024 -688.342224 ) (728.410767 1024 -702.703979 ) (712.559814 1002.579529 -702.703979 ) 
3 1526 1532 (677.464111 955.154663 -616.703979 ) (692.331665 975.246277 -616.703979 ) (677.464478 955.154419 -641.723633 ) 
3 1526 1531 (696.499390 980.875916 -702.703979 ) (692.335693 975.249146 -702.703979 ) (688.766785 970.426453 -696.703979 ) 
3 1526 1530 (692.335693 975.249146 -702.703979 ) (689.407776 971.292480 -702.703979 ) (682.818604 962.388550 -686.703979 ) 
3 1526 1529 (689.407776 971.292480 -702.703979 ) (677.465332 955.153809 -702.703979 ) (677.464905 955.154114 -673.704041 ) 
4 1526 1528 (592 839.658325 -702.703979 ) (592 839.660889 -616.703979 ) (677.464111 955.154663 -616.703979 ) (677.465332 955.153809 -702.703979 ) 
4 1526 1527 (592 839.660889 -616.703979 ) (592 839.712036 1107.810059 ) (728.371033 1024 1107.810059 ) (728.408875 1024 -616.703979 ) 
4 1526 1539 (728.410767 1024 -704 ) (592 839.658264 -704 ) (592 839.658325 -702.703979 ) (728.410767 1024 -702.703979 ) 
4 1527 1547 (592 839.662720 -616.703979 ) (592 839.713745 1107.810059 ) (592 849.321533 1107.810059 ) (592 849.411438 -616.703979 ) 
3 1527 1545 (638.314636 912 -616.703979 ) (636.193054 909.133423 -616.703979 ) (638.314941 912 -606 ) 
3 1527 1543 (636.193054 909.133423 -616.703979 ) (630.758423 901.788879 -616.703979 ) (638.909241 912.803406 -603 ) 
3 1527 1542 (640.694153 915.215454 -600 ) (641.883972 916.823364 -600 ) (640.099243 914.411499 -601 ) 
4 1527 1541 (592 849.409546 -616.703979 ) (592 849.408691 -600 ) (640.694153 915.215454 -600 ) (630.758423 901.788879 -616.703979 ) 
4 1527 1540 (592 849.408691 -600 ) (592 849.319641 1107.810059 ) (721.255737 1024 1107.810059 ) (721.189941 1024 -600 ) 
4 1527 1538 (691.234497 983.528748 -616.703979 ) (707.890503 1006.038269 -616.703979 ) (712.565247 1002.585449 -616.703979 ) (695.905273 980.072083 -616.703979 ) 
4 1527 1537 (687.665283 978.705200 -616.703979 ) (691.234497 983.528748 -616.703979 ) (695.905273 980.072083 -616.703979 ) (692.333191 975.244995 -616.703979 ) 
4 1527 1535 (707.890503 1006.038269 -616.703979 ) (721.181335 1024 -616.703979 ) (728.412048 1024 -616.703979 ) (712.565247 1002.585449 -616.703979 ) 
4 1527 1532 (672.795105 958.609070 -616.703979 ) (687.665283 978.705200 -616.703979 ) (692.333191 975.244995 -616.703979 ) (677.465576 955.153687 -616.703979 ) 
4 1527 1528 (592 849.419556 -616.703979 ) (672.795105 958.609070 -616.703979 ) (677.465576 955.153687 -616.703979 ) (592 839.660156 -616.703979 ) 
4 1528 1547 (592 839.660156 -702.703979 ) (592 839.662720 -616.703979 ) (592 849.411438 -616.703979 ) (592 849.415894 -702.703979 ) 
4 1528 1545 (636.193054 909.133423 -616.703979 ) (638.314636 912 -616.703979 ) (638.312622 912.002319 -702.703979 ) (619.146423 886.100525 -702.703979 ) 
5 1528 1543 (592 849.414001 -702.703979 ) (592 849.412903 -681.864807 ) (630.758423 901.788879 -616.703979 ) (636.193054 909.133423 -616.703979 ) (619.146423 886.100525 -702.703979 ) 
3 1528 1541 (592 849.412903 -681.864807 ) (592 849.409546 -616.703979 ) (630.758423 901.788879 -616.703979 ) 
4 1528 1538 (672.799744 958.610413 -673.707764 ) (672.800293 958.609863 -646.355408 ) (677.466125 955.156250 -646.368164 ) (677.467407 955.156250 -673.708679 ) 
4 1528 1536 (672.800293 958.609863 -646.355408 ) (672.800354 958.609802 -641.725037 ) (677.465942 955.156250 -641.721252 ) (677.466125 955.156250 -646.368164 ) 
4 1528 1532 (672.800354 958.609802 -641.725037 ) (672.800781 958.609375 -616.703979 ) (677.464844 955.156250 -616.703979 ) (677.465942 955.156250 -641.721252 ) 
4 1528 1529 (677.468750 955.156250 -702.703979 ) (672.799255 958.610962 -702.703979 ) (672.799744 958.610413 -673.707764 ) (677.467407 955.156250 -673.708679 ) 
4 1528 1539 (592 849.414246 -702.703979 ) (672.797668 958.607178 -702.703979 ) (677.471191 955.149475 -702.703979 ) (592 839.648438 -702.703979 ) 
4 1529 1538 (678.150818 965.844116 -686.704651 ) (672.796875 958.609375 -673.703552 ) (677.468750 955.152344 -673.705383 ) (682.819336 962.386841 -686.703003 ) 
4 1529 1530 (689.406250 971.292969 -702.703979 ) (684.739380 974.747314 -702.703979 ) (678.150818 965.844116 -686.704651 ) (682.819336 962.386841 -686.703003 ) 
4 1529 1539 (672.797668 958.607178 -702.703979 ) (684.740479 974.747131 -702.703979 ) (689.413757 971.288025 -702.703979 ) (677.471191 955.149475 -702.703979 ) 
4 1530 1538 (684.097473 973.881287 -696.703613 ) (678.148438 965.843750 -686.704163 ) (682.820312 962.386719 -686.703369 ) (688.770203 970.424072 -696.704041 ) 
4 1530 1531 (692.339844 975.246094 -702.703979 ) (687.667297 978.704346 -702.703979 ) (684.097473 973.881287 -696.703613 ) (688.770203 970.424072 -696.704041 ) 
4 1530 1539 (684.740479 974.747131 -702.703979 ) (687.668213 978.703735 -702.703979 ) (692.341675 975.244690 -702.703979 ) (689.413757 971.288025 -702.703979 ) 
4 1531 1538 (696.503906 980.871094 -702.703979 ) (691.830261 984.330139 -702.703979 ) (684.101562 973.878906 -696.704529 ) (688.765625 970.425781 -696.704529 ) 
4 1531 1539 (687.668213 978.703735 -702.703979 ) (691.831787 984.330566 -702.703979 ) (696.505493 980.871399 -702.703979 ) (692.341675 975.244690 -702.703979 ) 
4 1532 1538 (677.531921 965.004028 -633.760071 ) (684.427246 974.323242 -622.157166 ) (689.088684 970.862976 -622.161255 ) (682.214783 961.573425 -633.727539 ) 
4 1532 1537 (684.427246 974.323242 -622.157166 ) (687.667969 978.703125 -616.703979 ) (692.332031 975.246094 -616.703979 ) (689.088684 970.862976 -622.161255 ) 
4 1532 1536 (677.464844 955.154297 -641.719849 ) (672.798462 958.606689 -641.725098 ) (677.531921 965.004028 -633.760071 ) (682.214783 961.573425 -633.727539 ) 
4 1533 1538 (715.741638 1016.641357 -695.590393 ) (707.890625 1006.031250 -702.703979 ) (712.570312 1002.570312 -702.703979 ) (720.403503 1013.158997 -695.605286 ) 
4 1533 1534 (721.186768 1024 -690.656738 ) (715.741638 1016.641357 -695.590393 ) (720.403503 1013.158997 -695.605286 ) (728.423340 1024 -688.337463 ) 
4 1533 1539 (707.891846 1006.034729 -702.703979 ) (721.185303 1024 -702.703979 ) (728.420776 1024 -702.703979 ) (712.566040 1002.574768 -702.703979 ) 
4 1534 1538 (721.181152 1024 -690.098145 ) (715.714844 1016.613281 -695.613831 ) (720.382812 1013.148438 -695.617981 ) (728.412415 1024 -687.515442 ) 
4 1535 1538 (712.562500 1002.585938 -616.703979 ) (707.893677 1006.034363 -616.703979 ) (721.186523 1024 -629.949158 ) (728.408508 1024 -632.492065 ) 
4 1536 1538 (677.463867 955.155273 -646.372009 ) (672.798401 958.606995 -646.361145 ) (677.528442 964.998535 -633.770325 ) (682.210083 961.569275 -633.737366 ) 
4 1537 1538 (689.090210 970.867432 -622.157654 ) (684.430969 974.326355 -622.153442 ) (691.236328 983.523438 -616.703979 ) (695.900879 980.071777 -616.703979 ) 
4 1538 1539 (691.831787 984.330566 -702.703979 ) (707.891846 1006.034729 -702.703979 ) (712.566040 1002.574768 -702.703979 ) (696.505493 980.871399 -702.703979 ) 
4 1539 1631 (721.184021 1024 -704 ) (728.409607 1024 -704 ) (642.581177 908.014038 -704 ) (637.914917 911.467041 -704 ) 
4 1539 1628 (642.581177 908.014038 -704 ) (640.597839 905.333740 -704 ) (635.931458 908.786499 -704 ) (637.914917 911.467041 -704 ) 
4 1539 1627 (640.597839 905.333740 -704 ) (592 839.660095 -704 ) (592 849.415955 -704 ) (635.931458 908.786499 -704 ) 
4 1539 1547 (592 849.415955 -704 ) (592 839.660095 -704 ) (592 839.660156 -702.703979 ) (592 849.415894 -702.703979 ) 
4 1539 1545 (638.312622 912.002319 -704 ) (618.889587 885.753479 -704 ) (619.146423 886.100586 -702.703979 ) (638.312622 912.002380 -702.703979 ) 
4 1539 1543 (618.889587 885.753479 -704 ) (592 849.414062 -704 ) (592 849.414001 -702.703979 ) (619.146423 886.100586 -702.703979 ) 
4 1540 1547 (592 849.410522 -600 ) (592 849.321533 1107.810059 ) (592 1024 1107.810059 ) (592 1024 -600 ) 
4 1540 1544 (629.152405 926.243958 -600 ) (592 953.734619 -600 ) (592 1024 -600 ) (701.485535 1024 -600 ) 
4 1540 1542 (641.882629 916.824341 -600 ) (640.692871 915.216370 -600 ) (592 951.249634 -600 ) (592 953.734619 -600 ) 
3 1540 1541 (640.692871 915.216370 -600 ) (592 849.410156 -600 ) (592 951.249634 -600 ) 
3 1541 1547 (592 849.414795 -681.863342 ) (592 849.410522 -600 ) (592 951.249695 -600 ) 
4 1541 1544 (626.175110 922.227905 -602.997559 ) (592 947.517212 -602.997620 ) (592 950.001770 -601 ) (627.365051 923.831055 -601 ) 
3 1541 1543 (638.908447 912.805359 -602.997559 ) (592 849.415771 -681.860413 ) (592 947.517212 -602.997620 ) 
4 1541 1542 (592 951.246094 -600 ) (640.691406 915.214844 -600 ) (640.095886 914.410034 -601.001221 ) (592 950.001770 -601 ) 
3 1542 1547 (592 950.007141 -600.998840 ) (592 951.249695 -600 ) (592 953.734619 -600 ) 
4 1542 1544 (627.371033 923.839111 -600.998169 ) (592 950.015137 -600.997253 ) (592 953.734375 -600 ) (629.152344 926.243958 -600 ) 
3 1543 1627 (618.888611 885.754211 -704 ) (592 849.415955 -704 ) (592 905.651611 -704 ) 
4 1543 1547 (592 905.651611 -704 ) (592 849.415955 -704 ) (592 849.414795 -681.863342 ) (592 947.515625 -603.001770 ) 
4 1543 1545 (638.312378 912.002258 -606 ) (618.887085 885.755371 -704 ) (606.036865 895.264709 -704 ) (625.576416 921.426208 -606.001465 ) 
4 1543 1544 (592 947.515625 -603.004211 ) (626.174133 922.226501 -603.003540 ) (606.036865 895.264709 -704 ) (592 905.652222 -704 ) 
4 1544 1630 (592 1024 -704 ) (701.292786 1024 -704 ) (625.062744 920.977539 -704 ) (592 945.443726 -704 ) 
4 1544 1628 (625.062744 920.977539 -704 ) (623.078918 918.296448 -704 ) (592 941.292603 -704 ) (592 945.443726 -704 ) 
4 1544 1627 (623.078918 918.296448 -704 ) (606.036743 895.264526 -704 ) (592 905.651611 -704 ) (592 941.292603 -704 ) 
6 1544 1547 (592 1024 -704 ) (592 905.651611 -704 ) (592 947.515625 -603.001770 ) (592 950.007141 -600.998840 ) (592 953.734619 -600 ) (592 1024 -600 ) 
3 1544 1545 (625.575317 921.426880 -606.002319 ) (606.036011 895.265564 -704 ) (625.458557 921.513550 -704 ) 
4 1545 1632 (638.311584 912.003113 -704 ) (637.914917 911.467041 -704 ) (625.062744 920.977600 -704 ) (625.459106 921.513245 -704 ) 
4 1545 1628 (637.914917 911.467041 -704 ) (635.931458 908.786499 -704 ) (623.078918 918.296509 -704 ) (625.062744 920.977600 -704 ) 
4 1545 1627 (635.931458 908.786499 -704 ) (618.888611 885.754211 -704 ) (606.036743 895.264526 -704 ) (623.078918 918.296509 -704 ) 
4 1546 2024 (736 0 -560 ) (736 0 1107.810059 ) (592 0 1107.810059 ) (592 0 -560 ) 
4 1546 1575 (592 0 -576 ) (592 0 1107.810059 ) (592 16 1107.810059 ) (592 16 -576 ) 
4 1547 1630 (560 1024 -704 ) (592 1024 -704 ) (592 945.443726 -704 ) (560 969.123596 -704 ) 
4 1547 1628 (592 945.443726 -704 ) (592 941.292725 -704 ) (560 964.970398 -704 ) (560 969.123596 -704 ) 
4 1547 1627 (592 941.292725 -704 ) (592 32 -704 ) (560 32 -704 ) (560 964.970398 -704 ) 
4 1547 1560 (560 32 -574.799988 ) (560 32 -570.799988 ) (560 1024 -570.799988 ) (560 1024 -574.799988 ) 
3 1547 1556 (560 1023.333313 -574.799988 ) (560 1024 -574.799988 ) (560 1024 -575.199951 ) 
5 1547 1555 (560 32 -586 ) (560 32 -574.799988 ) (560 1023.333313 -574.799988 ) (560 1024 -575.199951 ) (560 1024 -586 ) 
4 1547 1553 (560 1024 -704 ) (560 32 -704 ) (560 32 -590 ) (560 1024 -590 ) 
4 1547 1552 (560 32 -570.799988 ) (560 32 -465.199951 ) (560 1024 -465.199951 ) (560 1024 -570.799988 ) 
4 1547 1549 (560 32 -465.199951 ) (560 32 1107.810059 ) (560 1024 1107.810059 ) (560 1024 -465.199951 ) 
4 1547 1548 (560 32 1107.810059 ) (560 32 -576 ) (592 32 -576 ) (592 32 1107.810059 ) 
4 1548 1575 (592 16 -576 ) (592 16 1107.810059 ) (560 16 1107.810059 ) (560 16 -576 ) 
4 1548 1560 (560 16 -574.799988 ) (560 16 -570.799988 ) (560 32 -570.799988 ) (560 32 -574.799988 ) 
4 1548 1559 (560 16 -576 ) (560 16 -574.799988 ) (560 32 -574.799988 ) (560 32 -576 ) 
4 1548 1552 (560 16 -570.799988 ) (560 16 -465.199951 ) (560 32 -465.199951 ) (560 32 -570.799988 ) 
4 1548 1549 (560 16 -465.199951 ) (560 16 1107.810059 ) (560 32 1107.810059 ) (560 32 -465.199951 ) 
5 1549 1589 (448 928 1107.810059 ) (448 944 1107.810059 ) (448 944 -532.398010 ) (448 943.996643 -532.400024 ) (448 928 -532.400024 ) 
4 1549 1590 (448 31.996094 -532.399963 ) (448 31.996094 1107.810059 ) (448 928 1107.810059 ) (448 928 -532.400024 ) 
4 1549 1584 (448 944 1107.810059 ) (448 992 1107.810059 ) (448 992 -503.592102 ) (448 944 -532.398010 ) 
4 1549 1581 (448 992 1107.810059 ) (448 1008 1107.810059 ) (448 1008 -493.990143 ) (448 992 -503.592102 ) 
4 1549 1579 (448 1008 1107.810059 ) (448 1024 1107.810059 ) (448 1024 -484.388184 ) (448 1008 -493.990143 ) 
4 1549 1576 (512 16 1107.810059 ) (464 16 1107.810059 ) (464 16 -522.800049 ) (512 16 -494 ) 
4 1549 1575 (560 16 1107.810059 ) (512 16 1107.810059 ) (512 16 -494 ) (560 16 -465.199951 ) 
5 1549 1552 (560 1024 -465.199219 ) (560 16 -465.199219 ) (472 16 -518 ) (472 967.992310 -518 ) (528.018616 1024 -484.388031 ) 
4 1549 1551 (528.016846 1024 -484.389130 ) (472 967.995056 -518 ) (448 967.995056 -518 ) (448 1024 -484.389160 ) 
3 1550 1586 (448 985.333374 -532.400024 ) (448 950.668945 -532.400024 ) (448 968 -522 ) 
3 1550 1570 (448 950.670349 -532.399231 ) (448 959.328735 -532.399231 ) (452.329468 955 -529.801514 ) 
4 1550 1568 (448 959.328735 -532.399231 ) (448 985.332031 -532.399231 ) (465.331970 968 -522 ) (452.329468 955 -529.801514 ) 
4 1551 1585 (448 992 -532.400024 ) (448 991.996704 -532.400024 ) (448 967.994263 -517.998535 ) (448 992 -503.592133 ) 
4 1551 1581 (448 1008 -532.400024 ) (448 992 -532.400024 ) (448 992 -503.592133 ) (448 1008 -493.990173 ) 
4 1551 1579 (448 1024 -484.388184 ) (448 1024 -532.400024 ) (448 1008 -532.400024 ) (448 1008 -493.990173 ) 
4 1551 1564 (448 991.995361 -532.399231 ) (448 1024 -532.399231 ) (472 1024 -518 ) (472 967.996033 -518 ) 
4 1551 1552 (472 1024 -518 ) (528.018616 1024 -484.388031 ) (472.001190 967.994141 -517.998474 ) (472 967.996033 -518 ) 
3 1552 1577 (512 16 -494 ) (472 16 -518 ) (512 16 -542 ) 
4 1552 1575 (560 16 -570.799988 ) (560 16 -465.199951 ) (512 16 -494 ) (512 16 -542 ) 
4 1552 1564 (471.996094 967.996704 -518 ) (471.996094 1024 -518 ) (496 1024 -532.402161 ) (496 992 -532.402161 ) 
3 1552 1563 (512 1008 -542.002014 ) (496 992 -532.402161 ) (496 1008 -532.402161 ) 
4 1552 1562 (496 1024 -532.402161 ) (512 1024 -542.002014 ) (512 1008 -542.002014 ) (496 1008 -532.402161 ) 
3 1552 1561 (512 1024 -542.002014 ) (534.663635 1024 -555.599976 ) (512 1001.336731 -542.002014 ) 
5 1552 1560 (534.663635 1024 -555.599976 ) (560 1024 -570.801575 ) (560 16 -570.801575 ) (512 16 -542.002014 ) (512 1001.336731 -542.002014 ) 
4 1553 1630 (544 1024 -704 ) (560 1024 -704 ) (560 969.123596 -704 ) (544 980.963501 -704 ) 
4 1553 1628 (560 969.123596 -704 ) (560 964.970398 -704 ) (544 976.809326 -704 ) (544 980.963501 -704 ) 
4 1553 1627 (560 964.970398 -704 ) (560 32 -704 ) (544 32 -704 ) (544 976.809326 -704 ) 
4 1553 1573 (496 560 -704 ) (496 416 -704 ) (496 416 -576 ) (496 560 -576 ) 
4 1553 1574 (496 128 -704 ) (496 32 -704 ) (496 32 -576 ) (496 128 -576 ) 
4 1553 1572 (496 1024 -704 ) (496 992 -704 ) (496 992 -576 ) (496 1024 -576 ) 
5 1553 1569 (496 992 -563.333374 ) (496 1004.222290 -563.333374 ) (496 1008 -565.599976 ) (496 1008 -576 ) (496 992 -576 ) 
4 1553 1566 (496 1008 -565.599976 ) (496 1024 -575.200012 ) (496 1024 -576 ) (496 1008 -576 ) 
3 1553 1558 (526.400024 32 -576 ) (496 32 -563.333313 ) (496 32 -576 ) 
5 1553 1554 (524.490601 1024 -575.204651 ) (496 1004.214844 -563.333557 ) (496 32 -563.332275 ) (535.994324 32 -579.996582 ) (536.001282 1024 -580 ) 
3 1554 1569 (496 992 -556 ) (496 1004.222290 -563.333374 ) (496 992 -563.333374 ) 
4 1554 1558 (496 32 -556 ) (496 32 -563.333313 ) (526.400085 32 -576 ) (529.333374 32 -576 ) 
4 1555 1560 (512 32 -546 ) (560 32 -574.800720 ) (560 1023.334656 -574.800781 ) (512 975.331726 -546 ) 
5 1555 1559 (560 32 -576 ) (560 32 -574.792969 ) (496 32 -536.394531 ) (496 32 -552 ) (536 32 -576 ) 
5 1555 1556 (496 985.333435 -552 ) (496 959.332031 -536.399170 ) (560 1023.332031 -574.799194 ) (560 1024 -575.199951 ) (534.666382 1024 -575.199829 ) 
4 1556 1567 (496 992 -536.399963 ) (496 1008 -546 ) (496 1008 -552 ) (496 992 -552 ) 
3 1556 1565 (496 1008 -546 ) (496 1018 -552 ) (496 1008 -552 ) 
6 1556 1562 (496 1018.001465 -552 ) (496 1008 -546 ) (511.998657 1008 -546 ) (512 1008.001343 -546 ) (512 1024 -555.599182 ) (501.998566 1024 -555.599121 ) 
3 1556 1561 (512 1008.001343 -546 ) (527.998718 1024 -555.599243 ) (512 1024 -555.599182 ) 
5 1556 1560 (527.996094 1024 -555.597290 ) (512 1008.003906 -546 ) (512 975.331726 -546 ) (560 1023.334656 -574.800781 ) (560 1024 -574.800781 ) 
4 1556 1557 (496 991.997314 -552 ) (496 1018.002747 -552.001709 ) (501.997253 1024 -555.600037 ) (528.003906 1024 -571.201965 ) 
3 1557 1567 (496 1008 -561.601990 ) (496 991.996704 -552 ) (496 1008 -552 ) 
5 1557 1565 (496 1018 -552 ) (496 1024 -555.599976 ) (496 1024 -571.201965 ) (496 1008 -561.601990 ) (496 1008 -552 ) 
3 1557 1562 (496 1024 -555.599121 ) (496 1018.001465 -552 ) (501.998566 1024 -555.599121 ) 
4 1558 1578 (496 16 -556 ) (496 16 -576 ) (512 16 -576 ) (512 16 -565.599976 ) 
3 1558 1575 (512 16 -576 ) (529.333374 16 -576 ) (512 16 -565.599976 ) 
4 1559 1578 (512 16 -546 ) (496 16 -536.399963 ) (496 16 -552 ) (512 16 -561.599976 ) 
5 1559 1575 (560 16 -576 ) (560 16 -574.799988 ) (512 16 -546 ) (512 16 -561.599976 ) (536 16 -576 ) 
4 1559 1560 (512 16 -546 ) (560 16 -574.800720 ) (560 32 -574.800720 ) (512 32 -546 ) 
4 1560 1575 (560 16 -574.799988 ) (560 16 -570.799988 ) (512 16 -542 ) (512 16 -546 ) 
4 1560 1561 (512 1001.332031 -541.998474 ) (534.667969 1024 -555.599243 ) (527.998718 1024 -555.599243 ) (512 1008.001343 -546 ) 
4 1561 1562 (512 1024 -555.598450 ) (512 1008 -545.998413 ) (512 1008 -542 ) (512 1024 -542 ) 
4 1562 1565 (496 1024 -551.602051 ) (496 1024 -555.599976 ) (496 1008 -546 ) (496 1008 -542.002075 ) 
4 1562 1564 (496 1008 -532.402344 ) (496 1024 -532.402344 ) (496 1024 -551.602051 ) (496 1008 -542.002075 ) 
4 1562 1563 (496 1008 -532.410156 ) (496 1008 -542.002075 ) (512 1008 -542.002075 ) (512 1008 -542 ) 
3 1563 1564 (496 992 -532.402344 ) (496 1008 -532.402344 ) (496 1008 -542.002075 ) 
3 1564 1581 (448 991.996643 -532.400024 ) (448 1008 -532.400024 ) (448 1008 -542.002075 ) 
4 1564 1579 (448 1008 -532.400024 ) (448 1024 -532.400024 ) (448 1024 -551.602051 ) (448 1008 -542.002075 ) 
4 1564 1565 (496 1024 -551.601501 ) (496 1008 -542.001465 ) (448 1008 -542.001465 ) (448 1024 -551.601501 ) 
4 1565 1579 (448 1008 -542.002075 ) (448 1024 -551.602051 ) (448 1024 -571.201965 ) (448 1008 -561.601929 ) 
4 1565 1567 (496 1008 -561.601929 ) (496 1008 -546 ) (448 1008 -546 ) (448 1008 -561.601929 ) 
4 1566 1582 (448 1024 -575.200012 ) (448 1024 -576 ) (448 1008 -576 ) (448 1008 -565.599976 ) 
4 1566 1572 (496 1024 -576 ) (496 1008 -576 ) (448 1008 -576 ) (448 1024 -576 ) 
4 1566 1569 (448 1008 -576 ) (496 1008 -576 ) (496 1008 -565.599976 ) (448 1008 -565.599976 ) 
4 1567 1580 (448 1008 -546 ) (448 1008 -561.601929 ) (448 992 -552.001953 ) (448 992 -536.400024 ) 
4 1568 1586 (448 959.330139 -532.400024 ) (448 985.333435 -532.400024 ) (448 991.333374 -536 ) (448 965.330078 -536 ) 
4 1568 1571 (458.994171 955.002502 -529.803467 ) (485.005707 955.002502 -529.803406 ) (472.003143 968.003174 -522.001892 ) (471.996735 968.003174 -522.001892 ) 
5 1568 1570 (485.001831 954.995911 -529.801086 ) (452.331512 954.995911 -529.801086 ) (448 959.327820 -532.400208 ) (448 965.327454 -536 ) (495.333405 965.327393 -536 ) 
4 1569 1582 (448 1008 -565.599976 ) (448 1008 -576 ) (448 992 -576 ) (448 992 -556 ) 
4 1569 1572 (496 1008 -576 ) (496 992 -576 ) (448 992 -576 ) (448 1008 -576 ) 
4 1570 1586 (448 950.669006 -532.400024 ) (448 959.330139 -532.400024 ) (448 965.330078 -536 ) (448 944.669861 -536 ) 
4 1570 1571 (448.666595 944.676392 -536 ) (495.333344 944.676331 -536 ) (485.005707 955.002502 -529.803406 ) (458.994171 955.002502 -529.803467 ) 
4 1571 1578 (464 16 -526.799988 ) (464 16 -536 ) (495.333344 16 -536 ) (472 16 -522 ) 
4 1572 1596 (448 1024 -704 ) (448 992 -704 ) (448 992 -576 ) (448 1024 -576 ) 
4 1573 1599 (448 416 -651.603394 ) (448 416 -576 ) (448 560 -576 ) (448 560 -632.403442 ) 
4 1573 1598 (448 560 -704 ) (448 416 -704 ) (448 416 -651.603394 ) (448 560 -632.403442 ) 
4 1574 1599 (448 31.996094 -702.803955 ) (448 31.996094 -576 ) (448 128 -576 ) (448 128 -690.003418 ) 
4 1574 1598 (448 128 -704 ) (448 31.996094 -704 ) (448 31.996094 -702.803955 ) (448 128 -690.003418 ) 
4 1575 2024 (592 0 -560 ) (592 0 1107.810059 ) (512 0 1107.810059 ) (512 0 -560 ) 
4 1575 1578 (512 16 -546 ) (512 16 -576 ) (512 0 -576 ) (512 0 -546 ) 
4 1575 1577 (512 16 -494 ) (512 16 -542 ) (512 0 -542 ) (512 0 -494 ) 
4 1575 1576 (512 16 1107.810059 ) (512 16 -494 ) (512 0 -494 ) (512 0 1107.810059 ) 
4 1576 2025 (480 0 1107.810059 ) (480 0 -513.199951 ) (512 0 -494 ) (512 0 1107.810059 ) 
5 1576 1577 (471.998566 16 -518 ) (512 16 -493.998047 ) (512 0 -493.998047 ) (480 0 -513.198242 ) (471.998566 8.001409 -518 ) 
4 1577 2025 (480 0 -513.199951 ) (480 0 -522.799988 ) (512 0 -542 ) (512 0 -494 ) 
4 1578 2026 (480 0 -526.799988 ) (480 0 -560 ) (512 0 -560 ) (512 0 -546 ) 
4 1579 1732 (0 1024 1107.810059 ) (0 1024 -571.201904 ) (0 1008 -561.601929 ) (0 1008 1107.810059 ) 
4 1579 1581 (448 1008 -542.002075 ) (448 1008 1107.810059 ) (0 1008 1107.810059 ) (0 1008 -542.001953 ) 
4 1579 1580 (0 1008 -561.599609 ) (448 1008 -561.599609 ) (448 1008 -546 ) (0 1008 -546 ) 
4 1580 1733 (0 1008 -561.601929 ) (0 992 -552.001953 ) (0 992 -536.399963 ) (0 1008 -546 ) 
4 1581 1734 (0 992 -532.401978 ) (0 992 1107.810059 ) (0 1008 1107.810059 ) (0 1008 -542.001953 ) 
4 1581 1585 (448 992 -532.401978 ) (448 992 -503.591980 ) (0 992 -503.591919 ) (0 992 -532.402100 ) 
4 1581 1584 (448 992 -503.591980 ) (448 992 1107.810059 ) (0 992 1107.810059 ) (0 992 -503.591919 ) 
4 1582 1735 (0 1024 -575.200012 ) (0 1024 -576 ) (0 992 -576 ) (0 992 -556 ) 
4 1582 1596 (448 1024 -576 ) (448 992 -576 ) (64 992 -576 ) (64 1024 -576 ) 
4 1582 1597 (64 992 -576 ) (0 992 -576 ) (0 1024 -576 ) (64 1024 -576 ) 
4 1583 1601 (418.400024 61.596062 -576 ) (414.666809 65.329277 -576 ) (414.666809 944 -576 ) (418.400024 944 -576 ) 
4 1583 1599 (448 944 -576 ) (448 31.996094 -576 ) (418.400024 61.596062 -576 ) (418.400024 944 -576 ) 
3 1583 1595 (414.665771 944 -576 ) (414.665771 910.666077 -576 ) (448 944 -556 ) 
4 1584 1737 (0 944 -532.398010 ) (0 944 1107.810059 ) (0 992 1107.810059 ) (0 992 -503.592041 ) 
4 1584 1593 (432 944 1107.810059 ) (0 944 1107.810059 ) (0 944 -532.398071 ) (432 944 -532.398010 ) 
4 1584 1589 (448 944 -532.398010 ) (448 944 1107.810059 ) (432 944 1107.810059 ) (432 944 -532.398010 ) 
4 1584 1585 (0 967.995117 -518 ) (0 992 -503.593750 ) (448 992 -503.593750 ) (448 967.995117 -518 ) 
3 1585 1738 (0 967.994202 -517.998474 ) (0 992 -503.592041 ) (0 992 -532.401978 ) 
3 1586 1739 (0 944.669861 -536 ) (0 968 -522 ) (0 991.333374 -536 ) 
4 1587 1741 (0 904 -576 ) (0 878.012329 -576 ) (0 944 -536.401978 ) (0 944 -552 ) 
4 1587 1608 (0 878.012329 -576 ) (0 904 -576 ) (364 904 -576 ) (364 878.012329 -576 ) 
4 1587 1604 (364 904 -576 ) (408 904 -576 ) (408 878.012329 -576 ) (364 878.012329 -576 ) 
5 1587 1594 (0 928 -546.003479 ) (0 878.011719 -576 ) (408.003906 878.011719 -576 ) (432 902.004944 -561.602356 ) (432 928 -546.003479 ) 
4 1587 1592 (432 928 -546.003479 ) (432 902.004944 -561.602356 ) (448 918.003052 -552.002319 ) (448 928 -546.003479 ) 
5 1587 1591 (448 944 -536.402344 ) (447.995972 944 -536.402344 ) (432 928.005920 -546 ) (432 928 -546.003479 ) (448 928 -546.003479 ) 
3 1588 1750 (0 944 -576 ) (0 910.666138 -576 ) (0 944 -556 ) 
4 1588 1605 (0 910.666138 -576 ) (0 944 -576 ) (364 944 -576 ) (364 910.666138 -576 ) 
4 1588 1602 (364 944 -576 ) (408 944 -576 ) (408 910.666138 -576 ) (364 910.666138 -576 ) 
3 1588 1595 (408.003906 910.666138 -576 ) (408.003906 944 -576 ) (441.337799 944 -556 ) 
4 1589 1593 (432 944 1107.810059 ) (432 944 -532.397949 ) (432 928 -542 ) (432 928 1107.810059 ) 
4 1589 1590 (432 928 1107.810059 ) (432 928 -542 ) (448 928 -532.400024 ) (448 928 1107.810059 ) 
4 1590 1594 (432 928 -542 ) (432 48 -542 ) (432 48.003906 1107.810059 ) (432 928 1107.810059 ) 
4 1591 1592 (432 928 -546 ) (432 928 -546.003296 ) (448 928 -546.003296 ) (448 928 -536.399902 ) 
4 1592 1594 (432 928 -546 ) (432 902.003174 -561.600037 ) (432 48 -561.600037 ) (432 48 -546 ) 
4 1593 1743 (0 928 1107.810059 ) (0 944 1107.810059 ) (0 944 -532.397949 ) (0 928 -542 ) 
4 1593 1594 (432 928 -542 ) (432 928 1107.810059 ) (0 928 1107.810059 ) (0 928 -542 ) 
5 1594 1744 (0 878.012329 -576 ) (0 480 -576 ) (0 480 1107.810059 ) (0 928 1107.810059 ) (0 928 -546.003296 ) 
4 1594 1620 (0 848 -576 ) (0 860 -576 ) (352 860 -576 ) (352 848 -576 ) 
4 1594 1621 (352 127.996078 -576 ) (0 479.996094 -576 ) (0 848 -576 ) (352 848 -576 ) 
4 1594 1619 (356 123.996078 -576 ) (352 127.996078 -576 ) (352 860 -576 ) (356 860 -576 ) 
4 1594 1612 (364 115.996078 -576 ) (356 123.996078 -576 ) (356 492 -576 ) (364 492 -576 ) 
4 1594 1609 (356 492 -576 ) (356 860 -576 ) (364 860 -576 ) (364 492 -576 ) 
4 1594 1608 (0 860 -576 ) (0 878.012329 -576 ) (364 878.012329 -576 ) (364 860 -576 ) 
4 1594 1604 (408 71.996101 -576 ) (364 115.996078 -576 ) (364 878.012329 -576 ) (408 878.012329 -576 ) 
4 1595 1602 (408 910.666077 -576 ) (408 944 -576 ) (414.666809 944 -576 ) (414.666809 910.666077 -576 ) 
4 1596 1597 (64 1024 -704 ) (64 992 -704 ) (64 992 -576 ) (64 1024 -576 ) 
4 1597 1755 (0 1024 -576 ) (0 1024 -704 ) (0 944 -704 ) (0 944 -576 ) 
4 1597 1605 (64 944 -576 ) (0 944 -576 ) (0 944 -704 ) (64 944 -704 ) 
4 1598 1614 (364 308 -704 ) (364 124 -704 ) (364 124 -690.536743 ) (364 308 -666.003418 ) 
4 1598 1613 (364 484 -704 ) (364 316 -704 ) (364 316 -664.936768 ) (364 484 -642.536743 ) 
4 1598 1611 (364 660 -704 ) (364 492 -704 ) (364 492 -641.470093 ) (364 660 -619.070068 ) 
4 1598 1610 (364 852 -704 ) (364 668 -704 ) (364 668 -618.003418 ) (364 852 -593.470032 ) 
3 1598 1606 (364 860 -606.399597 ) (364 860 -592.403381 ) (364 889.991882 -588.404480 ) 
5 1598 1605 (364 944 -581.203369 ) (364 944 -704 ) (364 860 -704 ) (364 860 -606.399597 ) (364 889.991882 -588.404480 ) 
5 1598 1603 (364 889.993591 -588.403503 ) (364 877.973877 -590.006104 ) (381.954315 877.974304 -590.006042 ) (382 878.020081 -590 ) (386.150940 889.993652 -588.403442 ) 
4 1598 1602 (404.873169 944 -581.202637 ) (364 944 -581.202637 ) (364 889.993591 -588.403503 ) (386.150940 889.993652 -588.403442 ) 
3 1598 1600 (364 860.020142 -592.399963 ) (364 826.096680 -596.923096 ) (382 878.020081 -590 ) 
5 1598 1599 (448 944 -581.202637 ) (404.873169 944 -581.202637 ) (364 826.096680 -596.923096 ) (364 116 -691.602661 ) (448 31.996094 -702.802734 ) 
4 1599 1614 (364 308 -666.003418 ) (364 124 -690.536743 ) (364 124 -596.923035 ) (364 308 -596.923096 ) 
4 1599 1613 (364 484 -642.536743 ) (364 316 -664.936768 ) (364 316 -596.923096 ) (364 484 -596.923096 ) 
4 1599 1611 (364 660 -619.070068 ) (364 492 -641.470093 ) (364 492 -596.923096 ) (364 660 -596.923096 ) 
3 1599 1610 (364 826.102173 -596.923096 ) (364 668 -618.003418 ) (364 668 -596.923096 ) 
5 1599 1603 (386.146423 889.990845 -588.405090 ) (382 878.028381 -590 ) (382 877.989929 -590 ) (408.001312 903.991699 -580 ) (408.001312 904 -580 ) 
4 1599 1602 (408.001251 944 -580 ) (404.869141 944 -581.204102 ) (386.146423 889.990845 -588.405090 ) (408.001312 904 -580 ) 
4 1599 1601 (418.398438 944 -576 ) (408.001251 944 -580 ) (408.002869 72 -579.998352 ) (418.398438 61.605469 -576 ) 
4 1599 1600 (382 878.028381 -590 ) (364 826.105469 -596.922852 ) (364 116 -596.922852 ) (381.998688 98.002594 -590 ) 
4 1600 1614 (364 308 -596.923096 ) (364 124 -596.923035 ) (364 124 -592.399963 ) (364 308 -592.399963 ) 
4 1600 1613 (364 484 -596.923096 ) (364 316 -596.923096 ) (364 316 -592.399963 ) (364 484 -592.399963 ) 
4 1600 1611 (364 660 -596.923096 ) (364 492 -596.923096 ) (364 492 -592.399963 ) (364 660 -592.399963 ) 
5 1600 1610 (364 852 -593.470032 ) (364 826.102173 -596.923096 ) (364 668 -596.923096 ) (364 668 -592.399963 ) (364 852 -592.399963 ) 
4 1601 1602 (414.667969 944 -576 ) (408 944 -580 ) (408 904 -580 ) (414.667969 910.666077 -576 ) 
4 1602 1605 (364 944 -576 ) (364 944 -581.203369 ) (364 889.991882 -588.404480 ) (364 910.666077 -576 ) 
5 1602 1603 (364 904 -579.995972 ) (364 889.984619 -588.405457 ) (386.142639 889.984619 -588.405457 ) (407.981812 903.981812 -580.007019 ) (408 904 -579.996094 ) 
3 1603 1607 (364 889.991882 -588.404480 ) (364 877.970947 -590.007263 ) (364 904.016357 -579.989807 ) 
4 1604 1612 (364 116.003906 -588.399963 ) (364 116.003906 -576 ) (364 492 -576 ) (364 492 -588.399963 ) 
4 1604 1609 (364 492 -576 ) (364 860 -576 ) (364 860 -588.399963 ) (364 492 -588.399963 ) 
4 1604 1608 (364 860 -576 ) (364 904 -576 ) (364 878 -586 ) (364 860 -588.399963 ) 
4 1605 1775 (0 889.991882 -588.404480 ) (0 898.570679 -583.257202 ) (0 944 -577.199951 ) (0 944 -581.203369 ) 
4 1605 1767 (0 898.570679 -583.257202 ) (0 910.666077 -576 ) (0 944 -576 ) (0 944 -577.199951 ) 
5 1605 1757 (0 944 -704 ) (0 860 -704 ) (0 860 -606.399597 ) (0 889.991882 -588.404480 ) (0 944 -581.203369 ) 
4 1605 1615 (356 860 -606.399597 ) (172 860 -606.399597 ) (172 860 -704 ) (356 860 -704 ) 
4 1605 1617 (164 860 -606.399597 ) (0 860 -606.399597 ) (0 860 -704 ) (164 860 -704 ) 
4 1605 1607 (364 889.989441 -588.404785 ) (364 904.010742 -579.992004 ) (0 904.010742 -579.992004 ) (0 889.989441 -588.404785 ) 
4 1605 1606 (0 860 -606.398438 ) (364 860 -606.398438 ) (364 889.989441 -588.404785 ) (0 889.989441 -588.404785 ) 
3 1606 1757 (0 860 -606.399597 ) (0 860 -592.403381 ) (0 889.991882 -588.404480 ) 
4 1606 1615 (356 860 -592.403381 ) (172 860 -592.403442 ) (172 860 -606.399597 ) (356 860 -606.399597 ) 
4 1606 1617 (164 860 -592.403442 ) (0 860 -592.403442 ) (0 860 -606.399597 ) (164 860 -606.399597 ) 
4 1606 1607 (364 889.994141 -588.404053 ) (0 889.994141 -588.404053 ) (0 877.971375 -590.007080 ) (364 877.971375 -590.007080 ) 
4 1607 1775 (0 898.570679 -583.257202 ) (0 889.991882 -588.404480 ) (0 877.970764 -590.007263 ) (0 893.902771 -583.879639 ) 
3 1607 1768 (0 904.016357 -579.989807 ) (0 898.570679 -583.257202 ) (0 893.902771 -583.879639 ) 
4 1608 1766 (0 860 -588.400024 ) (0 860 -576 ) (0 904 -576 ) (0 878 -586 ) 
4 1608 1620 (352 860 -576 ) (0 860 -576 ) (0 860 -588.399963 ) (352 860 -588.400024 ) 
4 1608 1619 (356 860 -576 ) (352 860 -576 ) (352 860 -588.400024 ) (356 860 -588.400024 ) 
4 1608 1609 (364 860 -588.400024 ) (364 860 -576 ) (356 860 -576 ) (356 860 -588.400024 ) 
5 1609 1619 (356 860 -576 ) (356 860 -588.400024 ) (356 852 -589.466614 ) (356 492 -589.466614 ) (356 492 -576 ) 
4 1609 1612 (356 492 -576 ) (356 492 -589.466614 ) (364 492 -588.399963 ) (364 492 -576 ) 
4 1610 1618 (356 668 -618.003418 ) (356 668 -593.466614 ) (356 852 -593.466614 ) (356 852 -593.470032 ) 
4 1610 1615 (356 852 -704 ) (356 668 -704 ) (356 668 -618.003418 ) (356 852 -593.470032 ) 
4 1611 1618 (356 492 -641.470093 ) (356 492 -593.466614 ) (356 660 -593.466614 ) (356 660 -619.070129 ) 
4 1611 1615 (356 660 -704 ) (356 492 -704 ) (356 492 -641.470093 ) (356 660 -619.070129 ) 
4 1612 1619 (356 124.003906 -589.466614 ) (356 124.003906 -576 ) (356 492 -576 ) (356 492 -589.466614 ) 
4 1613 1618 (356 316 -664.936768 ) (356 316 -593.466614 ) (356 484 -593.466614 ) (356 484 -642.536743 ) 
4 1613 1615 (356 484 -704 ) (356 316 -704 ) (356 316 -664.936768 ) (356 484 -642.536743 ) 
4 1614 1618 (356 124.003899 -690.536255 ) (356 124.003906 -593.466614 ) (356 308 -593.466614 ) (356 308 -666.003418 ) 
4 1614 1615 (356 308 -704 ) (356 124.003899 -704 ) (356 124.003899 -690.536255 ) (356 308 -666.003418 ) 
4 1615 1636 (352 128 -704 ) (172 308 -704 ) (172 848 -704 ) (352 848 -704 ) 
4 1615 1621 (172 848 -594.003296 ) (172 308 -666.002930 ) (352 128 -690.002808 ) (352 848 -594.003296 ) 
4 1615 1618 (356 124 -690.536133 ) (356 852.025330 -593.466614 ) (352 848.025085 -594 ) (352 128 -690.002808 ) 
4 1615 1616 (172 308.003906 -704 ) (172 308.003906 -666.003906 ) (172 852 -593.469971 ) (172 852 -704 ) 
4 1616 1636 (172 848 -704 ) (172 308 -704 ) (164 316 -704 ) (164 848 -704 ) 
4 1616 1621 (164 848 -594.003296 ) (164 316 -664.936279 ) (172 308 -666.002930 ) (172 848 -594.003296 ) 
4 1616 1617 (164 316.003906 -704 ) (164 316.003906 -664.937500 ) (164 852 -593.470032 ) (164 852 -704 ) 
4 1617 1779 (0 848 -704 ) (0 480 -704 ) (0 480 -643.070068 ) (0 848 -594.003357 ) 
4 1617 1758 (0 860 -704 ) (0 852 -704 ) (0 852 -593.470032 ) (0 860 -592.403381 ) 
4 1617 1762 (0 852 -704 ) (0 848 -704 ) (0 848 -594.003357 ) (0 852 -593.470032 ) 
4 1617 1636 (0 480 -704 ) (0 848 -704 ) (164 848 -704 ) (164 316 -704 ) 
4 1617 1621 (0 848 -594.003296 ) (0 480 -643.069702 ) (164 316 -664.936279 ) (164 848 -594.003296 ) 
3 1618 1621 (352 848.025146 -594 ) (352 128 -690.003296 ) (352 128.003281 -594 ) 
4 1619 1620 (352 860 -576 ) (352 860 -588.399963 ) (352 848 -590 ) (352 848 -576 ) 
4 1619 1621 (352 848 -590 ) (352 128.003418 -590 ) (352 128.003906 -576 ) (352 848 -576 ) 
4 1620 1766 (0 848 -576 ) (0 860 -576 ) (0 860 -588.400024 ) (0 848 -590 ) 
4 1620 1621 (352 848 -590 ) (352 848 -576 ) (0 848 -576 ) (0 848 -590 ) 
4 1621 1779 (0 480 -643.070068 ) (0 480 -576 ) (0 848 -576 ) (0 848 -594.003357 ) 
4 1622 1640 (752 1024 -712 ) (768 1024 -712 ) (768 928 -712 ) (752 928 -712 ) 
4 1622 1625 (752 1024 -712 ) (752 928 -712 ) (752 928 -704 ) (752 1024 -704 ) 
4 1623 1641 (784 912 -712 ) (784 32 -712 ) (768 32 -712 ) (768 912 -712 ) 
4 1623 1637 (768 32 -712 ) (784 32 -712 ) (784 32 -704 ) (768 32 -704 ) 
4 1623 1624 (768 863.065063 -712 ) (768 32 -712 ) (768 32 -704 ) (768 863.065063 -704 ) 
4 1624 1642 (768 32 -712 ) (752 32 -712 ) (752 863.065063 -712 ) (768 863.065063 -712 ) 
4 1624 1637 (752 32 -712 ) (768 32 -712 ) (768 32 -704 ) (752 32 -704 ) 
4 1624 1626 (752 863.065063 -712 ) (752 32 -712 ) (752 32 -704 ) (752 863.065063 -704 ) 
4 1625 1643 (736 1024 -712 ) (752 1024 -712 ) (752 881.245972 -712 ) (736 881.245972 -712 ) 
4 1625 1631 (736 1024 -712 ) (736 881.245972 -712 ) (736 881.245972 -704 ) (736 1024 -704 ) 
4 1626 1644 (752 872 -712 ) (752 32 -712 ) (736 32 -712 ) (736 872 -712 ) 
4 1626 1637 (736 32 -712 ) (752 32 -712 ) (752 32 -704 ) (736 32 -704 ) 
6 1626 1631 (736 872 -712 ) (736 847.183411 -712 ) (736 843.453186 -711 ) (736 840.953857 -708.991638 ) (736 838.884827 -704 ) (736 872 -704 ) 
3 1626 1629 (736 847.183411 -712 ) (736 844.697083 -712 ) (736 843.453186 -711 ) 
3 1626 1628 (736 840.953857 -708.991638 ) (736 834.742798 -704 ) (736 838.884827 -704 ) 
4 1626 1627 (736 844.697083 -712 ) (736 32 -712 ) (736 32 -704 ) (736 834.742798 -704 ) 
4 1627 1645 (736 844.697144 -712 ) (736 32 -712 ) (544 32 -712 ) (544 986.763550 -712 ) 
4 1627 1637 (592 32 -712 ) (736 32 -712 ) (736 32 -704 ) (592 32 -704 ) 
4 1627 1631 (638.905945 912.806580 -709.001099 ) (736 840.956543 -708.998413 ) (736 843.444580 -710.997986 ) (640.094788 914.413330 -711 ) 
4 1627 1630 (544 985.522339 -711 ) (544 983.037476 -709.003723 ) (626.047974 922.321533 -709.001465 ) (627.234375 923.929871 -711 ) 
4 1627 1629 (544 986.765625 -712 ) (544 985.522339 -711 ) (736 843.444580 -710.997986 ) (736 844.691345 -712 ) 
4 1627 1628 (544 983.037476 -709.003723 ) (544 976.811462 -704 ) (736 834.737122 -704 ) (736 840.956543 -708.998413 ) 
4 1628 1632 (625.456726 921.514954 -705.993225 ) (625.064087 920.979309 -704 ) (637.916199 911.468750 -704 ) (638.311584 912.003174 -705.995178 ) 
4 1628 1631 (736 838.886841 -704 ) (736 840.957031 -708.994324 ) (638.907349 912.808594 -709.001892 ) (637.916199 911.468750 -704 ) 
4 1628 1630 (626.049561 922.323730 -709.002869 ) (544 983.042969 -709.009216 ) (544 980.966614 -704 ) (625.064087 920.979309 -704 ) 
4 1629 1645 (736 847.183350 -712 ) (736 844.697144 -712 ) (544 986.763550 -712 ) (544 989.250732 -712 ) 
4 1629 1631 (640.097168 914.416626 -711.001221 ) (736 843.455566 -711.001404 ) (736 847.181641 -712 ) (641.877563 916.822693 -712 ) 
4 1629 1630 (544 989.242188 -712 ) (544 985.521484 -711.001038 ) (627.236389 923.932678 -711.001221 ) (629.015381 926.339417 -712 ) 
4 1630 1645 (544 1024 -712 ) (701.277954 1024 -712 ) (629.018005 926.343018 -712 ) (544 989.250732 -712 ) 
3 1630 1632 (625.063477 920.970947 -704 ) (625.460327 921.512329 -706.014709 ) (625.462769 921.510559 -704 ) 
4 1631 1645 (721.183716 1024 -712 ) (736 1024 -712 ) (736 847.183350 -712 ) (641.880005 916.825989 -712 ) 
3 1631 1632 (638.314636 912 -705.998901 ) (637.918518 911.465454 -704 ) (638.314697 912 -704 ) 
4 1633 1648 (488 560 -712 ) (448 560 -712 ) (448 912 -712 ) (488 912 -712 ) 
4 1633 1647 (448 912 -712 ) (448 984 -712 ) (488 984 -712 ) (488 912 -712 ) 
4 1633 1635 (448 992 -712 ) (448 944 -712 ) (448 944 -704 ) (448 992 -704 ) 
4 1634 1648 (488 128 -712 ) (448 128 -712 ) (448 416 -712 ) (488 416 -712 ) 
4 1635 1652 (416 984 -712 ) (416 944 -712 ) (64 944 -712 ) (64 984 -712 ) 
4 1635 1647 (448 984 -712 ) (448 944 -712 ) (416 944 -712 ) (416 984 -712 ) 
4 1636 1853 (0 848 -712 ) (0 128 -712 ) (0 128 -704 ) (0 848 -704 ) 
4 1636 1662 (0 128 -712 ) (0 848 -712 ) (352 848 -712 ) (352 128 -712 ) 
4 1637 2073 (784 0 -712 ) (784 0 -704 ) (768 0 -704 ) (768 0 -712 ) 
4 1637 1668 (592 32 -712 ) (752 32 -712 ) (752 0 -712 ) (592 0 -712 ) 
4 1637 1642 (752 32 -712 ) (768 32 -712 ) (768 0 -712 ) (752 0 -712 ) 
4 1637 1641 (768 32 -712 ) (784 32 -712 ) (784 0 -712 ) (768 0 -712 ) 
4 1637 1638 (592 16 -712 ) (592 0 -712 ) (592 0 -704 ) (592 16 -704 ) 
4 1638 2074 (384 0 -704 ) (336 0 -704 ) (336 0 -712 ) (384 0 -712 ) 
4 1638 1669 (592 16 -712 ) (592 0 -712 ) (336 0 -712 ) (336 16 -712 ) 
4 1638 1639 (336 16 -712 ) (336 0 -712 ) (336 0 -704 ) (336 16 -704 ) 
4 1639 2074 (336 0 -704 ) (288 0 -704 ) (288 0 -712 ) (336 0 -712 ) 
4 1639 1670 (288 32 -712 ) (336 32 -712 ) (336 0 -712 ) (288 0 -712 ) 
4 1640 1643 (752 1024 -720 ) (752 928 -720 ) (752 928 -712 ) (752 1024 -712 ) 
4 1641 2073 (784 0 -720 ) (784 0 -712 ) (768 0 -712 ) (768 0 -720 ) 
4 1641 1672 (784 912 -720 ) (784 0 -720 ) (768 0 -720 ) (768 912 -720 ) 
4 1641 1642 (768 863.065063 -720 ) (768 0 -720 ) (768 0 -712 ) (768 863.065063 -712 ) 
4 1642 1673 (768 0 -720 ) (752 0 -720 ) (752 863.065063 -720 ) (768 863.065063 -720 ) 
4 1642 1668 (752 32 -720 ) (752 0 -720 ) (752 0 -712 ) (752 32 -712 ) 
4 1642 1644 (752 863.065063 -720 ) (752 32 -720 ) (752 32 -712 ) (752 863.065063 -712 ) 
4 1643 1645 (736 1024 -720 ) (736 881.245972 -720 ) (736 881.245972 -712 ) (736 1024 -712 ) 
4 1644 1673 (752 872 -720 ) (752 32 -720 ) (736 32 -720 ) (736 872 -720 ) 
4 1644 1668 (736 32 -720 ) (752 32 -720 ) (752 32 -712 ) (736 32 -712 ) 
4 1644 1645 (736 872 -720 ) (736 32 -720 ) (736 32 -712 ) (736 872 -712 ) 
4 1645 1674 (736 128 -720 ) (736 32 -720 ) (608 32 -720 ) (608 128 -720 ) 
4 1645 1668 (592 32 -720 ) (736 32 -720 ) (736 32 -712 ) (592 32 -712 ) 
4 1645 1646 (496 1024 -720 ) (496 992 -720 ) (496 992 -712 ) (496 1024 -712 ) 
4 1646 1651 (416 1024 -720 ) (416 992 -720 ) (416 992 -712 ) (416 1024 -712 ) 
4 1647 1678 (416 912 -720 ) (416 984 -720 ) (488 984 -720 ) (488 912 -720 ) 
4 1647 1652 (416 984 -720 ) (416 920 -720 ) (416 920 -712 ) (416 984 -712 ) 
4 1647 1649 (424 912 -720 ) (448 912 -720 ) (448 912 -712 ) (424 912 -712 ) 
4 1647 1648 (448 912 -720 ) (488 912 -720 ) (488 912 -712 ) (448 912 -712 ) 
4 1648 1679 (448 128 -720 ) (448 912 -720 ) (488 912 -720 ) (488 128 -720 ) 
4 1648 1649 (448 912 -712 ) (448 912 -720 ) (448 128 -720 ) (448 128 -712 ) 
4 1649 1679 (448 32 -720 ) (424 32 -720 ) (424 912 -720 ) (448 912 -720 ) 
4 1649 1650 (424 64 -720 ) (424 32 -720 ) (424 32 -712 ) (424 64 -712 ) 
4 1650 1680 (424 32 -720 ) (416 32 -720 ) (416 64 -720 ) (424 64 -720 ) 
4 1650 1667 (416 56 -720 ) (416 32 -720 ) (416 32 -712 ) (416 56 -712 ) 
4 1651 1856 (0 1024 -712 ) (0 1024 -720 ) (0 992 -720 ) (0 992 -712 ) 
4 1652 1857 (0 984 -720 ) (0 920 -720 ) (0 920 -712 ) (0 984 -712 ) 
4 1652 1681 (416 984 -720 ) (416 920 -720 ) (0 920 -720 ) (0 984 -720 ) 
4 1653 1861 (0 912 -720 ) (0 860 -720 ) (0 860 -712 ) (0 912 -712 ) 
4 1653 1691 (163 861 -720 ) (163 864 -720 ) (173 864 -720 ) (173 861 -720 ) 
4 1653 1690 (176 860 -720 ) (173 860 -720 ) (173 864 -720 ) (176 864 -720 ) 
4 1653 1689 (163 860 -720 ) (160 860 -720 ) (160 864 -720 ) (163 864 -720 ) 
4 1653 1688 (352 860 -720 ) (176 860 -720 ) (176 864 -720 ) (352 864 -720 ) 
4 1653 1693 (160 860 -720 ) (0 860 -720 ) (0 864 -720 ) (160 864 -720 ) 
4 1653 1687 (368 860 -720 ) (365 860 -720 ) (365 861 -720 ) (368 861 -720 ) 
4 1653 1686 (355 860 -720 ) (352 860 -720 ) (352 861 -720 ) (355 861 -720 ) 
4 1653 1685 (352 861 -720 ) (352 864 -720 ) (368 864 -720 ) (368 861 -720 ) 
4 1653 1683 (416 864 -720 ) (416 860 -720 ) (368 860 -720 ) (368 864 -720 ) 
4 1653 1682 (416 912 -720 ) (416 864 -720 ) (0 864 -720 ) (0 912 -720 ) 
4 1653 1655 (172 860 -720 ) (356 860 -720 ) (356 860 -712 ) (172 860 -712 ) 
4 1653 1656 (0 860 -720 ) (164 860 -720 ) (164 860 -712 ) (0 860 -712 ) 
4 1653 1654 (364 860 -720 ) (416 860 -720 ) (416 860 -712 ) (364 860 -712 ) 
4 1654 1687 (368 852 -720 ) (365 852 -720 ) (365 860 -720 ) (368 860 -720 ) 
4 1654 1683 (416 860 -720 ) (416 852 -720 ) (368 852 -720 ) (368 860 -720 ) 
4 1654 1657 (364 852 -720 ) (416 852 -720 ) (416 852 -712 ) (364 852 -712 ) 
4 1655 1690 (176 852 -720 ) (173 852 -720 ) (173 860 -720 ) (176 860 -720 ) 
4 1655 1688 (352 852 -720 ) (176 852 -720 ) (176 860 -720 ) (352 860 -720 ) 
4 1655 1686 (355 852 -720 ) (352 852 -720 ) (352 860 -720 ) (355 860 -720 ) 
4 1655 1662 (172 852 -720 ) (356 852 -720 ) (356 852 -712 ) (172 852 -712 ) 
4 1656 1862 (0 860 -720 ) (0 852 -720 ) (0 852 -712 ) (0 860 -712 ) 
4 1656 1689 (163 852 -720 ) (160 852 -720 ) (160 860 -720 ) (163 860 -720 ) 
4 1656 1693 (160 852 -720 ) (0 852 -720 ) (0 860 -720 ) (160 860 -720 ) 
4 1656 1662 (0 852 -720 ) (164 852 -720 ) (164 852 -712 ) (0 852 -712 ) 
4 1657 1712 (368 124 -720 ) (365 124 -720 ) (365 125 -720 ) (368 125 -720 ) 
4 1657 1710 (364 125 -720 ) (364 128 -720 ) (368 128 -720 ) (368 125 -720 ) 
4 1657 1708 (416 128 -720 ) (416 124 -720 ) (368 124 -720 ) (368 128 -720 ) 
4 1657 1705 (364 317 -720 ) (364 320 -720 ) (365 320 -720 ) (365 317 -720 ) 
4 1657 1704 (364 304 -720 ) (364 307 -720 ) (365 307 -720 ) (365 304 -720 ) 
4 1657 1706 (365 128 -720 ) (364 128 -720 ) (364 304 -720 ) (365 304 -720 ) 
4 1657 1702 (364 493 -720 ) (364 496 -720 ) (365 496 -720 ) (365 493 -720 ) 
4 1657 1701 (364 480 -720 ) (364 483 -720 ) (365 483 -720 ) (365 480 -720 ) 
4 1657 1700 (364 496 -720 ) (364 656 -720 ) (365 656 -720 ) (365 496 -720 ) 
4 1657 1703 (364 320 -720 ) (364 480 -720 ) (365 480 -720 ) (365 320 -720 ) 
4 1657 1699 (364 669 -720 ) (364 672 -720 ) (365 672 -720 ) (365 669 -720 ) 
4 1657 1698 (364 656 -720 ) (364 659 -720 ) (365 659 -720 ) (365 656 -720 ) 
4 1657 1697 (364 672 -720 ) (364 848 -720 ) (365 848 -720 ) (365 672 -720 ) 
4 1657 1696 (368 128 -720 ) (365 128 -720 ) (365 848 -720 ) (368 848 -720 ) 
4 1657 1694 (416 848 -720 ) (416 128 -720 ) (368 128 -720 ) (368 848 -720 ) 
4 1657 1687 (365 852 -720 ) (368 852 -720 ) (368 851 -720 ) (365 851 -720 ) 
4 1657 1684 (368 848 -720 ) (364 848 -720 ) (364 851 -720 ) (368 851 -720 ) 
4 1657 1683 (416 852 -720 ) (416 848 -720 ) (368 848 -720 ) (368 852 -720 ) 
4 1657 1663 (364 124 -720 ) (416 124 -720 ) (416 124 -712 ) (364 124 -712 ) 
4 1657 1661 (364 308 -720 ) (364 124 -720 ) (364 124 -712 ) (364 308 -712 ) 
4 1657 1659 (364 660 -720 ) (364 492 -720 ) (364 492 -712 ) (364 660 -712 ) 
4 1657 1660 (364 484 -720 ) (364 316 -720 ) (364 316 -712 ) (364 484 -712 ) 
4 1657 1658 (364 852 -712 ) (364 852 -720 ) (364 668 -720 ) (364 668 -712 ) 
4 1658 1699 (356 669 -720 ) (356 672 -720 ) (364 672 -720 ) (364 669 -720 ) 
4 1658 1697 (356 672 -720 ) (356 848 -720 ) (364 848 -720 ) (364 672 -720 ) 
4 1658 1684 (356 848 -720 ) (356 851 -720 ) (364 851 -720 ) (364 848 -720 ) 
4 1658 1662 (356 852 -712 ) (356 852 -720 ) (356 668 -720 ) (356 668 -712 ) 
4 1659 1702 (356 493 -720 ) (356 496 -720 ) (364 496 -720 ) (364 493 -720 ) 
4 1659 1700 (356 496 -720 ) (356 656 -720 ) (364 656 -720 ) (364 496 -720 ) 
4 1659 1698 (356 656 -720 ) (356 659 -720 ) (364 659 -720 ) (364 656 -720 ) 
4 1659 1662 (356 660 -720 ) (356 492 -720 ) (356 492 -712 ) (356 660 -712 ) 
4 1660 1705 (356 317 -720 ) (356 320 -720 ) (364 320 -720 ) (364 317 -720 ) 
4 1660 1701 (356 480 -720 ) (356 483 -720 ) (364 483 -720 ) (364 480 -720 ) 
4 1660 1703 (356 320 -720 ) (356 480 -720 ) (364 480 -720 ) (364 320 -720 ) 
4 1660 1662 (356 484 -720 ) (356 316 -720 ) (356 316 -712 ) (356 484 -712 ) 
4 1661 1710 (356 125 -720 ) (356 128 -720 ) (364 128 -720 ) (364 125 -720 ) 
4 1661 1704 (356 304 -720 ) (356 307 -720 ) (364 307 -720 ) (364 304 -720 ) 
4 1661 1706 (356 128 -720 ) (356 304 -720 ) (364 304 -720 ) (364 128 -720 ) 
4 1661 1662 (356 308 -720 ) (356 124 -720 ) (356 124 -712 ) (356 308 -712 ) 
4 1662 1868 (0 852 -720 ) (0 124 -720 ) (0 124 -712 ) (0 852 -712 ) 
4 1662 1716 (163 125 -720 ) (163 128 -720 ) (173 128 -720 ) (173 125 -720 ) 
4 1662 1715 (176 124 -720 ) (173 124 -720 ) (173 128 -720 ) (176 128 -720 ) 
4 1662 1714 (163 124 -720 ) (160 124 -720 ) (160 128 -720 ) (163 128 -720 ) 
4 1662 1718 (160 124 -720 ) (0 124 -720 ) (0 128 -720 ) (160 128 -720 ) 
4 1662 1711 (355 124 -720 ) (352 124 -720 ) (352 125 -720 ) (355 125 -720 ) 
4 1662 1710 (352 125 -720 ) (352 128 -720 ) (356 128 -720 ) (356 125 -720 ) 
4 1662 1713 (352 124 -720 ) (176 124 -720 ) (176 128 -720 ) (352 128 -720 ) 
4 1662 1705 (356 320 -720 ) (356 317 -720 ) (355 317 -720 ) (355 320 -720 ) 
4 1662 1704 (356 307 -720 ) (356 304 -720 ) (355 304 -720 ) (355 307 -720 ) 
4 1662 1706 (356 304 -720 ) (356 128 -720 ) (355 128 -720 ) (355 304 -720 ) 
4 1662 1702 (356 496 -720 ) (356 493 -720 ) (355 493 -720 ) (355 496 -720 ) 
4 1662 1701 (356 483 -720 ) (356 480 -720 ) (355 480 -720 ) (355 483 -720 ) 
4 1662 1700 (356 656 -720 ) (356 496 -720 ) (355 496 -720 ) (355 656 -720 ) 
4 1662 1703 (356 480 -720 ) (356 320 -720 ) (355 320 -720 ) (355 480 -720 ) 
4 1662 1699 (356 672 -720 ) (356 669 -720 ) (355 669 -720 ) (355 672 -720 ) 
4 1662 1698 (356 659 -720 ) (356 656 -720 ) (355 656 -720 ) (355 659 -720 ) 
4 1662 1697 (355 848 -720 ) (356 848 -720 ) (356 672 -720 ) (355 672 -720 ) 
4 1662 1695 (352 848 -720 ) (355 848 -720 ) (355 128 -720 ) (352 128 -720 ) 
4 1662 1707 (0 128 -720 ) (0 848 -720 ) (352 848 -720 ) (352 128 -720 ) 
4 1662 1692 (173 851 -720 ) (173 848 -720 ) (163 848 -720 ) (163 851 -720 ) 
4 1662 1690 (173 852 -720 ) (176 852 -720 ) (176 848 -720 ) (173 848 -720 ) 
4 1662 1689 (160 852 -720 ) (163 852 -720 ) (163 848 -720 ) (160 848 -720 ) 
4 1662 1688 (176 852 -720 ) (352 852 -720 ) (352 848 -720 ) (176 848 -720 ) 
4 1662 1693 (0 848 -720 ) (0 852 -720 ) (160 852 -720 ) (160 848 -720 ) 
4 1662 1686 (352 852 -720 ) (355 852 -720 ) (355 851 -720 ) (352 851 -720 ) 
4 1662 1684 (356 851 -720 ) (356 848 -720 ) (352 848 -720 ) (352 851 -720 ) 
4 1662 1665 (0 124 -720 ) (164 124 -720 ) (164 124 -712 ) (0 124 -712 ) 
4 1662 1664 (172 124 -720 ) (356 124 -720 ) (356 124 -712 ) (172 124 -712 ) 
4 1663 1712 (368 116 -720 ) (365 116 -720 ) (365 124 -720 ) (368 124 -720 ) 
4 1663 1708 (416 124 -720 ) (416 116 -720 ) (368 116 -720 ) (368 124 -720 ) 
4 1663 1666 (364 116 -720 ) (416 116 -720 ) (416 116 -712 ) (364 116 -712 ) 
4 1664 1715 (176 116 -720 ) (173 116 -720 ) (173 124 -720 ) (176 124 -720 ) 
4 1664 1711 (355 116 -720 ) (352 116 -720 ) (352 124 -720 ) (355 124 -720 ) 
4 1664 1713 (352 116 -720 ) (176 116 -720 ) (176 124 -720 ) (352 124 -720 ) 
4 1664 1666 (172 116 -720 ) (356 116 -720 ) (356 116 -712 ) (172 116 -712 ) 
4 1665 1873 (0 124 -720 ) (0 116 -720 ) (0 116 -712 ) (0 124 -712 ) 
4 1665 1714 (163 116 -720 ) (160 116 -720 ) (160 124 -720 ) (163 124 -720 ) 
4 1665 1718 (160 116 -720 ) (0 116 -720 ) (0 124 -720 ) (160 124 -720 ) 
4 1665 1666 (0 116 -720 ) (164 116 -720 ) (164 116 -712 ) (0 116 -712 ) 
4 1666 1876 (0 116 -720 ) (0 64 -720 ) (0 64 -712 ) (0 116 -712 ) 
4 1666 1719 (416 112 -720 ) (416 64 -720 ) (0 64 -720 ) (0 112 -720 ) 
4 1666 1717 (173 112 -720 ) (163 112 -720 ) (163 115 -720 ) (173 115 -720 ) 
4 1666 1715 (176 112 -720 ) (173 112 -720 ) (173 116 -720 ) (176 116 -720 ) 
4 1666 1714 (163 112 -720 ) (160 112 -720 ) (160 116 -720 ) (163 116 -720 ) 
4 1666 1718 (160 112 -720 ) (0 112 -720 ) (0 116 -720 ) (160 116 -720 ) 
4 1666 1712 (365 116 -720 ) (368 116 -720 ) (368 115 -720 ) (365 115 -720 ) 
4 1666 1711 (352 115 -720 ) (352 116 -720 ) (355 116 -720 ) (355 115 -720 ) 
4 1666 1709 (368 112 -720 ) (352 112 -720 ) (352 115 -720 ) (368 115 -720 ) 
4 1666 1708 (416 116 -720 ) (416 112 -720 ) (368 112 -720 ) (368 116 -720 ) 
4 1666 1713 (352 112 -720 ) (176 112 -720 ) (176 116 -720 ) (352 116 -720 ) 
4 1667 1877 (0 56 -720 ) (0 32 -720 ) (0 32 -712 ) (0 56 -712 ) 
4 1667 1720 (416 56 -720 ) (416 32 -720 ) (0 32 -720 ) (0 56 -720 ) 
4 1667 1670 (288 32 -720 ) (336 32 -720 ) (336 32 -712 ) (288 32 -712 ) 
4 1668 1676 (608 0 -720 ) (592 0 -720 ) (592 32 -720 ) (608 32 -720 ) 
4 1668 1674 (736 0 -720 ) (608 0 -720 ) (608 32 -720 ) (736 32 -720 ) 
4 1668 1673 (752 32 -720 ) (752 0 -720 ) (736 0 -720 ) (736 32 -720 ) 
4 1668 1669 (592 16 -720 ) (592 0 -720 ) (592 0 -712 ) (592 16 -712 ) 
4 1669 2074 (384 0 -712 ) (336 0 -712 ) (336 0 -720 ) (384 0 -720 ) 
4 1669 1721 (592 0 -720 ) (336 0 -720 ) (336 16 -720 ) (592 16 -720 ) 
4 1669 1670 (336 16 -720 ) (336 0 -720 ) (336 0 -712 ) (336 16 -712 ) 
4 1670 2074 (336 0 -712 ) (288 0 -712 ) (288 0 -720 ) (336 0 -720 ) 
4 1670 1722 (336 0 -720 ) (288 0 -720 ) (288 32 -720 ) (336 32 -720 ) 
4 1671 1677 (768 1024 -736 ) (784 1024 -736 ) (784 928 -736 ) (768 928 -736 ) 
4 1671 1672 (768 928 -728 ) (768 928 -736 ) (784 928 -736 ) (784 928 -728 ) 
4 1672 2076 (784 0 -736 ) (784 0 -720 ) (768 0 -720 ) (768 0 -736 ) 
4 1672 1677 (784 928 -736 ) (784 0 -736 ) (768 0 -736 ) (768 928 -736 ) 
4 1672 1673 (768 880 -736 ) (768 0 -736 ) (768 0 -720 ) (768 880 -720 ) 
4 1673 2076 (768 0 -720 ) (736 0 -720 ) (736 0 -736 ) (768 0 -736 ) 
4 1673 1677 (768 880 -736 ) (768 0 -736 ) (736 0 -736 ) (736 880 -736 ) 
4 1673 1674 (736 128 -736 ) (736 0 -736 ) (736 0 -720 ) (736 128 -720 ) 
4 1674 2076 (736 0 -720 ) (608 0 -720 ) (608 0 -736 ) (736 0 -736 ) 
4 1674 1677 (736 128 -736 ) (736 0 -736 ) (608 0 -736 ) (608 128 -736 ) 
4 1674 1675 (608 128 -736 ) (608 32 -736 ) (608 32 -728 ) (608 128 -728 ) 
4 1674 1676 (608 32 -736 ) (608 0 -736 ) (608 0 -720 ) (608 32 -720 ) 
4 1675 1677 (592 32 -736 ) (592 1024 -736 ) (608 1024 -736 ) (608 32 -736 ) 
4 1675 1676 (592 32 -728 ) (592 32 -736 ) (608 32 -736 ) (608 32 -728 ) 
4 1676 2076 (608 0 -720 ) (592 0 -720 ) (592 0 -736 ) (608 0 -736 ) 
4 1676 1729 (592 16 -736 ) (592 0 -736 ) (592 0 -728 ) (592 16 -728 ) 
4 1676 1721 (592 0 -720 ) (592 16 -720 ) (592 16 -728 ) (592 0 -728 ) 
4 1676 1677 (592 0 -736 ) (592 32 -736 ) (608 32 -736 ) (608 0 -736 ) 
4 1677 2112 (784 0 -2387.810059 ) (784 0 -784 ) (592 0 -784 ) (592 0 -2387.810059 ) 
4 1677 2106 (784 0 -784 ) (784 0 -768 ) (592 0 -768 ) (592 0 -784 ) 
4 1677 2076 (784 0 -768 ) (784 0 -736 ) (592 0 -736 ) (592 0 -768 ) 
4 1677 1731 (592 32 -2387.810059 ) (592 0 -2387.810059 ) (592 0 -768 ) (592 32 -768 ) 
4 1677 1729 (592 0 -768 ) (592 0 -736 ) (592 16 -736 ) (592 16 -768 ) 
4 1677 1723 (592 1024 -736 ) (592 1024 -2387.810059 ) (592 32 -2387.810059 ) (592 32 -736 ) 
4 1678 1725 (496 992 -728 ) (496 912 -728 ) (416 912 -728 ) (416 992 -728 ) 
4 1678 1681 (416 992 -728 ) (416 920 -728 ) (416 920 -720 ) (416 992 -720 ) 
4 1678 1679 (424 912 -728 ) (496 912 -728 ) (496 912 -720 ) (424 912 -720 ) 
4 1679 1726 (496 912 -728 ) (496 32 -728 ) (424 32 -728 ) (424 912 -728 ) 
4 1679 1680 (424 64 -728 ) (424 32 -728 ) (424 32 -720 ) (424 64 -720 ) 
4 1680 1726 (424 32 -728 ) (416 32 -728 ) (416 64 -728 ) (424 64 -728 ) 
4 1680 1720 (416 56 -728 ) (416 32 -728 ) (416 32 -720 ) (416 56 -720 ) 
4 1681 1884 (0 992 -728 ) (0 920 -728 ) (0 920 -720 ) (0 992 -720 ) 
4 1681 1725 (416 992 -728 ) (416 920 -728 ) (0 920 -728 ) (0 992 -728 ) 
4 1682 1887 (0 912 -728 ) (0 864 -728 ) (0 864 -720 ) (0 912 -720 ) 
4 1682 1691 (176 864 -723 ) (173 864 -720 ) (163 864 -720 ) (160 864 -723 ) 
3 1682 1690 (176 864 -723 ) (176 864 -720 ) (173 864 -720 ) 
3 1682 1689 (163 864 -720 ) (160 864 -720 ) (160 864 -723 ) 
4 1682 1688 (176 864 -728 ) (352 864 -728 ) (352 864 -720 ) (176 864 -720 ) 
4 1682 1693 (0 864 -728 ) (160 864 -728 ) (160 864 -720 ) (0 864 -720 ) 
4 1682 1685 (368 864 -723 ) (368 864 -720 ) (352 864 -720 ) (352 864 -723 ) 
4 1682 1683 (368 864 -728 ) (416 864 -728 ) (416 864 -720 ) (368 864 -720 ) 
4 1683 1694 (368 848 -728 ) (416 848 -728 ) (416 848 -720 ) (368 848 -720 ) 
4 1683 1687 (368 864 -723 ) (368 848 -723 ) (368 851 -720 ) (368 861 -720 ) 
3 1683 1685 (368 864 -720 ) (368 864 -723 ) (368 861 -720 ) 
3 1683 1684 (368 848 -723 ) (368 848 -720 ) (368 851 -720 ) 
4 1684 1697 (368 848 -723 ) (365 848 -720 ) (355 848 -720 ) (352 848 -723 ) 
3 1684 1696 (368 848 -723 ) (368 848 -720 ) (365 848 -720 ) 
3 1684 1695 (355 848 -720 ) (352 848 -720 ) (352 848 -723 ) 
3 1684 1688 (352 848 -723 ) (352 848 -720 ) (352 851 -720 ) 
3 1684 1687 (368 851 -720 ) (368 848 -723 ) (365 851 -720 ) 
3 1684 1686 (352 848 -723 ) (352 851 -720 ) (355 851 -720 ) 
3 1685 1688 (352 864 -720 ) (352 864 -723 ) (352 861 -720 ) 
4 1685 1687 (368 864 -722.996094 ) (368 861.002441 -720 ) (365 861.002014 -720 ) (367.996063 864 -722.996094 ) 
3 1685 1686 (355 861 -720 ) (352 861 -720 ) (352 864 -723 ) 
4 1686 1688 (352 864 -723 ) (352 848 -723 ) (352 851 -720 ) (352 861 -720 ) 
4 1688 1707 (176 848 -728 ) (352 848 -728 ) (352 848 -720 ) (176 848 -720 ) 
4 1688 1690 (176 864 -720 ) (176 864 -723 ) (176 848 -723 ) (176 848 -720 ) 
3 1689 1707 (163 848 -720 ) (160 848 -720 ) (160 848 -723 ) 
3 1689 1692 (163.001953 851 -720 ) (163.001953 848 -720 ) (160.001892 848 -723 ) 
3 1689 1691 (160.001938 864 -723 ) (163.001953 864 -720 ) (163.001953 861 -720 ) 
4 1689 1693 (160 864 -720 ) (160 864 -723 ) (160 848 -723 ) (160 848 -720 ) 
3 1690 1707 (176 848 -723 ) (176 848 -720 ) (173 848 -720 ) 
3 1690 1692 (176 848 -723 ) (173 848 -720 ) (173 851 -720 ) 
3 1690 1691 (176 864 -723 ) (173 861 -720 ) (173 864 -720 ) 
4 1692 1707 (176 848 -723 ) (173 848 -720 ) (163 848 -720 ) (160 848 -723 ) 
4 1693 1889 (0 848 -723 ) (0 848 -720 ) (0 864 -720 ) (0 864 -723 ) 
4 1693 1707 (0 848 -728 ) (160 848 -728 ) (160 848 -720 ) (0 848 -720 ) 
4 1694 1708 (368 128 -728 ) (416 128 -728 ) (416 128 -720 ) (368 128 -720 ) 
4 1694 1706 (368 304 -728 ) (368 128 -728 ) (368 128 -723 ) (368 304 -723 ) 
4 1694 1700 (368 656 -728 ) (368 496 -728 ) (368 496 -723 ) (368 656 -723 ) 
4 1694 1703 (368 480 -728 ) (368 320 -728 ) (368 320 -723 ) (368 480 -723 ) 
4 1694 1697 (368 848 -723 ) (368 848 -728 ) (368 672 -728 ) (368 672 -723 ) 
4 1694 1696 (368 848 -720 ) (368 848 -723 ) (368 128 -723 ) (368 128 -720 ) 
3 1695 1710 (355 128 -720 ) (352 128 -720 ) (352 128 -723 ) 
3 1695 1705 (352 320 -723 ) (355 320 -720 ) (355 317 -720 ) 
3 1695 1704 (352 304 -723 ) (355 307 -720 ) (355 304 -720 ) 
4 1695 1706 (352 128 -723 ) (352 304 -723 ) (355 304 -720 ) (355 128 -720 ) 
3 1695 1702 (352 496 -723 ) (355 496 -720 ) (355 493 -720 ) 
3 1695 1701 (352 480 -723 ) (355 483 -720 ) (355 480 -720 ) 
4 1695 1700 (352 496 -723 ) (352 656 -723 ) (355 656 -720 ) (355 496 -720 ) 
4 1695 1703 (352 320 -723 ) (352 480 -723 ) (355 480 -720 ) (355 320 -720 ) 
3 1695 1699 (352 672 -723 ) (355 672 -720 ) (355 669 -720 ) 
3 1695 1698 (352 656 -723 ) (355 659 -720 ) (355 656 -720 ) 
4 1695 1697 (352 672 -723 ) (352 848 -723 ) (355 848 -720 ) (355 672 -720 ) 
4 1695 1707 (352 848 -720 ) (352 848 -723 ) (352 128 -723 ) (352 128 -720 ) 
3 1696 1710 (368 128 -723 ) (368 128 -720 ) (365 128 -720 ) 
3 1696 1705 (368 320 -723 ) (365 317 -720 ) (365 320 -720 ) 
3 1696 1704 (368 304 -723 ) (365 304 -720 ) (365 307 -720 ) 
4 1696 1706 (368 304 -723 ) (368 128 -723 ) (365 128 -720 ) (365 304 -720 ) 
3 1696 1702 (368 496 -723 ) (365 493 -720 ) (365 496 -720 ) 
3 1696 1701 (368 480 -723 ) (365 480 -720 ) (365 483 -720 ) 
4 1696 1700 (368 656 -723 ) (368 496 -723 ) (365 496 -720 ) (365 656 -720 ) 
4 1696 1703 (368 480 -723 ) (368 320 -723 ) (365 320 -720 ) (365 480 -720 ) 
3 1696 1699 (368 672 -723 ) (365 669 -720 ) (365 672 -720 ) 
3 1696 1698 (368 656 -723 ) (365 656 -720 ) (365 659 -720 ) 
4 1696 1697 (368 848 -723 ) (368 672 -723 ) (365 672 -720 ) (365 848 -720 ) 
4 1697 1699 (368 672 -723 ) (365 672 -720 ) (355 672 -720 ) (352 672 -723 ) 
4 1697 1707 (352 848 -723 ) (352 848 -728 ) (352 672 -728 ) (352 672 -723 ) 
4 1698 1700 (368 656 -723 ) (365 656 -720 ) (355 656 -720 ) (352 656 -723 ) 
4 1700 1702 (368 496 -723 ) (365 496 -720 ) (355 496 -720 ) (352 496 -723 ) 
4 1700 1707 (352 656 -728 ) (352 496 -728 ) (352 496 -723 ) (352 656 -723 ) 
4 1701 1703 (368 480 -723 ) (365 480 -720 ) (355 480 -720 ) (352 480 -723 ) 
4 1703 1705 (368 320 -723 ) (365 320 -720 ) (355 320 -720 ) (352 320 -723 ) 
4 1703 1707 (352 480 -728 ) (352 320 -728 ) (352 320 -723 ) (352 480 -723 ) 
4 1704 1706 (368 304 -723 ) (365 304 -720 ) (355 304 -720 ) (352 304 -723 ) 
4 1706 1710 (368 128 -723 ) (365 128 -720 ) (355 128 -720 ) (352 128 -723 ) 
4 1706 1707 (352 304 -728 ) (352 128 -728 ) (352 128 -723 ) (352 304 -723 ) 
4 1707 1898 (0 848 -728 ) (0 128 -728 ) (0 128 -720 ) (0 848 -720 ) 
4 1707 1716 (176 128 -723 ) (173 128 -720 ) (163 128 -720 ) (160 128 -723 ) 
3 1707 1715 (176 128 -723 ) (176 128 -720 ) (173 128 -720 ) 
3 1707 1714 (163 128 -720 ) (160 128 -720 ) (160 128 -723 ) 
4 1707 1718 (0 128 -728 ) (160 128 -728 ) (160 128 -720 ) (0 128 -720 ) 
4 1707 1713 (176 128 -728 ) (352 128 -728 ) (352 128 -720 ) (176 128 -720 ) 
4 1708 1719 (368 112 -728 ) (416 112 -728 ) (416 112 -720 ) (368 112 -720 ) 
4 1708 1712 (368 128 -723 ) (368 112 -723 ) (368 115 -720 ) (368 125 -720 ) 
3 1708 1710 (368 128 -720 ) (368 128 -723 ) (368 125 -720 ) 
3 1708 1709 (368 112 -723 ) (368 112 -720 ) (368 115 -720 ) 
4 1709 1719 (368 112 -723 ) (368 112 -720 ) (352 112 -720 ) (352 112 -723 ) 
4 1709 1712 (368 114.996094 -720 ) (368 112 -722.996094 ) (367.996063 112 -722.996094 ) (365 114.996826 -720 ) 
3 1709 1711 (352 112 -723 ) (352 115 -720 ) (355 115 -720 ) 
3 1709 1713 (352 112 -723 ) (352 112 -720 ) (352 115 -720 ) 
4 1710 1712 (368 128 -722.996094 ) (368 125.002449 -720 ) (365 125.001991 -720 ) (367.996063 128 -722.996094 ) 
3 1710 1711 (355 125 -720 ) (352 125 -720 ) (352 128 -723 ) 
3 1710 1713 (352 128 -720 ) (352 128 -723 ) (352 125 -720 ) 
4 1711 1713 (352 128 -723 ) (352 112 -723 ) (352 115 -720 ) (352 125 -720 ) 
4 1713 1719 (176 112 -728 ) (352 112 -728 ) (352 112 -720 ) (176 112 -720 ) 
4 1713 1715 (176 128 -720 ) (176 128 -723 ) (176 112 -723 ) (176 112 -720 ) 
3 1714 1719 (163 112 -720 ) (160 112 -720 ) (160 112 -723 ) 
3 1714 1717 (160 112 -723 ) (163 115 -720 ) (163 112 -720 ) 
3 1714 1716 (160 128 -723 ) (163 128 -720 ) (163 125 -720 ) 
4 1714 1718 (160 128 -720 ) (160 128 -723 ) (160 112 -723 ) (160 112 -720 ) 
3 1715 1719 (176 112 -723 ) (176 112 -720 ) (173 112 -720 ) 
3 1715 1717 (176 112 -723 ) (173 112 -720 ) (173 115 -720 ) 
3 1715 1716 (176 128 -723 ) (173 125 -720 ) (173 128 -720 ) 
4 1717 1719 (176 112 -723 ) (173 112 -720 ) (163 112 -720 ) (160 112 -723 ) 
4 1718 1917 (0 112 -723 ) (0 112 -720 ) (0 128 -720 ) (0 128 -723 ) 
4 1718 1719 (0 112 -728 ) (160 112 -728 ) (160 112 -720 ) (0 112 -720 ) 
4 1719 1925 (0 112 -728 ) (0 64 -728 ) (0 64 -720 ) (0 112 -720 ) 
4 1720 1935 (0 56 -728 ) (0 32 -728 ) (0 32 -720 ) (0 56 -720 ) 
4 1720 1728 (416 56 -728 ) (416 32 -728 ) (0 32 -728 ) (0 56 -728 ) 
4 1720 1722 (0 32 -728 ) (336 32 -728 ) (336 32 -720 ) (0 32 -720 ) 
4 1721 2076 (592 0 -728 ) (592 0 -720 ) (336 0 -720 ) (336 0 -728 ) 
4 1721 1729 (592 16 -728 ) (592 0 -728 ) (336 0 -728 ) (336 16 -728 ) 
4 1721 1722 (336 16 -728 ) (336 0 -728 ) (336 0 -720 ) (336 16 -720 ) 
4 1722 2124 (96 0 -720 ) (0 0 -720 ) (0 0 -728 ) (96 0 -728 ) 
4 1722 2082 (288 0 -720 ) (96 0 -720 ) (96 0 -728 ) (288 0 -728 ) 
4 1722 2076 (336 0 -720 ) (288 0 -720 ) (288 0 -728 ) (336 0 -728 ) 
4 1722 1935 (0 32 -728 ) (0 0 -728 ) (0 0 -720 ) (0 32 -720 ) 
4 1722 1730 (336 0 -728 ) (0 0 -728 ) (0 32 -728 ) (336 32 -728 ) 
4 1723 1731 (592 32 -2387.810059 ) (592 32 -768 ) (496 32 -768 ) (496 32 -2387.810059 ) 
4 1723 1726 (496 32 -2387.810059 ) (496 32 -736 ) (496 912 -736 ) (496 912 -2387.810059 ) 
4 1723 1724 (496 992 -736 ) (496 1024 -736 ) (496 1024 -2387.810059 ) (496 992 -2387.810059 ) 
4 1723 1725 (496 912 -736 ) (496 992 -736 ) (496 992 -2387.810059 ) (496 912 -2387.810059 ) 
4 1724 1944 (0 1024 -768 ) (0 1024 -2387.810059 ) (0 992 -2387.810059 ) (0 992 -768 ) 
4 1724 1937 (0 1024 -736 ) (0 1024 -768 ) (0 992 -768 ) (0 992 -736 ) 
4 1724 1725 (0 992 -2387.810059 ) (496 992 -2387.810059 ) (496 992 -736 ) (0 992 -736 ) 
4 1725 1944 (0 992 -2387.810059 ) (0 912 -2387.810059 ) (0 912 -768 ) (0 992 -768 ) 
4 1725 1939 (0 912 -768 ) (0 912 -728 ) (0 992 -728 ) (0 992 -768 ) 
4 1725 1727 (0 912 -2387.810059 ) (416 912 -2387.810059 ) (416 912 -744 ) (0 912 -744 ) 
4 1725 1726 (416 912 -2387.810059 ) (496 912 -2387.810059 ) (496 912 -728 ) (416 912 -728 ) 
4 1726 1731 (416 32 -768 ) (416 32 -2387.810059 ) (496 32 -2387.810059 ) (496 32 -768 ) 
4 1726 1727 (416 912 -744 ) (416 912 -2387.810059 ) (416 64 -2387.810059 ) (416 64 -744 ) 
4 1726 1728 (416 64 -2387.810059 ) (416 32 -2387.810059 ) (416 32 -728 ) (416 64 -728 ) 
4 1727 1944 (0 912 -2387.810059 ) (0 64 -2387.810059 ) (0 64 -768 ) (0 912 -768 ) 
4 1727 1940 (0 64 -768 ) (0 64 -744 ) (0 912 -744 ) (0 912 -768 ) 
4 1727 1728 (0 64 -2387.810059 ) (416 64 -2387.810059 ) (416 64 -744 ) (0 64 -744 ) 
4 1728 1944 (0 64 -2387.810059 ) (0 32 -2387.810059 ) (0 32 -768 ) (0 64 -768 ) 
4 1728 1942 (0 32 -768 ) (0 32 -728 ) (0 64 -728 ) (0 64 -768 ) 
4 1728 1731 (0 32 -768 ) (0 32 -2387.810059 ) (416 32 -2387.810059 ) (416 32 -768 ) 
4 1728 1730 (336 32 -728 ) (0 32 -728 ) (0 32 -768 ) (336 32 -768 ) 
4 1729 2076 (592 0 -768 ) (592 0 -728 ) (336 0 -728 ) (336 0 -768 ) 
4 1729 1731 (592 16 -768 ) (592 0 -768 ) (336 0 -768 ) (336 16 -768 ) 
4 1729 1730 (336 16 -768 ) (336 0 -768 ) (336 0 -728 ) (336 16 -728 ) 
4 1730 2130 (0 0 -744 ) (0 0 -768 ) (96 0 -768 ) (96 0 -744 ) 
4 1730 2128 (0 0 -736 ) (0 0 -744 ) (96 0 -744 ) (96 0 -736 ) 
4 1730 2126 (96 0 -728 ) (0 0 -728 ) (0 0 -736 ) (96 0 -736 ) 
4 1730 2082 (288 0 -728 ) (96 0 -728 ) (96 0 -768 ) (288 0 -768 ) 
4 1730 2076 (336 0 -728 ) (288 0 -728 ) (288 0 -768 ) (336 0 -768 ) 
4 1730 1942 (0 0 -768 ) (0 0 -728 ) (0 32 -728 ) (0 32 -768 ) 
4 1730 1731 (0 32 -768 ) (336 32 -768 ) (336 0 -768 ) (0 0 -768 ) 
4 1731 2138 (0 0 -784 ) (0 0 -2387.810059 ) (96 0 -2387.810059 ) (96 0 -784 ) 
4 1731 2130 (96 0 -768 ) (0 0 -768 ) (0 0 -784 ) (96 0 -784 ) 
4 1731 2112 (592 0 -2387.810059 ) (592 0 -784 ) (96 0 -784 ) (96 0 -2387.810059 ) 
4 1731 2107 (528 0 -768 ) (320 0 -768 ) (320 0 -784 ) (528 0 -784 ) 
4 1731 2106 (592 0 -784 ) (592 0 -768 ) (528 0 -768 ) (528 0 -784 ) 
4 1731 2108 (320 0 -768 ) (96 0 -768 ) (96 0 -784 ) (320 0 -784 ) 
4 1731 1944 (0 0 -2387.810059 ) (0 0 -768 ) (0 32 -768 ) (0 32 -2387.810059 ) 
4 1732 1819 (-464 1024 -552 ) (-464 1024 -571.201904 ) (-464 1008 -561.601929 ) (-464 1008 -552 ) 
4 1732 1817 (-464 1024 -384 ) (-464 1024 -464 ) (-464 1008 -464 ) (-464 1008 -384 ) 
4 1732 1813 (-464 1024 1107.810059 ) (-464 1024 -384 ) (-464 1008 -384 ) (-464 1008 1107.810059 ) 
4 1732 1736 (-464 1008 -561.602112 ) (-464 1024 -571.202271 ) (-432 1024 -571.202271 ) (-448 1008 -561.602112 ) 
4 1732 1734 (0 1008 -542.002075 ) (0 1008 1107.810059 ) (-464 1008 1107.810059 ) (-464 1008 -542.001953 ) 
4 1732 1733 (-464 1008 -561.599609 ) (0 1008 -561.599609 ) (0 1008 -546 ) (-464 1008 -546 ) 
4 1733 1819 (-464 1008 -561.601929 ) (-464 992 -552.001953 ) (-464 992 -552 ) (-464 1008 -552 ) 
3 1733 1736 (-464 992 -552.001953 ) (-464 1008 -561.602112 ) (-448 1008 -561.602112 ) 
4 1734 1817 (-464 992 -464 ) (-464 992 -384 ) (-464 1008 -384 ) (-464 1008 -464 ) 
4 1734 1813 (-464 992 -384 ) (-464 992 1107.810059 ) (-464 1008 1107.810059 ) (-464 1008 -384 ) 
4 1734 1738 (0 992 -532.401978 ) (0 992 -503.591980 ) (-464 992 -503.591919 ) (-464 992 -532.402100 ) 
4 1734 1737 (0 992 -503.591980 ) (0 992 1107.810059 ) (-464 992 1107.810059 ) (-464 992 -503.591919 ) 
4 1735 1819 (-464 1024 -575.200012 ) (-464 1024 -576 ) (-464 992 -576 ) (-464 992 -556 ) 
4 1735 1756 (-464 992 -576 ) (-464 1024 -576 ) (-80 1024 -576 ) (-80 992 -576 ) 
4 1735 1755 (-80 1024 -576 ) (0 1024 -576 ) (0 992 -576 ) (-80 992 -576 ) 
3 1735 1736 (-432 1024 -575.200378 ) (-464 1024 -575.200378 ) (-464 992 -556 ) 
4 1736 1819 (-464 1024 -571.201904 ) (-464 1024 -575.200012 ) (-464 992 -556 ) (-464 992 -552.001953 ) 
4 1737 1817 (-464 944 -464 ) (-464 944 -384 ) (-464 992 -384 ) (-464 992 -464 ) 
4 1737 1813 (-464 944 -384 ) (-464 944 1107.810059 ) (-464 992 1107.810059 ) (-464 992 -384 ) 
4 1737 1745 (-464 944 1107.810059 ) (-464 944 -532.398071 ) (-448 944 -532.398071 ) (-448 944 1107.810059 ) 
4 1737 1743 (-448 944 -532.398071 ) (0 944 -532.398010 ) (0 944 1107.810059 ) (-448 944 1107.810059 ) 
4 1737 1738 (-464 967.993713 -517.998230 ) (-464 992 -503.591797 ) (0 992 -503.591797 ) (0 967.993713 -517.998230 ) 
4 1740 1796 (-464 32 -576 ) (-464 124 -576 ) (-430.666687 124 -576 ) (-430.666687 32 -576 ) 
4 1740 1794 (-464 124 -576 ) (-464 848 -576 ) (-430.666687 848 -576 ) (-430.666687 124 -576 ) 
4 1740 1763 (-464 848 -576 ) (-464 944 -576 ) (-430.666687 944 -576 ) (-430.666687 848 -576 ) 
4 1740 1750 (-430.671875 944 -576 ) (-464 944 -556.003113 ) (-464 943.994202 -556.003113 ) (-430.671692 910.666138 -576 ) 
4 1740 1749 (-464 32.003857 -556 ) (-464 32 -556 ) (-430.667236 32 -576 ) (-430.667419 65.336479 -576 ) 
4 1741 1766 (0 904 -576 ) (0 878.012329 -576 ) (-424 878.012329 -576 ) (-424 904 -576 ) 
4 1741 1744 (-447.993469 928 -546.003906 ) (-398 878.013428 -576 ) (0 878.013428 -576 ) (0 928 -546.003906 ) 
5 1741 1742 (-463.995728 944 -536.402588 ) (-464 944 -536.402588 ) (-464 918.001648 -552.003784 ) (-424.006287 878.013428 -576 ) (-398 878.013428 -576 ) 
4 1742 1800 (-398 72 -576 ) (-424 72 -576 ) (-424 124 -576 ) (-398 124 -576 ) 
4 1742 1793 (-424 124 -576 ) (-424 848 -576 ) (-398 848 -576 ) (-398 124 -576 ) 
4 1742 1766 (-424 848 -576 ) (-424 878.012329 -576 ) (-398 878.012329 -576 ) (-398 848 -576 ) 
4 1742 1748 (-464 32 -536.400146 ) (-438.003906 32 -551.997803 ) (-422.003906 48 -561.597778 ) (-448 48 -546 ) 
5 1742 1744 (-398 878.017578 -576 ) (-448 928.010803 -546 ) (-448 48 -546 ) (-422.003906 48 -561.597778 ) (-398 72.003799 -576 ) 
4 1743 1745 (-448 928 -542 ) (-448 928 1107.810059 ) (-448 944 1107.810059 ) (-448 944 -532.398071 ) 
4 1743 1744 (-448 928 1107.810059 ) (-448 928 -542 ) (0 928 -542 ) (0 928 1107.810059 ) 
4 1744 1800 (0 124 -576 ) (0 72 -576 ) (-398 72 -576 ) (-398 124 -576 ) 
4 1744 1793 (-380 124 -576 ) (-398 124 -576 ) (-398 848 -576 ) (-380 848 -576 ) 
4 1744 1787 (-372 124 -576 ) (-380 124 -576 ) (-380 848 -576 ) (-372 848 -576 ) 
4 1744 1784 (-368 124 -576 ) (-372 124 -576 ) (-372 128 -576 ) (-368 128 -576 ) 
4 1744 1782 (-372 128 -576 ) (-372 848 -576 ) (-368 848 -576 ) (-368 128 -576 ) 
4 1744 1780 (0 128 -576 ) (0 124 -576 ) (-368 124 -576 ) (-368 128 -576 ) 
4 1744 1779 (0 848 -576 ) (0 128 -576 ) (-368 128 -576 ) (-368 848 -576 ) 
4 1744 1766 (0 878.012329 -576 ) (0 848 -576 ) (-398 848 -576 ) (-398 878.012329 -576 ) 
5 1744 1748 (-448 48 -546.002441 ) (-422.007812 48 -561.597656 ) (0 48 -561.597595 ) (0 48 -546 ) (-448 48 -546 ) 
4 1744 1746 (0 48 -542.001648 ) (0 48 1107.810059 ) (-448 48 1107.810059 ) (-448 48 -542.001709 ) 
4 1744 1745 (-448 48 -542 ) (-448 48 1107.810059 ) (-448 928 1107.810059 ) (-448 928 -542 ) 
4 1745 1818 (-464 384 -512 ) (-464 384 -424 ) (-464 592 -424 ) (-464 592 -512 ) 
4 1745 1817 (-464 944 -384 ) (-464 944 -464 ) (-464 800 -464 ) (-464 800 -384 ) 
4 1745 1814 (-464 48 -376 ) (-464 48 1107.810059 ) (-464 664 1107.810059 ) (-464 664 -376 ) 
4 1745 1813 (-464 944 1107.810059 ) (-464 944 -384 ) (-464 664 -384 ) (-464 664 1107.810059 ) 
4 1745 1747 (-448 48 -542 ) (-448 48 1107.810059 ) (-464 48 1107.810059 ) (-464 48 -532.399902 ) 
4 1746 1751 (-448 32 -532.401001 ) (0 32 -532.401001 ) (0 32 1107.810059 ) (-448 32 1107.810059 ) 
4 1746 1747 (-448 48 1107.810059 ) (-448 48 -542.003906 ) (-448 32 -532.403259 ) (-448 32 1107.810059 ) 
4 1747 1814 (-464 32 -376 ) (-464 32 1107.810059 ) (-464 48 1107.810059 ) (-464 48 -376 ) 
4 1747 1751 (-464 32 1107.810059 ) (-464 32 -532.401001 ) (-448 32 -532.401001 ) (-448 32 1107.810059 ) 
4 1749 1798 (0 65.336464 -576 ) (0 61.600014 -576 ) (-430.666687 61.600025 -576 ) (-430.666687 65.336479 -576 ) 
4 1749 1797 (0 61.600014 -576 ) (0 32 -576 ) (-430.666687 32 -576 ) (-430.666687 61.600025 -576 ) 
4 1750 1769 (-430.666687 944 -576 ) (-424 944 -576 ) (-424 910.666138 -576 ) (-430.666687 910.666138 -576 ) 
4 1750 1767 (-424 944 -576 ) (0 944 -576 ) (0 910.666138 -576 ) (-424 910.666138 -576 ) 
4 1751 1844 (-464 32 -384 ) (-464 32 -532.401001 ) (-464 8 -518 ) (-464 8 -384 ) 
4 1751 1815 (-464 8 1107.810059 ) (-464 32 1107.810059 ) (-464 32 -384 ) (-464 8 -384 ) 
4 1751 1753 (0 8 -518 ) (0 8 1107.810059 ) (-464 8 1107.810059 ) (-464 8 -518 ) 
3 1752 1844 (-464 31.331522 -536 ) (-464 8 -536 ) (-464 8 -522.002502 ) 
4 1752 1754 (0 8 -536 ) (0 8 -522.002502 ) (-464 8 -522.002502 ) (-464 8 -536 ) 
5 1753 2171 (0 0 -522.801941 ) (0 0 1107.810059 ) (-350.730103 0 1107.810059 ) (-464 0 768 ) (-464 0 -522.801880 ) 
3 1753 2139 (-350.730103 0 1107.810059 ) (-464 0 1107.810059 ) (-464 0 768 ) 
4 1753 1845 (-464 0 -522.801941 ) (-464 0 -384 ) (-464 8 -384 ) (-464 8 -518.001953 ) 
4 1753 1815 (-464 0 -384 ) (-464 0 1107.810059 ) (-464 8 1107.810059 ) (-464 8 -384 ) 
4 1754 2170 (0 0 -536 ) (0 0 -526.799988 ) (-464 0 -526.799988 ) (-464 0 -536 ) 
4 1754 1846 (-464 0 -536 ) (-464 0 -526.799988 ) (-464 8 -522 ) (-464 8 -536 ) 
4 1755 1775 (-80 944 -577.199951 ) (-80 944 -581.203369 ) (0 944 -581.203369 ) (0 944 -577.199951 ) 
4 1755 1767 (0 944 -576 ) (-80 944 -576 ) (-80 944 -577.199951 ) (0 944 -577.199951 ) 
4 1755 1757 (-80 944 -581.203369 ) (-80 944 -704 ) (0 944 -704 ) (0 944 -581.203369 ) 
4 1755 1756 (-80 1024 -704 ) (-80 992 -704 ) (-80 992 -576 ) (-80 1024 -576 ) 
4 1756 1847 (-464 1024 -704 ) (-464 992 -704 ) (-464 992 -576 ) (-464 1024 -576 ) 
5 1757 1775 (0 944 -581.203735 ) (-420.870270 944 -581.203735 ) (-398 878.028381 -590 ) (-397.941437 877.969543 -590.007751 ) (0 877.969604 -590.007751 ) 
3 1757 1774 (-398 878.028381 -590 ) (-391.750458 860 -592.403687 ) (-379.971863 860 -592.403687 ) 
4 1757 1773 (-420.870270 944 -581.203735 ) (-421.993805 944 -581.203735 ) (-403.327240 860 -592.403687 ) (-391.750458 860 -592.403687 ) 
4 1757 1763 (-421.993805 944 -581.203735 ) (-464 944 -581.203735 ) (-464 860 -592.403687 ) (-403.327240 860 -592.403687 ) 
4 1757 1760 (-188 860 -592.402344 ) (-372 860 -592.402344 ) (-372 860 -704 ) (-188 860 -704 ) 
4 1757 1761 (-380 860 -592.402344 ) (-464 860 -592.402344 ) (-464 860 -704 ) (-380 860 -704 ) 
4 1757 1759 (-12 860 -592.402344 ) (-180 860 -592.402344 ) (-180 860 -704 ) (-12 860 -704 ) 
4 1757 1758 (0 860 -592.402344 ) (-4 860 -592.402344 ) (-4 860 -704 ) (0 860 -704 ) 
4 1758 1762 (0 852 -593.470703 ) (-4 852 -593.470703 ) (-4 852 -704 ) (0 852 -704 ) 
4 1759 1762 (-12 852 -593.470703 ) (-180 852 -593.470703 ) (-180 852 -704 ) (-12 852 -704 ) 
4 1760 1762 (-188 852 -593.470703 ) (-372 852 -593.470642 ) (-372 852 -704 ) (-188 852 -704 ) 
4 1761 1778 (-388.976990 852 -593.470337 ) (-380 852 -593.470337 ) (-380 860 -592.403687 ) (-391.750427 860 -592.403687 ) 
4 1761 1773 (-401.549469 852 -593.470337 ) (-388.976990 852 -593.470337 ) (-391.750427 860 -592.403687 ) (-403.327240 860 -592.403687 ) 
4 1761 1763 (-464 860 -592.403687 ) (-464 852 -593.470337 ) (-401.549469 852 -593.470337 ) (-403.327240 860 -592.403687 ) 
4 1761 1762 (-380 852 -593.470642 ) (-464 852 -593.470642 ) (-464 852 -704 ) (-380 852 -704 ) 
4 1762 1792 (-464 848 -594.003418 ) (-464 848 -704 ) (-380 848 -704 ) (-380 848 -594.003418 ) 
4 1762 1788 (-380 848 -704 ) (-372 848 -704 ) (-372 848 -594.003418 ) (-380 848 -594.003418 ) 
4 1762 1783 (-372 848 -704 ) (-368 848 -704 ) (-368 848 -594.003418 ) (-372 848 -594.003418 ) 
4 1762 1779 (-368 848 -704 ) (0 848 -704 ) (0 848 -594.003418 ) (-368 848 -594.003418 ) 
4 1762 1778 (-387.590424 848 -594.003662 ) (-380 848 -594.003662 ) (-380 852 -593.470337 ) (-388.976898 852 -593.470337 ) 
4 1762 1777 (-380 848 -594.003662 ) (-372 848 -594.003662 ) (-372 852 -593.470337 ) (-380 852 -593.470337 ) 
4 1762 1776 (-372 848 -594.003662 ) (-367.972046 848 -594.003662 ) (-371.972290 852 -593.470337 ) (-372 852 -593.470337 ) 
4 1762 1773 (-400.660522 848 -594.003662 ) (-387.590424 848 -594.003662 ) (-388.976898 852 -593.470337 ) (-401.549530 852 -593.470337 ) 
4 1762 1763 (-464 852 -593.470337 ) (-464 848 -594.003662 ) (-400.660522 848 -594.003662 ) (-401.549530 852 -593.470337 ) 
4 1763 1794 (-430.666687 848 -576 ) (-464 848 -576 ) (-464 848 -581.199951 ) (-410 848 -588.399902 ) 
4 1763 1792 (-464 848 -581.199951 ) (-464 848 -594.003418 ) (-400.661011 848 -594.003418 ) (-410 848 -588.399902 ) 
3 1763 1775 (-424.010010 944 -579.996155 ) (-428.670349 944 -577.199951 ) (-424.009796 923.028137 -579.996216 ) 
5 1763 1773 (-407.336426 848 -590 ) (-400.666992 848 -594.001953 ) (-422 944 -581.201965 ) (-424.010010 944 -579.996155 ) (-424.009796 923.028137 -579.996216 ) 
4 1763 1772 (-418.574341 848 -583.256714 ) (-410.003754 848 -588.399475 ) (-410.004089 860.004150 -588.399414 ) (-418.575806 898.575745 -583.256531 ) 
4 1763 1770 (-418.575409 885.132812 -583.256592 ) (-418.575806 898.571838 -583.256531 ) (-424.008820 904.005127 -579.996582 ) (-424.008057 893.608093 -579.996887 ) 
5 1763 1769 (-418.575806 898.571838 -583.256531 ) (-418.575806 898.575745 -583.256531 ) (-428.670349 944 -577.199951 ) (-430.670288 944 -576 ) (-430.669464 910.666077 -576 ) 
4 1763 1765 (-424.005096 848 -579.997986 ) (-418.574341 848 -583.256714 ) (-418.575409 885.132812 -583.256592 ) (-424.008057 893.608093 -579.996887 ) 
3 1763 1764 (-410.003754 848 -588.399475 ) (-407.336426 848 -590 ) (-410.004089 860.004150 -588.399414 ) 
3 1764 1792 (-410 848 -588.399963 ) (-407.333405 848 -590 ) (-398 848 -590 ) 
3 1764 1773 (-397.992218 848 -590 ) (-407.331055 848 -590 ) (-410 860.007080 -588.400024 ) 
3 1764 1772 (-398.003906 848 -590 ) (-410.003906 860 -588.399414 ) (-410.003906 848 -588.399414 ) 
3 1765 1795 (-424 848 -580 ) (-418.571564 848 -583.257141 ) (-413.918213 848 -583.877563 ) 
4 1765 1772 (-418.566406 848 -583.257324 ) (-418.566406 885.130920 -583.257324 ) (-413.920105 883.520203 -583.876831 ) (-413.920074 848 -583.876831 ) 
3 1765 1770 (-413.916351 883.520203 -583.878357 ) (-418.570312 885.133606 -583.257812 ) (-424 893.603943 -580 ) 
4 1766 1793 (-380 848 -576 ) (-424 848 -576 ) (-398 848 -586 ) (-380 848 -588.399963 ) 
4 1766 1787 (-372 848 -576 ) (-380 848 -576 ) (-380 848 -588.399963 ) (-372 848 -589.466614 ) 
4 1766 1782 (-368 848 -576 ) (-372 848 -576 ) (-372 848 -589.466614 ) (-368 848 -590 ) 
4 1766 1779 (0 848 -576 ) (-368 848 -576 ) (-368 848 -590 ) (0 848 -590 ) 
4 1767 1775 (-405.128113 898.568542 -583.258484 ) (-420.877625 944 -577.200989 ) (0 944 -577.200989 ) (0 898.568481 -583.258484 ) 
4 1767 1769 (-424.002747 910.666077 -576 ) (-424.003052 944 -576 ) (-420.884308 944 -577.199524 ) (-405.135406 898.571594 -583.256714 ) 
4 1767 1768 (-413.629486 904.014587 -579.990479 ) (-405.135498 898.569702 -583.257385 ) (0 898.569641 -583.257385 ) (0 904.014404 -579.990540 ) 
4 1768 1775 (-403.509277 893.898804 -583.881104 ) (-405.128113 898.568542 -583.258484 ) (0 898.568481 -583.258484 ) (0 893.898743 -583.881104 ) 
3 1768 1771 (-413.629395 904.016479 -579.989746 ) (-405.135406 898.571594 -583.256714 ) (-403.517395 893.904358 -583.879028 ) 
5 1769 1775 (-423.998413 923.003052 -580 ) (-428.664398 944 -577.200989 ) (-420.877625 944 -577.200989 ) (-405.128113 898.568542 -583.258484 ) (-415.527802 898.568665 -583.258484 ) 
4 1769 1773 (-418.561188 898.568665 -583.258484 ) (-418.570648 898.578125 -583.257202 ) (-423.998413 923.003052 -580 ) (-415.527802 898.568665 -583.258484 ) 
5 1769 1771 (-405.134766 898.571167 -583.257141 ) (-413.629791 904.016846 -579.989624 ) (-424.017120 904.016846 -579.989563 ) (-424 904 -580 ) (-415.531342 898.571167 -583.257141 ) 
3 1769 1770 (-424 904 -580 ) (-418.571533 898.571167 -583.257141 ) (-415.531342 898.571167 -583.257141 ) 
3 1770 1773 (-413.918274 893.925781 -583.877563 ) (-418.561188 898.568665 -583.258484 ) (-415.527802 898.568665 -583.258484 ) 
4 1770 1772 (-418.566406 885.130920 -583.257324 ) (-418.566406 898.566406 -583.257324 ) (-413.920105 893.920105 -583.876831 ) (-413.920105 883.520203 -583.876831 ) 
5 1770 1771 (-415.531921 898.567261 -583.257690 ) (-423.996735 903.993652 -580.001953 ) (-423.996735 903.984802 -580.001953 ) (-413.921631 893.909607 -583.877014 ) (-413.921631 893.922546 -583.877014 ) 
5 1771 1775 (-413.891205 893.898743 -583.881165 ) (-413.918274 893.925781 -583.877563 ) (-415.527802 898.568665 -583.258484 ) (-405.128113 898.568542 -583.258484 ) (-403.509277 893.898804 -583.881104 ) 
4 1772 1795 (-418.571564 848 -583.257141 ) (-410 848 -588.399963 ) (-398 848 -590 ) (-413.918182 848 -583.877563 ) 
4 1772 1773 (-398 848.008057 -590 ) (-410 860.007080 -588.400024 ) (-418.570648 898.578125 -583.257202 ) (-413.918304 893.925781 -583.877502 ) 
4 1773 1792 (-407.333405 848 -590 ) (-400.661011 848 -594.003418 ) (-387.591064 848 -594.003418 ) (-398 848 -590 ) 
5 1773 1778 (-398.005920 848.012695 -590 ) (-398.001495 848 -590 ) (-387.595703 848 -594.002930 ) (-391.755585 860 -592.403015 ) (-398.005798 860 -590 ) 
6 1773 1775 (-423.996094 944 -580.002930 ) (-423.996094 922.984375 -580.002930 ) (-413.913208 893.899170 -583.880981 ) (-398.005524 877.991882 -590 ) (-398.005524 878.029114 -590 ) (-420.874817 944 -581.203430 ) 
3 1773 1774 (-398.005798 860 -590 ) (-391.755585 860 -592.403015 ) (-398.005524 878.029114 -590 ) 
3 1774 1778 (-397.995850 860 -590 ) (-391.748413 860 -592.403381 ) (-379.974426 860 -592.403381 ) 
3 1776 1783 (-372 848 -594.003418 ) (-367.973907 848 -594.003418 ) (-372 848 -593.466614 ) 
3 1776 1777 (-372 852.025696 -593.466614 ) (-372 848 -594.003357 ) (-372 848 -593.466614 ) 
4 1777 1788 (-380 848 -594.003418 ) (-372 848 -594.003418 ) (-372 848 -593.466614 ) (-380 848 -592.399963 ) 
4 1777 1778 (-380 852 -593.470093 ) (-380 848 -594.003418 ) (-380 848 -592.399963 ) (-380 852 -592.399963 ) 
4 1778 1792 (-387.591064 848 -594.003418 ) (-380 848 -594.003418 ) (-380 848 -592.399963 ) (-398 848 -590 ) 
4 1779 1853 (-368 848 -704 ) (0 848 -704 ) (0 128 -704 ) (-368 128 -704 ) 
4 1779 1783 (-368 848 -594 ) (-368 848 -704 ) (-368 128 -704 ) (-368 128 -594 ) 
4 1779 1782 (-368 848 -576 ) (-368 848 -590 ) (-368 128 -590 ) (-368 128 -576 ) 
4 1779 1781 (-368 128 -594 ) (-368 128 -704 ) (0 128 -704 ) (0 128 -594 ) 
4 1779 1780 (-368 128 -576 ) (-368 128 -590 ) (0 128 -590 ) (0 128 -576 ) 
4 1780 1800 (0 124 -576 ) (-368 124 -576 ) (-368 124 -589.466675 ) (0 124 -589.466675 ) 
4 1780 1784 (-368 124 -589.466675 ) (-368 124 -576 ) (-368 128 -576 ) (-368 128 -590 ) 
4 1781 1804 (-368 124 -593.466614 ) (-368 124 -594 ) (-188 124 -618 ) (-188 124 -593.466614 ) 
4 1781 1803 (-368 124 -594 ) (-368 124 -704 ) (-188 124 -704 ) (-188 124 -618 ) 
4 1781 1801 (-4 124 -704 ) (0 124 -704 ) (0 124 -593.466614 ) (-4 124 -593.466614 ) 
4 1781 1802 (-180 124 -704 ) (-12 124 -704 ) (-12 124 -593.466614 ) (-180 124 -593.466614 ) 
3 1781 1786 (-368 124 -594 ) (-368 124 -593.466614 ) (-368 128 -594 ) 
4 1781 1785 (-368 128 -704 ) (-368 124 -704 ) (-368 124 -594 ) (-368 128 -594 ) 
4 1782 1787 (-372 848 -576 ) (-372 848 -589.466614 ) (-372 128 -589.466614 ) (-372 128 -576 ) 
4 1782 1784 (-372 128 -576 ) (-372 128 -589.466614 ) (-368 128 -590 ) (-368 128 -576 ) 
4 1783 1791 (-372 308 -704 ) (-372 128 -704 ) (-372 128 -593.466614 ) (-372 308 -593.466614 ) 
4 1783 1790 (-372 484 -704 ) (-372 316 -704 ) (-372 316 -593.466614 ) (-372 484 -593.466614 ) 
4 1783 1789 (-372 660 -704 ) (-372 492 -704 ) (-372 492 -593.466614 ) (-372 660 -593.466614 ) 
4 1783 1788 (-372 848 -593.466614 ) (-372 848 -704 ) (-372 668 -704 ) (-372 668 -593.466614 ) 
4 1783 1785 (-372 128 -593.466614 ) (-372 128 -704 ) (-368 128 -704 ) (-368 128 -594 ) 
4 1784 1800 (-368 124 -576 ) (-372 124 -576 ) (-372 124 -589.466614 ) (-368 124 -589.466675 ) 
4 1784 1787 (-372 124 -589.466614 ) (-372 124 -576 ) (-372 128 -576 ) (-372 128 -589.466614 ) 
4 1785 1803 (-372 124 -593.466614 ) (-372 124 -704 ) (-368 124 -704 ) (-368 124 -594 ) 
4 1785 1791 (-372 128 -704 ) (-372 124 -704 ) (-372 124 -593.466614 ) (-372 128 -593.466614 ) 
3 1785 1786 (-368 128 -594 ) (-372 124 -593.466675 ) (-368 124 -594 ) 
3 1786 1804 (-372 124 -593.466614 ) (-368 124 -594 ) (-368 124 -593.466614 ) 
4 1787 1800 (-372 124 -576 ) (-380 124 -576 ) (-380 124 -588.399963 ) (-372 124 -589.466614 ) 
4 1787 1793 (-380 848 -576 ) (-380 848 -588.399963 ) (-380 124 -588.399963 ) (-380 124 -576 ) 
4 1788 1792 (-380 848 -592.399963 ) (-380 848 -704 ) (-380 668 -704 ) (-380 668 -592.399963 ) 
4 1789 1792 (-380 660 -704 ) (-380 492 -704 ) (-380 492 -592.399963 ) (-380 660 -592.399963 ) 
4 1790 1792 (-380 484 -704 ) (-380 316 -704 ) (-380 316 -592.399963 ) (-380 484 -592.399963 ) 
4 1791 1792 (-380 308 -704 ) (-380 124 -704 ) (-380 124 -592.399963 ) (-380 308 -592.399963 ) 
4 1792 1849 (-464 560 -704 ) (-464 416 -704 ) (-464 416 -581.199951 ) (-464 560 -581.199951 ) 
4 1792 1850 (-464 128 -704 ) (-464 124 -704 ) (-464 124 -581.199951 ) (-464 128 -581.199951 ) 
3 1792 1806 (-380 124 -596.923096 ) (-380 124 -592.399963 ) (-398 124 -590 ) 
6 1792 1805 (-464 124 -589.466675 ) (-464 124 -704 ) (-380 124 -704 ) (-380 124 -596.923096 ) (-398 124 -590 ) (-402 124 -589.466675 ) 
3 1792 1799 (-408.222290 124 -589.466675 ) (-402 124 -589.466675 ) (-410 124 -588.399902 ) 
4 1792 1796 (-464 124 -581.199951 ) (-464 124 -589.466675 ) (-408.222290 124 -589.466675 ) (-410 124 -588.399902 ) 
4 1792 1795 (-410 124 -588.399719 ) (-398 124 -590 ) (-398 848 -590 ) (-410 848 -588.399841 ) 
4 1792 1794 (-464 124 -581.199585 ) (-410 124 -588.399719 ) (-410 848 -588.399841 ) (-464 848 -581.199890 ) 
4 1793 1800 (-380 124 -576 ) (-424 124 -576 ) (-398 124 -586 ) (-380 124 -588.399963 ) 
4 1794 1849 (-464 416 -576 ) (-464 560 -576 ) (-464 560 -581.199951 ) (-464 416 -581.199951 ) 
4 1794 1850 (-464 124 -581.199951 ) (-464 124 -576 ) (-464 128 -576 ) (-464 128 -581.199951 ) 
4 1794 1796 (-430.666687 124 -576 ) (-464 124 -576 ) (-464 124 -581.199951 ) (-410 124 -588.399963 ) 
4 1794 1795 (-424.012024 124 -579.995361 ) (-410.006470 124 -588.398865 ) (-410.006470 848 -588.398865 ) (-424.012024 848 -579.995361 ) 
3 1795 1805 (-402 124 -589.466675 ) (-398 124 -590 ) (-399.386444 124 -589.466675 ) 
4 1795 1799 (-424 124 -580 ) (-410 124 -588.399963 ) (-402 124 -589.466675 ) (-399.386444 124 -589.466675 ) 
4 1796 1850 (-464 32 -577.200073 ) (-464 32 -576 ) (-464 124 -576 ) (-464 124 -589.466675 ) 
3 1796 1809 (-410 116 -588.400146 ) (-417.537018 82.082481 -583.877808 ) (-443.916229 82.082481 -583.877808 ) 
4 1796 1808 (-464 82.082481 -583.877808 ) (-464 116 -588.400146 ) (-410 116 -588.400146 ) (-443.916229 82.082481 -583.877808 ) 
4 1796 1807 (-428.666443 32 -577.200195 ) (-464 32 -577.200195 ) (-464 82.082481 -583.877808 ) (-417.537018 82.082481 -583.877808 ) 
4 1796 1805 (-464 116 -588.400146 ) (-464 124 -589.466797 ) (-408.222046 124 -589.466797 ) (-410 116 -588.400146 ) 
5 1796 1799 (-417.535370 82.090149 -583.880798 ) (-408.221680 124 -589.468750 ) (-424.008331 124 -579.996765 ) (-424.010895 71.996132 -579.995850 ) (-423.998444 72.008583 -580.003296 ) 
3 1796 1798 (-430.671051 65.336479 -576 ) (-430.671143 61.600021 -576 ) (-423.998444 72.008583 -580.003296 ) 
4 1796 1797 (-430.671875 32 -576 ) (-428.666992 32 -577.202148 ) (-417.535370 82.090149 -583.880798 ) (-430.671143 61.600021 -576 ) 
4 1797 1811 (-112 32 -576 ) (-224 32 -576 ) (-224 32 -577.200012 ) (-112 32 -577.200073 ) 
4 1797 1807 (0 32 -577.200195 ) (-428.666443 32 -577.200195 ) (-417.537048 82.082458 -583.877808 ) (0 82.082458 -583.877808 ) 
3 1797 1799 (-413.919952 82.078125 -583.876953 ) (-417.535156 82.078125 -583.876953 ) (-423.987640 72.012238 -580.005432 ) 
4 1797 1798 (-423.987640 72.012238 -580.005432 ) (-430.663422 61.598030 -576 ) (0 61.598042 -576 ) (0 72.012146 -580.005432 ) 
4 1799 1809 (-417.537048 82.082458 -583.877808 ) (-410 116 -588.400146 ) (-402.159576 116 -588.400146 ) (-413.917725 82.082458 -583.877808 ) 
4 1799 1805 (-410 116 -588.400146 ) (-408.222046 124 -589.466797 ) (-399.386230 124 -589.466797 ) (-402.159576 116 -588.400146 ) 
4 1801 1810 (0 116 -596.923096 ) (0 116 -592.399963 ) (-4 116 -592.399963 ) (-4 116 -596.923096 ) 
4 1801 1807 (-4 116 -704 ) (0 116 -704 ) (0 116 -596.923096 ) (-4 116 -596.923096 ) 
4 1802 1810 (-12 116 -596.923096 ) (-12 116 -592.399963 ) (-180 116 -592.399963 ) (-180 116 -596.923096 ) 
4 1802 1807 (-180 116 -704 ) (-12 116 -704 ) (-12 116 -596.923096 ) (-180 116 -596.923096 ) 
3 1803 1808 (-346.077026 116 -596.923035 ) (-372 116 -593.466614 ) (-372 116 -596.923035 ) 
5 1803 1807 (-372 116 -704 ) (-188 116 -704 ) (-188 116 -618 ) (-346.077026 116 -596.923035 ) (-372 116 -596.923035 ) 
4 1803 1804 (-372 116 -593.466553 ) (-188 116 -618 ) (-188 124 -618 ) (-372 124 -593.466553 ) 
5 1804 1810 (-372 116 -592.399963 ) (-372 116 -593.466614 ) (-346.077026 116 -596.923035 ) (-188 116 -596.923096 ) (-188 116 -592.399963 ) 
3 1804 1807 (-346.077026 116 -596.923035 ) (-188 116 -618 ) (-188 116 -596.923096 ) 
4 1805 1850 (-464 124 -704 ) (-464 116 -704 ) (-464 116 -588.400024 ) (-464 124 -589.466675 ) 
3 1805 1809 (-402.158936 116 -588.400391 ) (-409.996857 116 -588.400391 ) (-398 116 -590 ) 
5 1805 1808 (-409.996857 116 -588.400391 ) (-464 116 -588.400391 ) (-464 116 -596.923096 ) (-380 116 -596.923035 ) (-398 116 -590 ) 
4 1805 1807 (-464 116 -596.923096 ) (-464 116 -704 ) (-380 116 -704 ) (-380 116 -596.923035 ) 
4 1805 1806 (-398.006989 116 -590 ) (-380 116 -596.923828 ) (-380 124 -596.923828 ) (-398.007111 124 -590 ) 
3 1806 1808 (-398 116 -590 ) (-380 116 -596.923035 ) (-380 116 -592.399963 ) 
5 1807 1850 (-464 116 -704 ) (-464 32 -704 ) (-464 32 -577.200073 ) (-464 82.081963 -583.877625 ) (-464 116 -596.923035 ) 
4 1807 1811 (-112 32 -592 ) (-112 32 -577.200073 ) (-224 32 -577.200073 ) (-224 32 -592 ) 
4 1807 1812 (-224 32 -704 ) (-112 32 -704 ) (-112 32 -592 ) (-224 32 -592 ) 
4 1807 1810 (0 116 -596.922852 ) (-346.078400 116 -596.922852 ) (-398 98 -590 ) (0 98 -590 ) 
3 1807 1809 (-398 98 -590 ) (-443.914307 82.082306 -583.878052 ) (-413.916931 82.082306 -583.878052 ) 
4 1807 1808 (-346.078400 116 -596.922852 ) (-464 116 -596.922852 ) (-464 82.082306 -583.878052 ) (-443.914307 82.082306 -583.878052 ) 
3 1808 1850 (-464 82.081963 -583.877625 ) (-464 116 -588.400024 ) (-464 116 -596.923035 ) 
3 1808 1810 (-398 97.997551 -590 ) (-346.070312 116 -596.923828 ) (-380 116 -592.399963 ) 
4 1808 1809 (-443.921875 82.078125 -583.876953 ) (-398 97.997551 -590 ) (-398 116 -590 ) (-409.998871 116 -588.400024 ) 
4 1811 2172 (-112 0 -576 ) (-217.298645 0 -576 ) (-217.298645 0 -592 ) (-112 0 -592 ) 
5 1811 1812 (-224 6.701358 -592 ) (-224 32 -592 ) (-112 32 -592 ) (-112 0 -592 ) (-217.298645 0 -592 ) 
4 1812 2173 (-224 0 -592 ) (-224 0 -704 ) (-112 0 -704 ) (-112 0 -592 ) 
4 1813 1829 (-472 784 -384 ) (-472 672 -384 ) (-584 672 -384 ) (-584 784 -384 ) 
4 1813 1827 (-512 784 -384 ) (-584 784 -384 ) (-584 800 -384 ) (-512 800 -384 ) 
4 1813 1826 (-472 800 -384 ) (-472 784 -384 ) (-512 784 -384 ) (-512 800 -384 ) 
4 1813 1822 (-584 1024 -384 ) (-512 1024 -384 ) (-512 800 -384 ) (-584 800 -384 ) 
4 1813 1821 (-472 992 -384 ) (-472 800 -384 ) (-512 800 -384 ) (-512 992 -384 ) 
4 1813 1820 (-512 1024 -384 ) (-472 1024 -384 ) (-472 992 -384 ) (-512 992 -384 ) 
4 1813 1817 (-472 1024 -384 ) (-464 1024 -384 ) (-464 800 -384 ) (-472 800 -384 ) 
4 1813 1814 (-584 664 1107.810059 ) (-584 664 -376 ) (-464 664 -376 ) (-464 664 1107.810059 ) 
4 1813 1816 (-584 1024 -384 ) (-584 664 -384 ) (-584 664 1107.810059 ) (-584 1024 1107.810059 ) 
4 1814 1816 (-584 32 -376 ) (-584 32 1107.810059 ) (-584 664 1107.810059 ) (-584 664 -376 ) 
4 1814 1815 (-584 32 1107.810059 ) (-584 32 -376 ) (-464 32 -376 ) (-464 32 1107.810059 ) 
4 1815 2171 (-584 0 -384 ) (-464 0 -384 ) (-464 0 768 ) (-584 0 408 ) 
4 1815 2139 (-464 0 768 ) (-464 0 1107.810059 ) (-584 0 1107.810059 ) (-584 0 408 ) 
4 1815 1845 (-464 8 -384 ) (-464 0 -384 ) (-584 0 -384 ) (-584 8 -384 ) 
4 1815 1844 (-464 32 -384 ) (-464 8 -384 ) (-584 8 -384 ) (-584 32 -384 ) 
4 1815 1816 (-584 32 -384 ) (-584 0 -384 ) (-584 0 1107.810059 ) (-584 32 1107.810059 ) 
4 1816 2171 (-608 0 336 ) (-608 0 -384 ) (-584 0 -384 ) (-584 0 408 ) 
4 1816 2139 (-608 0 1107.810059 ) (-608 0 336 ) (-584 0 408 ) (-584 0 1107.810059 ) 
5 1816 1959 (-608 0 -384 ) (-608 0 1107.810059 ) (-608 1024 1107.810059 ) (-608 1024 -362.666748 ) (-608 992 -384 ) 
3 1816 1951 (-608 1024 -362.666748 ) (-608 1024 -384 ) (-608 992 -384 ) 
4 1816 1845 (-608 0 -384 ) (-608 8 -384 ) (-584 8 -384 ) (-584 0 -384 ) 
4 1816 1844 (-608 8 -384 ) (-608 32 -384 ) (-584 32 -384 ) (-584 8 -384 ) 
4 1816 1834 (-608 520 -384 ) (-608 784 -384 ) (-592 784 -384 ) (-592 520 -384 ) 
4 1816 1835 (-608 32 -384 ) (-608 520 -384 ) (-592 520 -384 ) (-592 32 -384 ) 
4 1816 1832 (-592 784 -384 ) (-584 784 -384 ) (-584 760 -384 ) (-592 760 -384 ) 
4 1816 1833 (-584 256 -384 ) (-584 32 -384 ) (-592 32 -384 ) (-592 256 -384 ) 
4 1816 1827 (-608 784 -384 ) (-608 800 -384 ) (-584 800 -384 ) (-584 784 -384 ) 
4 1816 1822 (-608 800 -384 ) (-608 1024 -384 ) (-584 1024 -384 ) (-584 800 -384 ) 
4 1817 1821 (-472 800 -384 ) (-472 992 -384 ) (-472 992 -464 ) (-472 800 -464 ) 
4 1817 1820 (-472 992 -384 ) (-472 1024 -384 ) (-472 1024 -464 ) (-472 992 -464 ) 
4 1818 1830 (-472 592 -424 ) (-472 592 -512 ) (-472 384 -512 ) (-472 384 -424 ) 
4 1819 1847 (-472 1024 -576 ) (-464 1024 -576 ) (-464 992 -576 ) (-472 992 -576 ) 
4 1819 1820 (-472 1024 -576 ) (-472 992 -576 ) (-472 992 -552 ) (-472 1024 -552 ) 
4 1820 1847 (-512 1024 -576 ) (-472 1024 -576 ) (-472 992 -576 ) (-512 992 -576 ) 
4 1820 1824 (-512 992 -568 ) (-512 992 -528 ) (-512 1024 -528 ) (-512 1024 -568 ) 
4 1820 1822 (-512 992 -392 ) (-512 992 -384 ) (-512 1024 -384 ) (-512 1024 -392 ) 
4 1820 1823 (-512 992 -512 ) (-512 992 -400 ) (-512 1024 -400 ) (-512 1024 -512 ) 
4 1820 1821 (-512 992 -384 ) (-512 992 -552 ) (-472 992 -552 ) (-472 992 -384 ) 
4 1821 1836 (-472 800 -552 ) (-472 800 -544 ) (-512 800 -544 ) (-512 800 -552 ) 
4 1821 1826 (-472 800 -544 ) (-472 800 -384 ) (-512 800 -384 ) (-512 800 -544 ) 
4 1821 1824 (-512 800 -552 ) (-512 800 -528 ) (-512 992 -528 ) (-512 992 -552 ) 
4 1821 1822 (-512 800 -392 ) (-512 800 -384 ) (-512 992 -384 ) (-512 992 -392 ) 
4 1821 1823 (-512 800 -512 ) (-512 800 -400 ) (-512 992 -400 ) (-512 992 -512 ) 
4 1822 1959 (-608 800 -384 ) (-608 992 -384 ) (-608 980 -392 ) (-608 800 -392 ) 
4 1822 1951 (-608 992 -384 ) (-608 1024 -384 ) (-608 1024 -392 ) (-608 980 -392 ) 
4 1822 1827 (-512 800 -392 ) (-512 800 -384 ) (-608 800 -384 ) (-608 800 -392 ) 
3 1823 1961 (-608 800 -512 ) (-608 800 -400 ) (-608 968 -400 ) 
4 1823 1955 (-608 956 -512 ) (-608 944 -512 ) (-608 872 -464 ) (-608 956 -408 ) 
4 1823 1954 (-608 968 -512 ) (-608 956 -512 ) (-608 956 -408 ) (-608 968 -400 ) 
4 1823 1953 (-608 980 -512 ) (-608 968 -512 ) (-608 968 -400 ) (-608 980 -400 ) 
4 1823 1952 (-608 1024 -400 ) (-608 1024 -512 ) (-608 980 -512 ) (-608 980 -400 ) 
3 1823 1946 (-608 944 -512 ) (-608 800 -512 ) (-608 872 -464 ) 
4 1824 1838 (-512 800 -568 ) (-512 800 -544 ) (-584 800 -544 ) (-584 800 -568 ) 
4 1824 1841 (-584 800 -544 ) (-592 800 -544 ) (-592 800 -568 ) (-584 800 -568 ) 
4 1824 1828 (-512 800 -544 ) (-512 800 -528 ) (-592 800 -528 ) (-592 800 -544 ) 
4 1824 1825 (-592 976 -568 ) (-592 800 -568 ) (-592 800 -528 ) (-592 976 -528 ) 
5 1825 1948 (-608 976 -568 ) (-608 800 -568 ) (-608 800 -528 ) (-608 968 -528 ) (-608 976 -533.333313 ) 
4 1825 1842 (-608 800 -544 ) (-608 800 -568 ) (-592 800 -568 ) (-592 800 -544 ) 
4 1825 1828 (-592 800 -528 ) (-608 800 -528 ) (-608 800 -544 ) (-592 800 -544 ) 
4 1826 1836 (-512 800 -544 ) (-472 800 -544 ) (-472 784 -544 ) (-512 784 -544 ) 
4 1826 1829 (-512 784 -544 ) (-472 784 -544 ) (-472 784 -384 ) (-512 784 -384 ) 
4 1826 1827 (-512 800 -384 ) (-512 800 -400 ) (-512 784 -400 ) (-512 784 -384 ) 
4 1826 1828 (-512 800 -520 ) (-512 800 -544 ) (-512 784 -544 ) (-512 784 -520 ) 
4 1827 1959 (-608 784 -384 ) (-608 800 -384 ) (-608 800 -392 ) (-608 784 -392 ) 
4 1827 1834 (-592 784 -384 ) (-608 784 -384 ) (-608 784 -400 ) (-592 784 -400 ) 
4 1827 1832 (-584 784 -384 ) (-592 784 -384 ) (-592 784 -400 ) (-584 784 -400 ) 
4 1827 1829 (-512 784 -400 ) (-512 784 -384 ) (-584 784 -384 ) (-584 784 -400 ) 
4 1828 1948 (-608 800 -528 ) (-608 800 -544 ) (-608 784 -544 ) (-608 784 -528 ) 
5 1828 1947 (-608 800 -520 ) (-608 800 -528 ) (-608 784 -528 ) (-608 784 -522.666687 ) (-608 788 -520 ) 
4 1828 1842 (-608 800 -544 ) (-592 800 -544 ) (-592 784 -544 ) (-608 784 -544 ) 
4 1828 1838 (-584 800 -544 ) (-512 800 -544 ) (-512 784 -544 ) (-584 784 -544 ) 
4 1828 1841 (-592 800 -544 ) (-584 800 -544 ) (-584 784 -544 ) (-592 784 -544 ) 
4 1828 1832 (-592 784 -544 ) (-584 784 -544 ) (-584 784 -520 ) (-592 784 -520 ) 
4 1828 1829 (-584 784 -544 ) (-512 784 -544 ) (-512 784 -520 ) (-584 784 -520 ) 
4 1829 1838 (-512 672 -544 ) (-584 672 -544 ) (-584 784 -544 ) (-512 784 -544 ) 
4 1829 1836 (-472 784 -544 ) (-472 672 -544 ) (-512 672 -544 ) (-512 784 -544 ) 
4 1829 1832 (-584 784 -384 ) (-584 784 -544 ) (-584 760 -544 ) (-584 760 -384 ) 
4 1831 1844 (-472 32 -536 ) (-472 32 -384 ) (-584 32 -384 ) (-584 32 -536 ) 
4 1831 1840 (-512 32 -544 ) (-584 32 -544 ) (-584 248 -544 ) (-512 248 -544 ) 
4 1831 1837 (-472 248 -544 ) (-472 32 -544 ) (-512 32 -544 ) (-512 248 -544 ) 
4 1831 1833 (-584 248 -544 ) (-584 32 -544 ) (-584 32 -384 ) (-584 248 -384 ) 
4 1832 1841 (-592 760 -544 ) (-592 784 -544 ) (-584 784 -544 ) (-584 760 -544 ) 
4 1832 1834 (-592 784 -384 ) (-592 784 -400 ) (-592 760 -400 ) (-592 760 -384 ) 
4 1833 1844 (-584 32 -384 ) (-592 32 -384 ) (-592 32 -536 ) (-584 32 -536 ) 
4 1833 1841 (-584 32 -544 ) (-592 32 -544 ) (-592 256 -544 ) (-584 256 -544 ) 
4 1833 1835 (-592 256 -544 ) (-592 32 -544 ) (-592 32 -384 ) (-592 256 -384 ) 
4 1834 1959 (-608 520 -384 ) (-608 784 -384 ) (-608 784 -392 ) (-608 520 -392 ) 
4 1834 1835 (-592 520 -400 ) (-592 520 -384 ) (-608 520 -384 ) (-608 520 -400 ) 
4 1835 1972 (-608 504 -544 ) (-608 32 -544 ) (-608 32 -536 ) (-608 504 -536 ) 
4 1835 1969 (-608 32 -536 ) (-608 32 -400 ) (-608 504 -400 ) (-608 504 -536 ) 
4 1835 1960 (-608 512 -400 ) (-608 32 -400 ) (-608 32 -392 ) (-608 512 -392 ) 
4 1835 1959 (-608 32 -384 ) (-608 520 -384 ) (-608 520 -392 ) (-608 32 -392 ) 
4 1835 1844 (-592 32 -384 ) (-608 32 -384 ) (-608 32 -536 ) (-592 32 -536 ) 
4 1835 1843 (-592 32 -544 ) (-608 32 -544 ) (-608 520 -544 ) (-592 520 -544 ) 
4 1836 1838 (-512 664 -544 ) (-512 800 -544 ) (-512 800 -552 ) (-512 664 -552 ) 
4 1837 1840 (-512 32 -552 ) (-512 32 -544 ) (-512 256 -544 ) (-512 256 -552 ) 
4 1838 1839 (-584 664 -552 ) (-584 664 -568 ) (-512 664 -568 ) (-512 664 -552 ) 
4 1838 1841 (-584 800 -568 ) (-584 664 -568 ) (-584 664 -544 ) (-584 800 -544 ) 
4 1839 1841 (-584 664 -568 ) (-584 256 -568 ) (-584 256 -552 ) (-584 664 -552 ) 
4 1839 1840 (-584 256 -552 ) (-584 256 -568 ) (-512 256 -568 ) (-512 256 -552 ) 
4 1840 1841 (-584 256 -568 ) (-584 32 -568 ) (-584 32 -544 ) (-584 256 -544 ) 
4 1841 1842 (-592 800 -568 ) (-592 784 -568 ) (-592 784 -544 ) (-592 800 -544 ) 
4 1841 1843 (-592 520 -568 ) (-592 32 -568 ) (-592 32 -544 ) (-592 520 -544 ) 
4 1842 1948 (-608 800 -544 ) (-608 800 -568 ) (-608 784 -568 ) (-608 784 -544 ) 
4 1843 1972 (-608 504 -568 ) (-608 32 -568 ) (-608 32 -544 ) (-608 504 -544 ) 
4 1844 1969 (-608 32 -400 ) (-608 32 -536 ) (-608 8 -536 ) (-608 8 -400 ) 
4 1844 1960 (-608 32 -392 ) (-608 32 -400 ) (-608 8 -400 ) (-608 8 -392 ) 
4 1844 1959 (-608 8 -384 ) (-608 32 -384 ) (-608 32 -392 ) (-608 8 -392 ) 
4 1844 1846 (-608 8 -536 ) (-464 8 -536 ) (-464 8 -522 ) (-608 8 -522 ) 
4 1844 1845 (-464 8 -518.001953 ) (-464 8 -384 ) (-608 8 -384 ) (-608 8 -518.001953 ) 
4 1845 2171 (-608 0 -384 ) (-608 0 -522.801941 ) (-464 0 -522.801941 ) (-464 0 -384 ) 
4 1845 1970 (-608 0 -522.801941 ) (-608 0 -400 ) (-608 8 -400 ) (-608 8 -518.001953 ) 
4 1845 1960 (-608 0 -400 ) (-608 0 -392 ) (-608 8 -392 ) (-608 8 -400 ) 
4 1845 1959 (-608 0 -392 ) (-608 0 -384 ) (-608 8 -384 ) (-608 8 -392 ) 
4 1846 2170 (-608 0 -526.799988 ) (-608 0 -536 ) (-464 0 -536 ) (-464 0 -526.799988 ) 
4 1846 1971 (-608 0 -536 ) (-608 0 -526.799988 ) (-608 8 -522 ) (-608 8 -536 ) 
4 1847 1848 (-512 1024 -704 ) (-512 992 -704 ) (-512 992 -576 ) (-512 1024 -576 ) 
4 1848 1983 (-608 572 -576 ) (-608 584 -576 ) (-608 584 -656 ) (-608 572 -656 ) 
4 1848 1984 (-608 560 -576 ) (-608 572 -576 ) (-608 572 -664 ) (-608 560 -664 ) 
4 1848 1982 (-608 584 -576 ) (-608 596 -576 ) (-608 596 -648 ) (-608 584 -648 ) 
4 1848 1981 (-608 608 -640 ) (-608 596 -640 ) (-608 596 -632 ) (-608 608 -632 ) 
4 1848 1979 (-608 620 -576 ) (-608 632 -576 ) (-608 632 -624 ) (-608 620 -624 ) 
4 1848 1980 (-608 596 -576 ) (-608 620 -576 ) (-608 620 -632 ) (-608 596 -632 ) 
4 1848 1978 (-608 632 -576 ) (-608 644 -576 ) (-608 644 -616 ) (-608 632 -616 ) 
4 1848 1977 (-608 656 -608 ) (-608 644 -608 ) (-608 644 -600 ) (-608 656 -600 ) 
4 1848 1976 (-608 668 -600 ) (-608 644 -600 ) (-608 644 -592 ) (-608 668 -592 ) 
4 1848 1974 (-608 680 -576 ) (-608 692 -576 ) (-608 692 -584 ) (-608 680 -584 ) 
4 1848 1975 (-608 644 -576 ) (-608 680 -576 ) (-608 680 -592 ) (-608 644 -592 ) 
5 1848 1949 (-608 704 -576 ) (-608 1024 -576 ) (-608 1024 -704 ) (-608 560 -704 ) (-608 560 -672 ) 
4 1848 1851 (-608 560 -704 ) (-512 560 -704 ) (-512 560 -576 ) (-608 560 -576 ) 
4 1849 1851 (-512 560 -576 ) (-512 560 -704 ) (-512 416 -704 ) (-512 416 -576 ) 
4 1850 1851 (-512 128 -704 ) (-512 32 -704 ) (-512 32 -576 ) (-512 128 -576 ) 
4 1851 1988 (-608 512 -576 ) (-608 524 -576 ) (-608 524 -696 ) (-608 512 -696 ) 
4 1851 1989 (-608 32 -576 ) (-608 512 -576 ) (-608 512 -704 ) (-608 32 -704 ) 
4 1851 1987 (-608 524 -576 ) (-608 536 -576 ) (-608 536 -688 ) (-608 524 -688 ) 
4 1851 1986 (-608 536 -576 ) (-608 548 -576 ) (-608 548 -680 ) (-608 536 -680 ) 
4 1851 1985 (-608 560 -664 ) (-608 560 -672 ) (-608 548 -672 ) (-608 548 -664 ) 
4 1851 1984 (-608 548 -576 ) (-608 560 -576 ) (-608 560 -664 ) (-608 548 -664 ) 
3 1851 1949 (-608 560 -672 ) (-608 560 -704 ) (-608 512 -704 ) 
4 1852 1857 (-80 944 -712 ) (-432 944 -712 ) (-432 984 -712 ) (-80 984 -712 ) 
4 1852 1858 (-432 944 -712 ) (-464 944 -712 ) (-464 984 -712 ) (-432 984 -712 ) 
4 1852 1854 (-464 992 -712 ) (-464 944 -712 ) (-464 944 -704 ) (-464 992 -704 ) 
4 1853 1868 (0 848 -712 ) (0 128 -712 ) (-368 128 -712 ) (-368 848 -712 ) 
4 1854 1882 (-464 852 -712 ) (-464 560 -712 ) (-512 560 -712 ) (-512 852 -712 ) 
4 1854 1867 (-464 912 -712 ) (-464 852 -712 ) (-512 852 -712 ) (-512 912 -712 ) 
4 1854 1859 (-496 912 -712 ) (-504 912 -712 ) (-504 992 -712 ) (-496 992 -712 ) 
4 1854 1860 (-504 912 -712 ) (-512 912 -712 ) (-512 992 -712 ) (-504 992 -712 ) 
4 1854 1858 (-464 984 -712 ) (-464 912 -712 ) (-496 912 -712 ) (-496 984 -712 ) 
4 1855 1883 (-464 416 -712 ) (-464 128 -712 ) (-512 128 -712 ) (-512 416 -712 ) 
4 1857 1884 (0 984 -720 ) (0 920 -720 ) (-432 920 -720 ) (-432 984 -720 ) 
4 1857 1858 (-432 984 -712 ) (-432 984 -720 ) (-432 920 -720 ) (-432 920 -712 ) 
4 1858 1886 (-432 912 -720 ) (-496 912 -720 ) (-496 920 -720 ) (-432 920 -720 ) 
4 1858 1884 (-496 920 -720 ) (-496 984 -720 ) (-432 984 -720 ) (-432 920 -720 ) 
4 1858 1867 (-496 912 -720 ) (-440 912 -720 ) (-440 912 -712 ) (-496 912 -712 ) 
4 1858 1859 (-496 984 -720 ) (-496 912 -720 ) (-496 912 -712 ) (-496 984 -712 ) 
4 1859 1886 (-496 920 -720 ) (-496 912 -720 ) (-504 912 -720 ) (-504 920 -720 ) 
4 1859 1885 (-496 992 -720 ) (-496 920 -720 ) (-504 920 -720 ) (-504 992 -720 ) 
4 1859 1867 (-504 912 -720 ) (-496 912 -720 ) (-496 912 -712 ) (-504 912 -712 ) 
4 1859 1860 (-504 992 -720 ) (-504 912 -720 ) (-504 912 -712 ) (-504 992 -712 ) 
4 1860 1886 (-504 920 -720 ) (-504 912 -720 ) (-512 912 -720 ) (-512 920 -720 ) 
4 1860 1885 (-512 1024 -720 ) (-504 1024 -720 ) (-504 920 -720 ) (-512 920 -720 ) 
4 1860 1867 (-512 912 -712 ) (-512 912 -720 ) (-504 912 -720 ) (-504 912 -712 ) 
4 1861 1895 (-188 861 -720 ) (-188 864 -720 ) (-179 864 -720 ) (-179 861 -720 ) 
4 1861 1894 (-176 860 -720 ) (-179 860 -720 ) (-179 864 -720 ) (-176 864 -720 ) 
4 1861 1890 (-13 861 -720 ) (-13 864 -720 ) (-3 864 -720 ) (-3 861 -720 ) 
4 1861 1889 (0 864 -720 ) (0 860 -720 ) (-3 860 -720 ) (-3 864 -720 ) 
4 1861 1888 (-13 860 -720 ) (-16 860 -720 ) (-16 864 -720 ) (-13 864 -720 ) 
4 1861 1892 (-16 860 -720 ) (-176 860 -720 ) (-176 864 -720 ) (-16 864 -720 ) 
4 1861 1887 (0 912 -720 ) (0 864 -720 ) (-188 864 -720 ) (-188 912 -720 ) 
4 1861 1864 (-188 912 -712 ) (-188 912 -720 ) (-188 860 -720 ) (-188 860 -712 ) 
4 1861 1863 (-180 860 -720 ) (-12 860 -720 ) (-12 860 -712 ) (-180 860 -712 ) 
4 1861 1862 (-4 860 -720 ) (0 860 -720 ) (0 860 -712 ) (-4 860 -712 ) 
4 1862 1889 (0 860 -720 ) (0 852 -720 ) (-3 852 -720 ) (-3 860 -720 ) 
4 1862 1868 (-4 852 -720 ) (0 852 -720 ) (0 852 -712 ) (-4 852 -712 ) 
4 1863 1894 (-176 852 -720 ) (-179 852 -720 ) (-179 860 -720 ) (-176 860 -720 ) 
4 1863 1888 (-13 852 -720 ) (-16 852 -720 ) (-16 860 -720 ) (-13 860 -720 ) 
4 1863 1892 (-16 852 -720 ) (-176 852 -720 ) (-176 860 -720 ) (-16 860 -720 ) 
4 1863 1868 (-180 852 -720 ) (-12 852 -720 ) (-12 852 -712 ) (-180 852 -712 ) 
4 1864 1903 (-372 861 -720 ) (-372 864 -720 ) (-371 864 -720 ) (-371 861 -720 ) 
4 1864 1901 (-372 864 -720 ) (-372 912 -720 ) (-371 912 -720 ) (-371 864 -720 ) 
4 1864 1900 (-368 852 -720 ) (-371 852 -720 ) (-371 912 -720 ) (-368 912 -720 ) 
4 1864 1895 (-189 861 -720 ) (-189 864 -720 ) (-188 864 -720 ) (-188 861 -720 ) 
4 1864 1893 (-189 852 -720 ) (-192 852 -720 ) (-192 864 -720 ) (-189 864 -720 ) 
4 1864 1897 (-192 852 -720 ) (-368 852 -720 ) (-368 864 -720 ) (-192 864 -720 ) 
4 1864 1887 (-368 864 -720 ) (-368 912 -720 ) (-188 912 -720 ) (-188 864 -720 ) 
4 1864 1868 (-372 852 -720 ) (-188 852 -720 ) (-188 852 -712 ) (-372 852 -712 ) 
4 1864 1865 (-372 912 -712 ) (-372 912 -720 ) (-372 860 -720 ) (-372 860 -712 ) 
4 1865 1903 (-380 861 -720 ) (-380 864 -720 ) (-372 864 -720 ) (-372 861 -720 ) 
4 1865 1901 (-380 864 -720 ) (-380 912 -720 ) (-372 912 -720 ) (-372 864 -720 ) 
4 1865 1866 (-380 912 -712 ) (-380 912 -720 ) (-380 860 -720 ) (-380 860 -712 ) 
4 1866 1914 (-384 852 -720 ) (-432 852 -720 ) (-432 912 -720 ) (-384 912 -720 ) 
4 1866 1903 (-381 861 -720 ) (-381 864 -720 ) (-380 864 -720 ) (-380 861 -720 ) 
4 1866 1901 (-381 864 -720 ) (-381 912 -720 ) (-380 912 -720 ) (-380 864 -720 ) 
4 1866 1899 (-381 852 -720 ) (-384 852 -720 ) (-384 912 -720 ) (-381 912 -720 ) 
4 1866 1878 (-432 852 -720 ) (-380 852 -720 ) (-380 852 -712 ) (-432 852 -712 ) 
4 1867 1915 (-440 852 -720 ) (-512 852 -720 ) (-512 912 -720 ) (-440 912 -720 ) 
4 1867 1882 (-512 852 -712 ) (-512 852 -720 ) (-464 852 -720 ) (-464 852 -712 ) 
4 1867 1881 (-464 852 -720 ) (-440 852 -720 ) (-440 852 -712 ) (-464 852 -712 ) 
4 1868 1930 (-368 124 -720 ) (-371 124 -720 ) (-371 125 -720 ) (-368 125 -720 ) 
4 1868 1928 (-372 125 -720 ) (-372 128 -720 ) (-368 128 -720 ) (-368 125 -720 ) 
4 1868 1926 (-192 124 -720 ) (-368 124 -720 ) (-368 128 -720 ) (-192 128 -720 ) 
4 1868 1923 (-189 125 -720 ) (-189 128 -720 ) (-179 128 -720 ) (-179 125 -720 ) 
4 1868 1922 (-176 124 -720 ) (-179 124 -720 ) (-179 128 -720 ) (-176 128 -720 ) 
4 1868 1921 (-189 124 -720 ) (-192 124 -720 ) (-192 128 -720 ) (-189 128 -720 ) 
4 1868 1920 (-16 124 -720 ) (-176 124 -720 ) (-176 128 -720 ) (-16 128 -720 ) 
4 1868 1918 (-13 125 -720 ) (-13 128 -720 ) (-3 128 -720 ) (-3 125 -720 ) 
4 1868 1917 (0 128 -720 ) (0 124 -720 ) (-3 124 -720 ) (-3 128 -720 ) 
4 1868 1916 (-13 124 -720 ) (-16 124 -720 ) (-16 128 -720 ) (-13 128 -720 ) 
4 1868 1912 (-372 317 -720 ) (-372 320 -720 ) (-371 320 -720 ) (-371 317 -720 ) 
4 1868 1911 (-372 304 -720 ) (-372 307 -720 ) (-371 307 -720 ) (-371 304 -720 ) 
4 1868 1913 (-371 128 -720 ) (-372 128 -720 ) (-372 304 -720 ) (-371 304 -720 ) 
4 1868 1909 (-372 493 -720 ) (-372 496 -720 ) (-371 496 -720 ) (-371 493 -720 ) 
4 1868 1908 (-372 480 -720 ) (-372 483 -720 ) (-371 483 -720 ) (-371 480 -720 ) 
4 1868 1907 (-372 496 -720 ) (-372 656 -720 ) (-371 656 -720 ) (-371 496 -720 ) 
4 1868 1910 (-372 320 -720 ) (-372 480 -720 ) (-371 480 -720 ) (-371 320 -720 ) 
4 1868 1906 (-372 669 -720 ) (-372 672 -720 ) (-371 672 -720 ) (-371 669 -720 ) 
4 1868 1905 (-372 656 -720 ) (-372 659 -720 ) (-371 659 -720 ) (-371 656 -720 ) 
4 1868 1902 (-372 848 -720 ) (-372 851 -720 ) (-371 851 -720 ) (-371 848 -720 ) 
4 1868 1904 (-372 672 -720 ) (-372 848 -720 ) (-371 848 -720 ) (-371 672 -720 ) 
4 1868 1900 (-368 128 -720 ) (-371 128 -720 ) (-371 852 -720 ) (-368 852 -720 ) 
4 1868 1896 (-179 848 -720 ) (-189 848 -720 ) (-189 851 -720 ) (-179 851 -720 ) 
4 1868 1894 (-176 848 -720 ) (-179 848 -720 ) (-179 852 -720 ) (-176 852 -720 ) 
4 1868 1893 (-189 848 -720 ) (-192 848 -720 ) (-192 852 -720 ) (-189 852 -720 ) 
4 1868 1897 (-192 848 -720 ) (-368 848 -720 ) (-368 852 -720 ) (-192 852 -720 ) 
4 1868 1891 (-3 848 -720 ) (-13 848 -720 ) (-13 851 -720 ) (-3 851 -720 ) 
4 1868 1889 (0 852 -720 ) (0 848 -720 ) (-3 848 -720 ) (-3 852 -720 ) 
4 1868 1888 (-13 848 -720 ) (-16 848 -720 ) (-16 852 -720 ) (-13 852 -720 ) 
4 1868 1892 (-16 848 -720 ) (-176 848 -720 ) (-176 852 -720 ) (-16 852 -720 ) 
4 1868 1898 (0 848 -720 ) (0 128 -720 ) (-368 128 -720 ) (-368 848 -720 ) 
4 1868 1874 (-180 124 -720 ) (-12 124 -720 ) (-12 124 -712 ) (-180 124 -712 ) 
4 1868 1875 (-372 124 -720 ) (-188 124 -720 ) (-188 124 -712 ) (-372 124 -712 ) 
4 1868 1873 (-4 124 -720 ) (0 124 -720 ) (0 124 -712 ) (-4 124 -712 ) 
4 1868 1872 (-372 308 -720 ) (-372 124 -720 ) (-372 124 -712 ) (-372 308 -712 ) 
4 1868 1870 (-372 660 -720 ) (-372 492 -720 ) (-372 492 -712 ) (-372 660 -712 ) 
4 1868 1871 (-372 484 -720 ) (-372 316 -720 ) (-372 316 -712 ) (-372 484 -712 ) 
4 1868 1869 (-372 852 -712 ) (-372 852 -720 ) (-372 668 -720 ) (-372 668 -712 ) 
4 1869 1906 (-380 669 -720 ) (-380 672 -720 ) (-372 672 -720 ) (-372 669 -720 ) 
4 1869 1902 (-380 848 -720 ) (-380 851 -720 ) (-372 851 -720 ) (-372 848 -720 ) 
4 1869 1904 (-380 672 -720 ) (-380 848 -720 ) (-372 848 -720 ) (-372 672 -720 ) 
4 1869 1878 (-380 852 -712 ) (-380 852 -720 ) (-380 668 -720 ) (-380 668 -712 ) 
4 1870 1909 (-380 493 -720 ) (-380 496 -720 ) (-372 496 -720 ) (-372 493 -720 ) 
4 1870 1907 (-380 496 -720 ) (-380 656 -720 ) (-372 656 -720 ) (-372 496 -720 ) 
4 1870 1905 (-380 656 -720 ) (-380 659 -720 ) (-372 659 -720 ) (-372 656 -720 ) 
4 1870 1878 (-380 660 -720 ) (-380 492 -720 ) (-380 492 -712 ) (-380 660 -712 ) 
4 1871 1912 (-380 317 -720 ) (-380 320 -720 ) (-372 320 -720 ) (-372 317 -720 ) 
4 1871 1908 (-380 480 -720 ) (-380 483 -720 ) (-372 483 -720 ) (-372 480 -720 ) 
4 1871 1910 (-380 320 -720 ) (-380 480 -720 ) (-372 480 -720 ) (-372 320 -720 ) 
4 1871 1878 (-380 484 -720 ) (-380 316 -720 ) (-380 316 -712 ) (-380 484 -712 ) 
4 1872 1928 (-380 125 -720 ) (-380 128 -720 ) (-372 128 -720 ) (-372 125 -720 ) 
4 1872 1911 (-380 304 -720 ) (-380 307 -720 ) (-372 307 -720 ) (-372 304 -720 ) 
4 1872 1913 (-380 128 -720 ) (-380 304 -720 ) (-372 304 -720 ) (-372 128 -720 ) 
4 1872 1878 (-380 308 -720 ) (-380 124 -720 ) (-380 124 -712 ) (-380 308 -712 ) 
4 1873 1917 (0 124 -720 ) (0 116 -720 ) (-3 116 -720 ) (-3 124 -720 ) 
4 1873 1876 (-4 116 -720 ) (0 116 -720 ) (0 116 -712 ) (-4 116 -712 ) 
4 1874 1922 (-176 116 -720 ) (-179 116 -720 ) (-179 124 -720 ) (-176 124 -720 ) 
4 1874 1920 (-16 116 -720 ) (-176 116 -720 ) (-176 124 -720 ) (-16 124 -720 ) 
4 1874 1916 (-13 116 -720 ) (-16 116 -720 ) (-16 124 -720 ) (-13 124 -720 ) 
4 1874 1876 (-180 116 -720 ) (-12 116 -720 ) (-12 116 -712 ) (-180 116 -712 ) 
4 1875 1930 (-368 116 -720 ) (-371 116 -720 ) (-371 124 -720 ) (-368 124 -720 ) 
4 1875 1926 (-192 116 -720 ) (-368 116 -720 ) (-368 124 -720 ) (-192 124 -720 ) 
4 1875 1921 (-189 116 -720 ) (-192 116 -720 ) (-192 124 -720 ) (-189 124 -720 ) 
4 1875 1876 (-372 116 -720 ) (-188 116 -720 ) (-188 116 -712 ) (-372 116 -712 ) 
4 1876 1930 (-371 116 -720 ) (-368 116 -720 ) (-368 115 -720 ) (-371 115 -720 ) 
4 1876 1927 (-380 112 -720 ) (-380 115 -720 ) (-368 115 -720 ) (-368 112 -720 ) 
4 1876 1931 (-368 64 -720 ) (-380 64 -720 ) (-380 112 -720 ) (-368 112 -720 ) 
4 1876 1926 (-192 64 -720 ) (-368 64 -720 ) (-368 116 -720 ) (-192 116 -720 ) 
4 1876 1924 (-179 112 -720 ) (-189 112 -720 ) (-189 115 -720 ) (-179 115 -720 ) 
4 1876 1922 (-176 112 -720 ) (-179 112 -720 ) (-179 116 -720 ) (-176 116 -720 ) 
4 1876 1921 (-189 112 -720 ) (-192 112 -720 ) (-192 116 -720 ) (-189 116 -720 ) 
4 1876 1920 (-16 112 -720 ) (-176 112 -720 ) (-176 116 -720 ) (-16 116 -720 ) 
4 1876 1919 (-3 112 -720 ) (-13 112 -720 ) (-13 115 -720 ) (-3 115 -720 ) 
4 1876 1917 (0 116 -720 ) (0 112 -720 ) (-3 112 -720 ) (-3 116 -720 ) 
4 1876 1916 (-13 112 -720 ) (-16 112 -720 ) (-16 116 -720 ) (-13 116 -720 ) 
4 1876 1925 (0 112 -720 ) (0 64 -720 ) (-192 64 -720 ) (-192 112 -720 ) 
4 1876 1878 (-380 116 -720 ) (-380 64 -720 ) (-380 64 -712 ) (-380 116 -712 ) 
4 1877 1936 (-224 32 -720 ) (-380 32 -720 ) (-380 56 -720 ) (-224 56 -720 ) 
4 1877 1935 (0 56 -720 ) (0 32 -720 ) (-224 32 -720 ) (-224 56 -720 ) 
4 1877 1879 (-380 56 -720 ) (-380 32 -720 ) (-380 32 -712 ) (-380 56 -712 ) 
4 1878 1932 (-432 64 -720 ) (-432 128 -720 ) (-384 128 -720 ) (-384 64 -720 ) 
4 1878 1929 (-381 115 -720 ) (-384 115 -720 ) (-384 125 -720 ) (-381 125 -720 ) 
4 1878 1928 (-384 128 -720 ) (-380 128 -720 ) (-380 125 -720 ) (-384 125 -720 ) 
4 1878 1927 (-380 115 -720 ) (-380 112 -720 ) (-384 112 -720 ) (-384 115 -720 ) 
4 1878 1931 (-380 112 -720 ) (-380 64 -720 ) (-384 64 -720 ) (-384 112 -720 ) 
4 1878 1914 (-432 128 -720 ) (-432 852 -720 ) (-384 852 -720 ) (-384 128 -720 ) 
4 1878 1912 (-380 320 -720 ) (-380 317 -720 ) (-381 317 -720 ) (-381 320 -720 ) 
4 1878 1911 (-380 307 -720 ) (-380 304 -720 ) (-381 304 -720 ) (-381 307 -720 ) 
4 1878 1913 (-380 304 -720 ) (-380 128 -720 ) (-381 128 -720 ) (-381 304 -720 ) 
4 1878 1909 (-380 496 -720 ) (-380 493 -720 ) (-381 493 -720 ) (-381 496 -720 ) 
4 1878 1908 (-380 483 -720 ) (-380 480 -720 ) (-381 480 -720 ) (-381 483 -720 ) 
4 1878 1907 (-380 656 -720 ) (-380 496 -720 ) (-381 496 -720 ) (-381 656 -720 ) 
4 1878 1910 (-380 480 -720 ) (-380 320 -720 ) (-381 320 -720 ) (-381 480 -720 ) 
4 1878 1906 (-380 672 -720 ) (-380 669 -720 ) (-381 669 -720 ) (-381 672 -720 ) 
4 1878 1905 (-380 659 -720 ) (-380 656 -720 ) (-381 656 -720 ) (-381 659 -720 ) 
4 1878 1902 (-380 851 -720 ) (-380 848 -720 ) (-381 848 -720 ) (-381 851 -720 ) 
4 1878 1904 (-380 848 -720 ) (-380 672 -720 ) (-381 672 -720 ) (-381 848 -720 ) 
4 1878 1899 (-384 852 -720 ) (-381 852 -720 ) (-381 128 -720 ) (-384 128 -720 ) 
4 1879 1936 (-380 32 -720 ) (-432 32 -720 ) (-432 56 -720 ) (-380 56 -720 ) 
4 1879 1880 (-432 56 -720 ) (-432 32 -720 ) (-432 32 -712 ) (-432 56 -712 ) 
4 1880 1936 (-432 32 -720 ) (-440 32 -720 ) (-440 56 -720 ) (-432 56 -720 ) 
4 1880 1934 (-440 56 -720 ) (-440 64 -720 ) (-432 64 -720 ) (-432 56 -720 ) 
4 1880 1881 (-440 64 -720 ) (-440 32 -720 ) (-440 32 -712 ) (-440 64 -712 ) 
4 1881 1936 (-440 32 -720 ) (-464 32 -720 ) (-464 56 -720 ) (-440 56 -720 ) 
4 1881 1934 (-464 56 -720 ) (-464 64 -720 ) (-440 64 -720 ) (-440 56 -720 ) 
4 1881 1933 (-464 64 -720 ) (-464 128 -720 ) (-440 128 -720 ) (-440 64 -720 ) 
4 1881 1915 (-464 128 -720 ) (-464 852 -720 ) (-440 852 -720 ) (-440 128 -720 ) 
4 1881 1883 (-464 416 -720 ) (-464 128 -720 ) (-464 128 -712 ) (-464 416 -712 ) 
4 1881 1882 (-464 852 -712 ) (-464 852 -720 ) (-464 560 -720 ) (-464 560 -712 ) 
4 1882 1915 (-512 560 -720 ) (-512 852 -720 ) (-464 852 -720 ) (-464 560 -720 ) 
4 1883 1915 (-512 128 -720 ) (-512 416 -720 ) (-464 416 -720 ) (-464 128 -720 ) 
4 1884 1939 (0 992 -728 ) (0 920 -728 ) (-432 920 -728 ) (-432 992 -728 ) 
4 1884 1941 (-432 920 -728 ) (-496 920 -728 ) (-496 992 -728 ) (-432 992 -728 ) 
4 1884 1886 (-496 920 -728 ) (-432 920 -728 ) (-432 920 -720 ) (-496 920 -720 ) 
4 1884 1885 (-496 992 -728 ) (-496 920 -728 ) (-496 920 -720 ) (-496 992 -720 ) 
4 1885 1950 (-608 920 -720 ) (-608 1024 -720 ) (-608 1024 -728 ) (-608 920 -728 ) 
4 1885 1941 (-608 920 -728 ) (-608 992 -728 ) (-496 992 -728 ) (-496 920 -728 ) 
4 1885 1938 (-608 992 -728 ) (-608 1024 -728 ) (-496 1024 -728 ) (-496 992 -728 ) 
4 1885 1886 (-608 920 -728 ) (-496 920 -728 ) (-496 920 -720 ) (-608 920 -720 ) 
4 1886 1950 (-608 912 -720 ) (-608 920 -720 ) (-608 920 -728 ) (-608 912 -728 ) 
4 1886 1941 (-608 912 -728 ) (-608 920 -728 ) (-432 920 -728 ) (-432 912 -728 ) 
4 1886 1915 (-608 912 -728 ) (-440 912 -728 ) (-440 912 -720 ) (-608 912 -720 ) 
4 1887 1901 (-368 912 -723 ) (-368 912 -728 ) (-368 864 -728 ) (-368 864 -723 ) 
4 1887 1900 (-368 912 -720 ) (-368 912 -723 ) (-368 864 -723 ) (-368 864 -720 ) 
4 1887 1895 (-176 864 -723 ) (-179 864 -720 ) (-189 864 -720 ) (-192 864 -723 ) 
3 1887 1894 (-176 864 -723 ) (-176 864 -720 ) (-179 864 -720 ) 
3 1887 1893 (-189 864 -720 ) (-192 864 -720 ) (-192 864 -723 ) 
4 1887 1897 (-368 864 -720 ) (-368 864 -728 ) (-192 864 -728 ) (-192 864 -720 ) 
4 1887 1890 (0 864 -723 ) (-3 864 -720 ) (-13 864 -720 ) (-16 864 -723 ) 
3 1887 1889 (0 864 -723 ) (0 864 -720 ) (-3 864 -720 ) 
3 1887 1888 (-13 864 -720 ) (-16 864 -720 ) (-16 864 -723 ) 
4 1887 1892 (-176 864 -728 ) (-16 864 -728 ) (-16 864 -720 ) (-176 864 -720 ) 
3 1888 1891 (-12.996094 848 -720 ) (-15.998100 848 -723 ) (-12.996460 851 -720 ) 
3 1888 1890 (-15.998058 864 -723 ) (-12.998049 864 -720 ) (-12.997683 861 -720 ) 
4 1888 1892 (-16 864 -720 ) (-16 864 -723 ) (-16 848 -723 ) (-16 848 -720 ) 
3 1888 1898 (-13 848 -720 ) (-16 848 -720 ) (-16 848 -723 ) 
3 1889 1891 (0 848 -723 ) (-3 848 -720 ) (-3 851 -720 ) 
3 1889 1890 (-3 861 -720 ) (-3 864 -720 ) (0 864 -723 ) 
3 1889 1898 (0 848 -723 ) (0 848 -720 ) (-3 848 -720 ) 
4 1891 1898 (0 848 -723 ) (-3 848 -720 ) (-13 848 -720 ) (-16 848 -723 ) 
4 1892 1894 (-176 864 -720 ) (-176 864 -723 ) (-176 848 -723 ) (-176 848 -720 ) 
4 1892 1898 (-176 848 -728 ) (-16 848 -728 ) (-16 848 -720 ) (-176 848 -720 ) 
3 1893 1896 (-192 848 -723 ) (-189 851 -720 ) (-189 848 -720 ) 
3 1893 1895 (-192 864 -723 ) (-189 864 -720 ) (-189 861 -720 ) 
4 1893 1897 (-192 864 -720 ) (-192 864 -723 ) (-192 848 -723 ) (-192 848 -720 ) 
3 1893 1898 (-189 848 -720 ) (-192 848 -720 ) (-192 848 -723 ) 
3 1894 1896 (-176 848 -723 ) (-179 848 -720 ) (-179 851 -720 ) 
3 1894 1895 (-176 864 -723 ) (-179 861 -720 ) (-179 864 -720 ) 
3 1894 1898 (-176 848 -723 ) (-176 848 -720 ) (-179 848 -720 ) 
4 1896 1898 (-176 848 -723 ) (-179 848 -720 ) (-189 848 -720 ) (-192 848 -723 ) 
4 1897 1900 (-368 848 -723 ) (-368 848 -720 ) (-368 864 -720 ) (-368 864 -723 ) 
4 1897 1898 (-368 848 -720 ) (-368 848 -728 ) (-192 848 -728 ) (-192 848 -720 ) 
4 1898 1926 (-368 128 -728 ) (-192 128 -728 ) (-192 128 -720 ) (-368 128 -720 ) 
4 1898 1923 (-176 128 -723 ) (-179 128 -720 ) (-189 128 -720 ) (-192 128 -723 ) 
3 1898 1922 (-176 128 -723 ) (-176 128 -720 ) (-179 128 -720 ) 
3 1898 1921 (-189 128 -720 ) (-192 128 -720 ) (-192 128 -723 ) 
4 1898 1920 (-176 128 -728 ) (-16 128 -728 ) (-16 128 -720 ) (-176 128 -720 ) 
4 1898 1918 (0 128 -723 ) (-3 128 -720 ) (-13 128 -720 ) (-16 128 -723 ) 
3 1898 1917 (0 128 -723 ) (0 128 -720 ) (-3 128 -720 ) 
3 1898 1916 (-13 128 -720 ) (-16 128 -720 ) (-16 128 -723 ) 
4 1898 1913 (-368 304 -728 ) (-368 128 -728 ) (-368 128 -723 ) (-368 304 -723 ) 
4 1898 1907 (-368 656 -728 ) (-368 496 -728 ) (-368 496 -723 ) (-368 656 -723 ) 
4 1898 1910 (-368 480 -728 ) (-368 320 -728 ) (-368 320 -723 ) (-368 480 -723 ) 
4 1898 1904 (-368 848 -728 ) (-368 672 -728 ) (-368 672 -723 ) (-368 848 -723 ) 
4 1898 1900 (-368 128 -723 ) (-368 128 -720 ) (-368 848 -720 ) (-368 848 -723 ) 
3 1899 1928 (-381 128 -720 ) (-384 128 -720 ) (-384 128 -723 ) 
4 1899 1914 (-384 912 -720 ) (-384 912 -723 ) (-384 128 -723 ) (-384 128 -720 ) 
3 1899 1912 (-384 320 -723 ) (-381 320 -720 ) (-381 317 -720 ) 
3 1899 1911 (-384 304 -723 ) (-381 307 -720 ) (-381 304 -720 ) 
4 1899 1913 (-384 128 -723 ) (-384 304 -723 ) (-381 304 -720 ) (-381 128 -720 ) 
3 1899 1909 (-384 496 -723 ) (-381 496 -720 ) (-381 493 -720 ) 
3 1899 1908 (-384 480 -723 ) (-381 483 -720 ) (-381 480 -720 ) 
4 1899 1907 (-384 496 -723 ) (-384 656 -723 ) (-381 656 -720 ) (-381 496 -720 ) 
4 1899 1910 (-384 320 -723 ) (-384 480 -723 ) (-381 480 -720 ) (-381 320 -720 ) 
3 1899 1906 (-384 672 -723 ) (-381 672 -720 ) (-381 669 -720 ) 
3 1899 1905 (-384 656 -723 ) (-381 659 -720 ) (-381 656 -720 ) 
3 1899 1903 (-384 864 -723 ) (-381 864 -720 ) (-381 861 -720 ) 
3 1899 1902 (-384 848 -723 ) (-381 851 -720 ) (-381 848 -720 ) 
4 1899 1901 (-384 864 -723 ) (-384 912 -723 ) (-381 912 -720 ) (-381 864 -720 ) 
4 1899 1904 (-384 672 -723 ) (-384 848 -723 ) (-381 848 -720 ) (-381 672 -720 ) 
3 1900 1928 (-368 128 -723 ) (-368 128 -720 ) (-371 128 -720 ) 
3 1900 1912 (-368 320 -723 ) (-371 317 -720 ) (-371 320 -720 ) 
3 1900 1911 (-368 304 -723 ) (-371 304 -720 ) (-371 307 -720 ) 
4 1900 1913 (-368 304 -723 ) (-368 128 -723 ) (-371 128 -720 ) (-371 304 -720 ) 
3 1900 1909 (-368 496 -723 ) (-371 493 -720 ) (-371 496 -720 ) 
3 1900 1908 (-368 480 -723 ) (-371 480 -720 ) (-371 483 -720 ) 
4 1900 1907 (-368 656 -723 ) (-368 496 -723 ) (-371 496 -720 ) (-371 656 -720 ) 
4 1900 1910 (-368 480 -723 ) (-368 320 -723 ) (-371 320 -720 ) (-371 480 -720 ) 
3 1900 1906 (-368 672 -723 ) (-371 669 -720 ) (-371 672 -720 ) 
3 1900 1905 (-368 656 -723 ) (-371 656 -720 ) (-371 659 -720 ) 
3 1900 1903 (-368 864 -723 ) (-371 861 -720 ) (-371 864 -720 ) 
3 1900 1902 (-368 848 -723 ) (-371 848 -720 ) (-371 851 -720 ) 
4 1900 1901 (-368 912 -723 ) (-368 864 -723 ) (-371 864 -720 ) (-371 912 -720 ) 
4 1900 1904 (-368 848 -723 ) (-368 672 -723 ) (-371 672 -720 ) (-371 848 -720 ) 
4 1901 1914 (-384 912 -723 ) (-384 912 -728 ) (-384 864 -728 ) (-384 864 -723 ) 
4 1901 1903 (-368 864 -723 ) (-371 864 -720 ) (-380.992188 864 -720 ) (-383.992188 864 -723 ) 
4 1902 1904 (-368 848 -723 ) (-371 848 -720 ) (-380.992188 848 -720 ) (-383.992218 848 -723 ) 
4 1904 1914 (-384 848 -728 ) (-384 672 -728 ) (-384 672 -723 ) (-384 848 -723 ) 
4 1904 1906 (-368 672 -723 ) (-371 672 -720 ) (-380.992188 672 -720 ) (-383.992188 672 -723 ) 
4 1905 1907 (-368 656 -723 ) (-371 656 -720 ) (-380.992188 656 -720 ) (-383.992157 656 -723 ) 
4 1907 1914 (-384 656 -728 ) (-384 496 -728 ) (-384 496 -723 ) (-384 656 -723 ) 
4 1907 1909 (-368 496 -723 ) (-371 496 -720 ) (-380.992188 496 -720 ) (-383.992188 496 -723 ) 
4 1908 1910 (-368 480 -723 ) (-371 480 -720 ) (-380.992188 480 -720 ) (-383.992218 480 -723 ) 
4 1910 1914 (-384 480 -728 ) (-384 320 -728 ) (-384 320 -723 ) (-384 480 -723 ) 
4 1910 1912 (-368 320 -723 ) (-371 320 -720 ) (-380.992188 320 -720 ) (-383.992188 320 -723 ) 
4 1911 1913 (-368 304 -723 ) (-371 304 -720 ) (-380.992188 304 -720 ) (-383.992218 304 -723 ) 
4 1913 1928 (-368 128 -723 ) (-371 128 -720 ) (-381 128 -720 ) (-384 128 -723 ) 
4 1913 1914 (-384 304 -728 ) (-384 128 -728 ) (-384 128 -723 ) (-384 304 -723 ) 
4 1914 1932 (-432 128 -728 ) (-384 128 -728 ) (-384 128 -720 ) (-432 128 -720 ) 
4 1915 1990 (-608 128 -720 ) (-608 488 -720 ) (-608 476 -728 ) (-608 128 -728 ) 
4 1915 1950 (-608 488 -720 ) (-608 912 -720 ) (-608 912 -728 ) (-608 476 -728 ) 
4 1915 1941 (-608 128 -728 ) (-608 912 -728 ) (-440 912 -728 ) (-440 128 -728 ) 
4 1915 1933 (-608 128 -728 ) (-440 128 -728 ) (-440 128 -720 ) (-608 128 -720 ) 
4 1916 1920 (-16 128 -720 ) (-16 128 -723 ) (-16 112 -723 ) (-16 112 -720 ) 
3 1916 1919 (-12.996094 112 -720 ) (-15.998013 112 -723 ) (-12.996460 115 -720 ) 
3 1916 1918 (-15.998101 128 -723 ) (-12.998049 128 -720 ) (-12.997683 125 -720 ) 
3 1916 1925 (-13 112 -720 ) (-16 112 -720 ) (-16 112 -723 ) 
3 1917 1919 (0 112 -723 ) (-3 112 -720 ) (-3 115 -720 ) 
3 1917 1918 (-3 125 -720 ) (-3 128 -720 ) (0 128 -723 ) 
3 1917 1925 (0 112 -723 ) (0 112 -720 ) (-3 112 -720 ) 
4 1919 1925 (0 112 -723 ) (-3 112 -720 ) (-13 112 -720 ) (-16 112 -723 ) 
4 1920 1922 (-176 128 -720 ) (-176 128 -723 ) (-176 112 -723 ) (-176 112 -720 ) 
4 1920 1925 (-176 112 -728 ) (-16 112 -728 ) (-16 112 -720 ) (-176 112 -720 ) 
4 1921 1926 (-192 128 -720 ) (-192 128 -723 ) (-192 112 -723 ) (-192 112 -720 ) 
3 1921 1924 (-189 112 -720 ) (-192 112 -723 ) (-189 115 -720 ) 
3 1921 1923 (-192 128 -723 ) (-189 128 -720 ) (-189 125 -720 ) 
3 1921 1925 (-192 112 -720 ) (-192 112 -723 ) (-189 112 -720 ) 
3 1922 1924 (-176 112 -723 ) (-179 112 -720 ) (-179 115 -720 ) 
3 1922 1923 (-176 128 -723 ) (-179 125 -720 ) (-179 128 -720 ) 
3 1922 1925 (-176 112 -723 ) (-176 112 -720 ) (-179 112 -720 ) 
4 1924 1925 (-192 112 -723 ) (-176 112 -723 ) (-179 112 -720 ) (-189 112 -720 ) 
4 1925 1926 (-192 112 -728 ) (-192 64 -728 ) (-192 64 -720 ) (-192 112 -720 ) 
4 1926 1930 (-368 128 -723 ) (-368 112 -723 ) (-368 115 -720 ) (-368 125 -720 ) 
3 1926 1928 (-368 128 -720 ) (-368 128 -723 ) (-368 125 -720 ) 
3 1926 1927 (-368 112 -723 ) (-368 112 -720 ) (-368 115 -720 ) 
4 1926 1931 (-368 112 -728 ) (-368 64 -728 ) (-368 64 -720 ) (-368 112 -720 ) 
3 1927 1932 (-384 112 -723 ) (-384 112 -720 ) (-384 115 -720 ) 
4 1927 1930 (-368 114.997681 -720 ) (-368 112 -722.998047 ) (-368.001984 112 -722.998047 ) (-371 114.997749 -720 ) 
4 1927 1929 (-383.998016 112 -722.998047 ) (-384 112 -722.998047 ) (-384 114.998047 -720 ) (-381 114.997978 -720 ) 
4 1927 1931 (-384 112 -720 ) (-384 112 -723 ) (-368 112 -723 ) (-368 112 -720 ) 
3 1928 1932 (-384 128 -720 ) (-384 128 -723 ) (-384 125 -720 ) 
3 1928 1930 (-368 128 -723 ) (-368 125 -720 ) (-371 125 -720 ) 
3 1928 1929 (-381 125 -720 ) (-384 125 -720 ) (-384 128 -723 ) 
4 1929 1932 (-384 128 -723 ) (-384 112 -723 ) (-384 115 -720 ) (-384 125 -720 ) 
4 1931 1932 (-384 112 -728 ) (-384 64 -728 ) (-384 64 -720 ) (-384 112 -720 ) 
4 1933 1990 (-608 64 -720 ) (-608 128 -720 ) (-608 128 -728 ) (-608 64 -728 ) 
4 1933 1941 (-608 64 -728 ) (-608 128 -728 ) (-440 128 -728 ) (-440 64 -728 ) 
4 1933 1934 (-608 64 -728 ) (-440 64 -728 ) (-440 64 -720 ) (-608 64 -720 ) 
4 1934 1990 (-608 56 -720 ) (-608 64 -720 ) (-608 64 -728 ) (-608 56 -728 ) 
4 1934 1943 (-608 56 -728 ) (-608 64 -728 ) (-432 64 -728 ) (-432 56 -728 ) 
4 1934 1936 (-608 56 -728 ) (-432 56 -728 ) (-432 56 -720 ) (-608 56 -720 ) 
4 1935 2174 (0 0 -728 ) (0 0 -720 ) (-224 0 -720 ) (-224 0 -728 ) 
4 1935 1942 (0 0 -728 ) (-224 0 -728 ) (-224 56 -728 ) (0 56 -728 ) 
4 1935 1936 (-224 56 -720 ) (-224 56 -728 ) (-224 32 -728 ) (-224 32 -720 ) 
4 1936 1990 (-608 32 -720 ) (-608 56 -720 ) (-608 56 -728 ) (-608 32 -728 ) 
4 1936 1943 (-608 32 -728 ) (-608 56 -728 ) (-224 56 -728 ) (-224 32 -728 ) 
4 1937 1944 (-496 1024 -768 ) (0 1024 -768 ) (0 992 -768 ) (-496 992 -768 ) 
4 1937 1939 (-432 992 -768 ) (0 992 -768 ) (0 992 -736 ) (-432 992 -736 ) 
4 1937 1941 (-496 992 -768 ) (-432 992 -768 ) (-432 992 -736 ) (-496 992 -736 ) 
4 1937 1938 (-496 1024 -768 ) (-496 992 -768 ) (-496 992 -736 ) (-496 1024 -736 ) 
4 1938 1950 (-608 992 -728 ) (-608 1024 -728 ) (-608 1024 -768 ) (-608 992 -768 ) 
4 1938 1944 (-608 992 -768 ) (-608 1024 -768 ) (-496 1024 -768 ) (-496 992 -768 ) 
4 1938 1941 (-608 992 -768 ) (-496 992 -768 ) (-496 992 -728 ) (-608 992 -728 ) 
4 1939 1944 (-432 992 -768 ) (0 992 -768 ) (0 912 -768 ) (-432 912 -768 ) 
4 1939 1940 (-432 912 -744 ) (-432 912 -768 ) (0 912 -768 ) (0 912 -744 ) 
4 1939 1941 (-432 992 -728 ) (-432 992 -768 ) (-432 912 -768 ) (-432 912 -728 ) 
4 1940 1944 (0 912 -768 ) (0 64 -768 ) (-432 64 -768 ) (-432 912 -768 ) 
4 1940 1943 (-432 64 -768 ) (-224 64 -768 ) (-224 64 -744 ) (-432 64 -744 ) 
4 1940 1942 (-224 64 -768 ) (0 64 -768 ) (0 64 -744 ) (-224 64 -744 ) 
4 1940 1941 (-432 912 -768 ) (-432 64 -768 ) (-432 64 -744 ) (-432 912 -744 ) 
4 1941 1990 (-608 64 -728 ) (-608 476 -728 ) (-608 416 -768 ) (-608 64 -768 ) 
4 1941 1950 (-608 476 -728 ) (-608 992 -728 ) (-608 992 -768 ) (-608 416 -768 ) 
4 1941 1944 (-608 64 -768 ) (-608 992 -768 ) (-432 992 -768 ) (-432 64 -768 ) 
4 1941 1943 (-608 64 -768 ) (-432 64 -768 ) (-432 64 -728 ) (-608 64 -728 ) 
4 1942 2174 (0 0 -768 ) (0 0 -728 ) (-224 0 -728 ) (-224 0 -768 ) 
4 1942 1944 (-224 64 -768 ) (0 64 -768 ) (0 0 -768 ) (-224 0 -768 ) 
4 1942 1943 (-224 64 -728 ) (-224 64 -768 ) (-224 32 -768 ) (-224 32 -728 ) 
4 1943 1990 (-608 32 -728 ) (-608 64 -728 ) (-608 64 -768 ) (-608 32 -768 ) 
4 1943 1944 (-608 32 -768 ) (-608 64 -768 ) (-224 64 -768 ) (-224 32 -768 ) 
4 1944 2311 (0 0 -2387.810059 ) (0 0 -1568 ) (-608 0 -1568 ) (-608 0 -2387.810059 ) 
4 1944 2175 (0 0 -1568 ) (0 0 -768 ) (-608 0 -768 ) (-608 0 -1568 ) 
4 1944 1991 (-608 0 -1045.333496 ) (-608 0 -768 ) (-608 32 -768 ) (-608 32 -1024 ) 
3 1944 1990 (-608 32 -768 ) (-608 416 -768 ) (-608 32 -1024 ) 
5 1944 1950 (-608 0 -2387.810059 ) (-608 0 -1045.333496 ) (-608 416 -768 ) (-608 1024 -768 ) (-608 1024 -2387.810059 ) 
4 1945 1948 (-704 944 -528 ) (-704 968.005859 -528 ) (-608 968.005859 -528 ) (-608 944 -528 ) 
3 1946 2000 (-704 800 -512 ) (-704 872 -464 ) (-704 944 -512 ) 
4 1946 1961 (-704 871.998779 -464 ) (-704 800 -511.998352 ) (-608 800 -511.998657 ) (-608 872 -464 ) 
4 1946 1955 (-704 944 -512.001221 ) (-704 872 -464 ) (-608 872 -464 ) (-608 944 -512 ) 
4 1947 1948 (-608 776.002014 -528 ) (-704 776.002014 -528 ) (-704 800 -528 ) (-608 800 -528 ) 
4 1950 2311 (-608 0 -2387.810059 ) (-608 0 -1568 ) (-704 0 -1568 ) (-704 0 -2387.810059 ) 
4 1950 2175 (-608 0 -1568 ) (-608 0 -1045.333252 ) (-704 0 -1045.333252 ) (-704 0 -1568 ) 
4 1950 2021 (-704 32 -2387.810059 ) (-704 0 -2387.810059 ) (-704 0 -1045.333252 ) (-704 32 -1024 ) 
5 1950 2018 (-704 1024 -768 ) (-704 1024 -2387.810059 ) (-704 32 -2387.810059 ) (-704 32 -1024 ) (-704 416 -768 ) 
4 1950 1991 (-704 32 -1023.998657 ) (-704 0 -1045.332031 ) (-608 0 -1045.332031 ) (-608 32 -1023.998718 ) 
4 1950 1990 (-704 487.997742 -720 ) (-704 32 -1023.998657 ) (-608 32 -1023.998718 ) (-608 487.998016 -720 ) 
3 1951 1992 (-704 1024 -362.666504 ) (-704 1024 -392 ) (-704 980 -392 ) 
4 1951 1959 (-704 1024 -362.664917 ) (-704 979.997437 -392 ) (-608 979.998047 -392 ) (-608 1024 -362.665344 ) 
4 1952 1958 (-704 992 -536 ) (-704 1004 -536 ) (-608 1004 -536 ) (-608 992 -536 ) 
4 1952 1957 (-704 1004 -536 ) (-704 1016 -536 ) (-608 1016 -536 ) (-608 1004 -536 ) 
4 1952 1956 (-704 1016 -536 ) (-704 1024 -536 ) (-608 1024 -536 ) (-608 1016 -536 ) 
4 1952 1953 (-608 980 -528 ) (-608 980 -400 ) (-704 980 -400 ) (-704 980 -528 ) 
4 1953 1954 (-608 968 -520 ) (-608 968 -400.002014 ) (-704 968 -400.002014 ) (-704 968 -520 ) 
4 1954 1961 (-704 968 -399.998291 ) (-704 956 -407.998291 ) (-608 956 -407.998688 ) (-608 968 -399.998688 ) 
4 1954 1955 (-608 956 -512 ) (-608 956 -408.001984 ) (-704 956 -408.001984 ) (-704 956 -512 ) 
3 1955 2000 (-704 944 -512 ) (-704 872 -464 ) (-704 944 -416 ) 
4 1955 1961 (-704 956 -407.998291 ) (-704 871.998779 -464 ) (-608 872 -464 ) (-608 956 -407.998688 ) 
4 1956 1957 (-608 1016 -552 ) (-608 1016 -536 ) (-704 1016 -536 ) (-704 1016 -552 ) 
4 1957 1958 (-608 1004 -544 ) (-608 1004 -536 ) (-704 1004 -536 ) (-704 1004 -544 ) 
4 1959 2171 (-608 0 -392 ) (-608 0 336 ) (-704 0 48 ) (-704 0 -392 ) 
4 1959 2139 (-608 0 336 ) (-608 0 1107.810059 ) (-704 0 1107.810059 ) (-704 0 48 ) 
5 1959 1992 (-704 1024 1107.810059 ) (-704 1024 -362.666504 ) (-704 980 -392 ) (-704 0 -392 ) (-704 0 1107.810059 ) 
4 1959 1960 (-704 0 -392 ) (-704 512 -392 ) (-608 512 -392 ) (-608 0 -392 ) 
4 1960 2171 (-608 0 -400 ) (-608 0 -392 ) (-704 0 -392 ) (-704 0 -400 ) 
4 1960 1997 (-704 512 -400 ) (-704 0 -400 ) (-704 0 -392 ) (-704 512 -392 ) 
4 1960 1970 (-704 0 -400 ) (-704 8 -400 ) (-608 8 -400 ) (-608 0 -400 ) 
4 1960 1969 (-704 8 -400 ) (-704 504 -400 ) (-608 504 -400 ) (-608 8 -400 ) 
4 1961 2000 (-704 944 -416 ) (-704 800 -512 ) (-704 800 -400 ) (-704 944 -400 ) 
4 1961 1962 (-608 788 -512 ) (-608 788 -400 ) (-704 788 -400 ) (-704 788 -512 ) 
4 1962 1963 (-608 776 -520 ) (-608 776 -400 ) (-704 776 -400 ) (-704 776 -520 ) 
4 1963 1967 (-608 728 -528 ) (-608 728 -400 ) (-704 728 -400 ) (-704 728 -528 ) 
4 1963 1964 (-608 728 -528 ) (-704 728 -528 ) (-704 764 -528 ) (-608 764 -528 ) 
4 1964 1967 (-608 728 -536 ) (-608 728 -528 ) (-704 728 -528 ) (-704 728 -536 ) 
4 1964 1966 (-608 728 -536 ) (-704 728 -536 ) (-704 740 -536 ) (-608 740 -536 ) 
4 1964 1965 (-704 740 -536 ) (-704 752 -536 ) (-608 752 -536 ) (-608 740 -536 ) 
4 1965 1966 (-608 740 -544 ) (-608 740 -536 ) (-704 740 -536 ) (-704 740 -544 ) 
4 1966 1967 (-608 728 -552 ) (-608 728 -536 ) (-704 728 -536 ) (-704 728 -552 ) 
4 1967 1968 (-608 716 -560 ) (-608 716 -400 ) (-704 716 -400 ) (-704 716 -560 ) 
4 1968 1973 (-704 520 -568 ) (-704 704 -568 ) (-608 704 -568 ) (-608 520 -568 ) 
4 1969 2020 (-704 32 -536 ) (-704 8 -536 ) (-704 8 -528 ) (-704 32 -528 ) 
4 1969 2002 (-704 8 -400 ) (-704 504 -400 ) (-704 504 -528 ) (-704 8 -528 ) 
4 1969 1972 (-704 32 -536 ) (-704 504 -536 ) (-608 504 -536 ) (-608 32 -536 ) 
4 1969 1971 (-704 8 -536 ) (-608 8 -536 ) (-608 8 -522 ) (-704 8 -522 ) 
4 1969 1970 (-608 8 -518.001953 ) (-608 8 -400 ) (-704 8 -400 ) (-704 8 -518.001953 ) 
4 1970 2171 (-608 0 -522.801941 ) (-608 0 -400 ) (-704 0 -400 ) (-704 0 -522.801941 ) 
4 1970 2004 (-704 0 -522.801941 ) (-704 0 -400 ) (-704 8 -400 ) (-704 8 -518.001953 ) 
4 1971 2170 (-608 0 -536 ) (-608 0 -526.799988 ) (-704 0 -526.799988 ) (-704 0 -536 ) 
4 1971 2020 (-704 0 -536 ) (-704 0 -528 ) (-704 8 -528 ) (-704 8 -536 ) 
4 1971 2005 (-704 0 -528 ) (-704 0 -526.799988 ) (-704 8 -522 ) (-704 8 -528 ) 
4 1973 1988 (-704 520 -576 ) (-704 524 -576 ) (-608 524 -576 ) (-608 520 -576 ) 
4 1973 1987 (-704 524 -576 ) (-704 536 -576 ) (-608 536 -576 ) (-608 524 -576 ) 
4 1973 1986 (-704 536 -576 ) (-704 548 -576 ) (-608 548 -576 ) (-608 536 -576 ) 
4 1973 1983 (-704 572 -576 ) (-704 584 -576 ) (-608 584 -576 ) (-608 572 -576 ) 
4 1973 1984 (-704 548 -576 ) (-704 572 -576 ) (-608 572 -576 ) (-608 548 -576 ) 
4 1973 1982 (-704 584 -576 ) (-704 596 -576 ) (-608 596 -576 ) (-608 584 -576 ) 
4 1973 1979 (-704 620 -576 ) (-704 632 -576 ) (-608 632 -576 ) (-608 620 -576 ) 
4 1973 1980 (-704 596 -576 ) (-704 620 -576 ) (-608 620 -576 ) (-608 596 -576 ) 
4 1973 1978 (-704 632 -576 ) (-704 644 -576 ) (-608 644 -576 ) (-608 632 -576 ) 
4 1973 1974 (-704 680 -576 ) (-704 692 -576 ) (-608 692 -576 ) (-608 680 -576 ) 
4 1973 1975 (-704 644 -576 ) (-704 680 -576 ) (-608 680 -576 ) (-608 644 -576 ) 
4 1974 1975 (-608 680 -584 ) (-608 680 -576 ) (-704 680 -576 ) (-704 680 -584 ) 
4 1975 1978 (-608 644 -592 ) (-608 644 -576 ) (-704 644 -576 ) (-704 644 -592 ) 
4 1975 1976 (-608 644 -592 ) (-704 644 -592 ) (-704 668 -592 ) (-608 668 -592 ) 
4 1976 1978 (-608 644 -600 ) (-608 644 -592 ) (-704 644 -592 ) (-704 644 -600 ) 
4 1976 1977 (-608 644 -600 ) (-704 644 -600 ) (-704 656 -600 ) (-608 656 -600 ) 
4 1977 1978 (-608 644 -608 ) (-608 644 -600 ) (-704 644 -600 ) (-704 644 -608 ) 
4 1978 1979 (-608 632 -616 ) (-608 632 -576 ) (-704 632 -576 ) (-704 632 -616 ) 
4 1979 1980 (-608 620 -624 ) (-608 620 -576 ) (-704 620 -576 ) (-704 620 -624 ) 
4 1980 1982 (-608 596 -632 ) (-608 596 -576 ) (-704 596 -576 ) (-704 596 -632 ) 
4 1980 1981 (-608 596 -632 ) (-704 596 -632 ) (-704 608 -632 ) (-608 608 -632 ) 
4 1981 1982 (-608 596 -640 ) (-608 596 -632 ) (-704 596 -632 ) (-704 596 -640 ) 
4 1982 1983 (-608 584 -648 ) (-608 584 -576 ) (-704 584 -576 ) (-704 584 -648 ) 
4 1983 1984 (-608 572 -656 ) (-608 572 -576 ) (-704 572 -576 ) (-704 572 -656 ) 
4 1984 1986 (-608 548 -664 ) (-608 548 -576 ) (-704 548 -576 ) (-704 548 -664 ) 
4 1984 1985 (-608 548 -664 ) (-704 548 -664 ) (-704 560 -664 ) (-608 560 -664 ) 
4 1985 1986 (-608 548 -672 ) (-608 548 -664 ) (-704 548 -664 ) (-704 548 -672 ) 
4 1986 1987 (-608 536 -680 ) (-608 536 -576 ) (-704 536 -576 ) (-704 536 -680 ) 
4 1987 1988 (-608 524 -688 ) (-608 524 -576 ) (-704 524 -576 ) (-704 524 -688 ) 
4 1988 1989 (-608 512 -696 ) (-608 512 -576 ) (-704 512 -576 ) (-704 512 -696 ) 
3 1990 2018 (-704 416 -768 ) (-704 32 -1024 ) (-704 32 -768 ) 
4 1990 1991 (-704 32 -1024 ) (-608 32 -1024 ) (-608 32 -768 ) (-704 32 -768 ) 
4 1991 2175 (-608 0 -1045.333252 ) (-608 0 -768 ) (-704 0 -768 ) (-704 0 -1045.333252 ) 
4 1991 2021 (-704 32 -1024 ) (-704 0 -1045.333252 ) (-704 0 -768 ) (-704 32 -768 ) 
4 1992 2423 (-1024 72 1107.810059 ) (-1024 576 1107.810059 ) (-1024 576 -392 ) (-1024 72 -392 ) 
4 1992 2424 (-1024 0 -392 ) (-1024 0 1107.810059 ) (-1024 72 1107.810059 ) (-1024 72 -392 ) 
4 1992 2421 (-1024 576 1107.810059 ) (-1024 608 1107.810059 ) (-1024 608 -392 ) (-1024 576 -392 ) 
4 1992 2416 (-1024 608 1107.810059 ) (-1024 944 1107.810059 ) (-1024 944 -392 ) (-1024 608 -392 ) 
4 1992 2413 (-1024 944 1107.810059 ) (-1024 1024 1107.810059 ) (-1024 1024 -392 ) (-1024 944 -392 ) 
4 1992 2176 (-752 0 -96 ) (-768 0 -144 ) (-768 0 -392 ) (-752 0 -392 ) 
3 1992 2178 (-768 0 -144 ) (-850.666748 0 -392 ) (-768 0 -392 ) 
4 1992 2171 (-704 0 -392 ) (-704 0 48 ) (-752 0 -96 ) (-752 0 -392 ) 
5 1992 2139 (-704 0 48 ) (-704 0 1107.810059 ) (-1024 0 1107.810059 ) (-1024 0 -392 ) (-850.666748 0 -392 ) 
4 1992 1998 (-1024 0 -392 ) (-1024 72 -392 ) (-848 72 -392 ) (-848 0 -392 ) 
4 1992 1997 (-848 576 -392 ) (-704 576 -392 ) (-704 0 -392 ) (-848 0 -392 ) 
4 1992 1996 (-1008 608 -392 ) (-992 608 -392 ) (-992 576 -392 ) (-1008 576 -392 ) 
4 1992 1995 (-848 608 -392 ) (-704 608 -392 ) (-704 576 -392 ) (-848 576 -392 ) 
4 1992 1994 (-704 800 -392 ) (-704 608 -392 ) (-848 608 -392 ) (-848 800 -392 ) 
4 1992 1993 (-1024 960 -392 ) (-1024 1024 -392 ) (-704 1024 -392 ) (-704 960 -392 ) 
4 1993 2414 (-1024 960 -392 ) (-1024 1024 -392 ) (-1024 1024 -400 ) (-1024 960 -400 ) 
4 1993 2011 (-848 960 -400 ) (-1024 960 -400 ) (-1024 1024 -400 ) (-848 1024 -400 ) 
4 1993 1999 (-720 960 -400 ) (-848 960 -400 ) (-848 1024 -400 ) (-720 1024 -400 ) 
4 1994 2006 (-752 608 -400 ) (-768 608 -400 ) (-768 784 -400 ) (-752 784 -400 ) 
4 1994 2008 (-768 608 -400 ) (-832 608 -400 ) (-832 784 -400 ) (-768 784 -400 ) 
4 1994 2003 (-720 608 -400 ) (-752 608 -400 ) (-752 784 -400 ) (-720 784 -400 ) 
4 1994 1995 (-848 608 -400 ) (-704 608 -400 ) (-704 608 -392 ) (-848 608 -392 ) 
4 1995 2006 (-752 576 -400 ) (-768 576 -400 ) (-768 608 -400 ) (-752 608 -400 ) 
4 1995 2008 (-768 576 -400 ) (-832 576 -400 ) (-832 608 -400 ) (-768 608 -400 ) 
4 1995 2003 (-720 576 -400 ) (-752 576 -400 ) (-752 608 -400 ) (-720 608 -400 ) 
4 1995 1997 (-848 576 -400 ) (-704 576 -400 ) (-704 576 -392 ) (-848 576 -392 ) 
4 1997 2176 (-752 0 -392 ) (-768 0 -392 ) (-768 0 -400 ) (-752 0 -400 ) 
4 1997 2178 (-768 0 -392 ) (-848 0 -392 ) (-848 0 -400 ) (-768 0 -400 ) 
4 1997 2171 (-704 0 -400 ) (-704 0 -392 ) (-752 0 -392 ) (-752 0 -400 ) 
4 1997 2009 (-832 0 -400 ) (-848 0 -400 ) (-848 80 -400 ) (-832 80 -400 ) 
4 1997 2007 (-752 0 -400 ) (-768 0 -400 ) (-768 32 -400 ) (-752 32 -400 ) 
4 1997 2006 (-768 32 -400 ) (-768 576 -400 ) (-752 576 -400 ) (-752 32 -400 ) 
4 1997 2008 (-768 0 -400 ) (-832 0 -400 ) (-832 576 -400 ) (-768 576 -400 ) 
4 1997 2004 (-704 8 -400 ) (-704 0 -400 ) (-752 0 -400 ) (-752 8 -400 ) 
4 1997 2002 (-704 520 -400 ) (-704 8 -400 ) (-720 8 -400 ) (-720 520 -400 ) 
4 1997 2003 (-720 8 -400 ) (-752 8 -400 ) (-752 576 -400 ) (-720 576 -400 ) 
4 1997 1998 (-848 72 -400 ) (-848 0 -400 ) (-848 0 -392 ) (-848 72 -392 ) 
4 1998 2424 (-1024 0 -400 ) (-1024 0 -392 ) (-1024 72 -392 ) (-1024 72 -400 ) 
4 1998 2178 (-848 0 -392 ) (-850.666748 0 -392 ) (-853.333374 0 -400 ) (-848 0 -400 ) 
4 1998 2139 (-850.666748 0 -392 ) (-1024 0 -392 ) (-1024 0 -400 ) (-853.333374 0 -400 ) 
4 1998 2017 (-848 0 -400 ) (-1024 0 -400 ) (-1024 72 -400 ) (-848 72 -400 ) 
4 1999 2019 (-848 1024 -528 ) (-752 1024 -528 ) (-752 960 -528 ) (-848 960 -528 ) 
4 1999 2011 (-848 1024 -528 ) (-848 960 -528 ) (-848 960 -400 ) (-848 1024 -400 ) 
4 2000 2001 (-840 904 -512 ) (-840 840 -512 ) (-840 840 -400 ) (-840 904 -400 ) 
4 2001 2012 (-848 840 -400 ) (-848 904 -400 ) (-848 904 -512 ) (-848 840 -512 ) 
4 2002 2020 (-704 32 -528 ) (-704 8 -528 ) (-720 8 -528 ) (-720 32 -528 ) 
4 2002 2005 (-720 8 -528 ) (-704 8 -528 ) (-704 8 -522 ) (-720 8 -522 ) 
4 2002 2004 (-704 8 -518.001953 ) (-704 8 -400 ) (-720 8 -400 ) (-720 8 -518.001953 ) 
4 2002 2003 (-720 520 -528 ) (-720 8 -528 ) (-720 8 -400 ) (-720 520 -400 ) 
4 2003 2020 (-720 8 -528 ) (-752 8 -528 ) (-752 32 -528 ) (-720 32 -528 ) 
4 2003 2007 (-752 8 -512 ) (-752 8 -400 ) (-752 32 -400 ) (-752 32 -512 ) 
4 2003 2006 (-752 784 -400 ) (-752 784 -528 ) (-752 32 -528 ) (-752 32 -400 ) 
4 2003 2005 (-752 8 -522 ) (-752 8 -528 ) (-720 8 -528 ) (-720 8 -522 ) 
4 2003 2004 (-752 8 -400 ) (-752 8 -518.001953 ) (-720 8 -518.001953 ) (-720 8 -400 ) 
4 2004 2171 (-704 0 -522.801941 ) (-704 0 -400 ) (-752 0 -400 ) (-752 0 -522.802002 ) 
4 2004 2007 (-752 0 -512 ) (-752 0 -400 ) (-752 8 -400 ) (-752 8 -512 ) 
4 2005 2170 (-704 0 -528 ) (-704 0 -526.799988 ) (-752 0 -526.799988 ) (-752 0 -528 ) 
4 2005 2020 (-704 8 -528 ) (-704 0 -528 ) (-752 0 -528 ) (-752 8 -528 ) 
4 2006 2019 (-768 32 -528 ) (-768 784 -528 ) (-752 784 -528 ) (-752 32 -528 ) 
4 2006 2007 (-768 32 -400 ) (-768 32 -512 ) (-752 32 -512 ) (-752 32 -400 ) 
4 2006 2008 (-768 784 -400 ) (-768 784 -528 ) (-768 32 -528 ) (-768 32 -400 ) 
4 2007 2176 (-752 0 -400 ) (-768 0 -400 ) (-768 0 -512 ) (-752 0 -512 ) 
4 2007 2008 (-768 0 -512 ) (-768 0 -400 ) (-768 32 -400 ) (-768 32 -512 ) 
4 2008 2178 (-768 0 -400 ) (-832 0 -400 ) (-832 0 -528 ) (-768 0 -528 ) 
4 2008 2022 (-768 0 -528 ) (-832 0 -528 ) (-832 32 -528 ) (-768 32 -528 ) 
4 2008 2019 (-832 32 -528 ) (-832 784 -528 ) (-768 784 -528 ) (-768 32 -528 ) 
4 2008 2009 (-832 0 -512 ) (-832 0 -400 ) (-832 80 -400 ) (-832 80 -512 ) 
4 2008 2010 (-832 784 -528 ) (-832 0 -528 ) (-832 0 -512 ) (-832 784 -512 ) 
4 2009 2178 (-832 0 -400 ) (-848 0 -400 ) (-848 0 -512 ) (-832 0 -512 ) 
4 2009 2017 (-848 0 -512 ) (-848 0 -400 ) (-848 72 -400 ) (-848 72 -512 ) 
4 2009 2010 (-848 0 -512 ) (-848 80 -512 ) (-832 80 -512 ) (-832 0 -512 ) 
4 2010 2178 (-848 0 -512 ) (-848 0 -528 ) (-832 0 -528 ) (-832 0 -512 ) 
4 2010 2022 (-832 0 -528 ) (-848 0 -528 ) (-848 32 -528 ) (-832 32 -528 ) 
4 2010 2019 (-848 32 -528 ) (-848 800 -528 ) (-832 800 -528 ) (-832 32 -528 ) 
4 2010 2016 (-848 80 -528 ) (-848 72 -528 ) (-848 72 -512 ) (-848 80 -512 ) 
4 2010 2017 (-848 72 -528 ) (-848 0 -528 ) (-848 0 -512 ) (-848 72 -512 ) 
4 2011 2414 (-1024 960 -400 ) (-1024 1024 -400 ) (-1024 1024 -528 ) (-1024 960 -528 ) 
4 2011 2019 (-1024 960 -528 ) (-1024 1024 -528 ) (-848 1024 -528 ) (-848 960 -528 ) 
4 2012 2419 (-1024 944 -472 ) (-1024 944 -512 ) (-1024 608 -512 ) (-1024 608 -472 ) 
4 2012 2417 (-1024 608 -400 ) (-1024 944 -400 ) (-1024 944 -472 ) (-1024 608 -472 ) 
4 2012 2013 (-848 608 -512 ) (-848 608 -400 ) (-992 608 -400 ) (-992 608 -512 ) 
4 2013 2015 (-848 568 -512 ) (-848 568 -400 ) (-992 568 -400 ) (-992 568 -512 ) 
4 2014 2019 (-1008 608 -528 ) (-992 608 -528 ) (-992 568 -528 ) (-1008 568 -528 ) 
4 2015 2427 (-1024 80 -400 ) (-1024 568 -400 ) (-1024 568 -512 ) (-1024 80 -512 ) 
4 2016 2019 (-1024 72 -528 ) (-1024 80 -528 ) (-848 80 -528 ) (-848 72 -528 ) 
4 2016 2017 (-1024 72 -528 ) (-848 72 -528 ) (-848 72 -512 ) (-1024 72 -512 ) 
4 2017 2428 (-1024 0 -512 ) (-1024 0 -400 ) (-1024 72 -400 ) (-1024 72 -512 ) 
4 2017 2178 (-848 0 -400 ) (-853.333374 0 -400 ) (-896 0 -528 ) (-848 0 -528 ) 
4 2017 2139 (-853.333374 0 -400 ) (-1024 0 -400 ) (-1024 0 -528 ) (-896 0 -528 ) 
4 2017 2022 (-1024 0 -528 ) (-1024 32 -528 ) (-848 32 -528 ) (-848 0 -528 ) 
4 2017 2019 (-1024 32 -528 ) (-1024 72 -528 ) (-848 72 -528 ) (-848 32 -528 ) 
4 2018 2021 (-704 32 -2387.810059 ) (-704 32 -768 ) (-752 32 -768 ) (-752 32 -2387.810059 ) 
4 2018 2019 (-752 1024 -2387.810059 ) (-752 32 -2387.810059 ) (-752 32 -768 ) (-752 1024 -768 ) 
4 2019 2492 (-1024 32 -2387.810059 ) (-1024 32 -960 ) (-1024 1024 -960 ) (-1024 1024 -2387.810059 ) 
4 2019 2476 (-1024 32 -960 ) (-1024 32 -640 ) (-1024 552 -640 ) (-1024 552 -960 ) 
4 2019 2457 (-1024 552 -640 ) (-1024 1024 -640 ) (-1024 1024 -960 ) (-1024 552 -960 ) 
4 2019 2440 (-1024 80 -528 ) (-1024 1024 -528 ) (-1024 1024 -640 ) (-1024 80 -640 ) 
4 2019 2023 (-1024 32 -768 ) (-1024 32 -2387.810059 ) (-752 32 -2387.810059 ) (-752 32 -768 ) 
4 2019 2022 (-768 32 -528 ) (-1024 32 -528 ) (-1024 32 -768 ) (-768 32 -768 ) 
4 2020 2170 (-704 0 -536 ) (-704 0 -528 ) (-752 0 -528 ) (-752 0 -536 ) 
4 2021 2311 (-704 0 -2387.810059 ) (-704 0 -1568 ) (-752 0 -1568 ) (-752 0 -2387.810059 ) 
4 2021 2175 (-704 0 -1568 ) (-704 0 -768 ) (-752 0 -768 ) (-752 0 -1568 ) 
4 2021 2023 (-752 32 -768 ) (-752 32 -2387.810059 ) (-752 0 -2387.810059 ) (-752 0 -768 ) 
4 2022 2476 (-1024 0 -768 ) (-1024 0 -640 ) (-1024 32 -640 ) (-1024 32 -768 ) 
4 2022 2178 (-768 0 -528 ) (-896 0 -528 ) (-976 0 -768 ) (-768 0 -768 ) 
4 2022 2139 (-896 0 -528 ) (-1024 0 -528 ) (-1024 0 -768 ) (-976 0 -768 ) 
4 2022 2023 (-1024 32 -768 ) (-768 32 -768 ) (-768 0 -768 ) (-1024 0 -768 ) 
4 2023 2492 (-1024 0 -2387.810059 ) (-1024 0 -960 ) (-1024 32 -960 ) (-1024 32 -2387.810059 ) 
4 2023 2476 (-1024 0 -960 ) (-1024 0 -768 ) (-1024 32 -768 ) (-1024 32 -960 ) 
4 2023 2311 (-752 0 -2387.810059 ) (-752 0 -1568 ) (-1024 0 -1568 ) (-1024 0 -2387.810059 ) 
4 2023 2177 (-752 0 -1568 ) (-752 0 -768 ) (-768 0 -768 ) (-768 0 -1568 ) 
5 2023 2178 (-768 0 -768 ) (-976 0 -768 ) (-1024 0 -912 ) (-1024 0 -1568 ) (-768 0 -1568 ) 
3 2023 2139 (-976 0 -768 ) (-1024 0 -768 ) (-1024 0 -912 ) 
4 2024 2316 (1024 -1024 -560 ) (1024 -1024 1107.810059 ) (512 -1024 1107.810059 ) (512 -1024 -560 ) 
4 2024 2040 (976 -1024 -560 ) (512 -1024 -560 ) (512 -544 -560 ) (976 -544 -560 ) 
4 2024 2039 (1024 -1024 -560 ) (976 -1024 -560 ) (976 -368 -560 ) (1024 -368 -560 ) 
4 2024 2037 (912 0 -560 ) (1024 0 -560 ) (1024 -64 -560 ) (912 -64 -560 ) 
4 2024 2027 (512 -1024 -546 ) (512 -1024 -542 ) (512 -32 -542 ) (512 -32 -546 ) 
4 2024 2026 (512 0 -560 ) (512 -1024 -560 ) (512 -1024 -546 ) (512 0 -546 ) 
4 2024 2025 (512 -1024 -542 ) (512 -1024 1107.810059 ) (512 0 1107.810059 ) (512 0 -542 ) 
4 2025 2316 (512 -1024 1107.810059 ) (472 -1024 1107.810059 ) (472 -1024 -518 ) (512 -1024 -542 ) 
4 2025 2034 (472 -336 1107.810059 ) (472 -32 1107.810059 ) (472 -32 -518 ) (472 -336 -518 ) 
4 2025 2031 (472 -32 1107.810059 ) (472 -16 1107.810059 ) (472 -16 -518 ) (472 -32 -518 ) 
4 2025 2030 (472 -16 1107.810059 ) (472 0 1107.810059 ) (472 0 -518 ) (472 -16 -518 ) 
4 2025 2036 (472 -1024 -518 ) (472 -1024 1107.810059 ) (472 -336 1107.810059 ) (472 -336 -518 ) 
5 2025 2027 (472 -1024 -518.003906 ) (472 0 -518.003906 ) (480 0 -522.803894 ) (512 -32 -542.003906 ) (512 -1024 -542.003906 ) 
4 2026 2316 (472 -1024 -522 ) (472 -1024 -560 ) (512 -1024 -560 ) (512 -1024 -546 ) 
4 2026 2040 (512 -1024 -560 ) (472 -1024 -560 ) (472 -544 -560 ) (512 -544 -560 ) 
4 2026 2035 (472 -32 -560 ) (472 -336 -560 ) (472 -336 -522 ) (472 -32 -522 ) 
4 2026 2033 (472 -16 -560 ) (472 -32 -560 ) (472 -32 -546 ) (472 -16 -536.400024 ) 
4 2026 2031 (472 -32 -542.001953 ) (472 -32 -522 ) (472 -16 -522 ) (472 -16 -532.401978 ) 
4 2026 2030 (472 -16 -532.401978 ) (472 -16 -522 ) (472 0 -522 ) (472 0 -522.801941 ) 
4 2026 2028 (472 0 -560 ) (472 -16 -560 ) (472 -16 -536.400024 ) (472 0 -526.799988 ) 
4 2026 2036 (472 -336 -560 ) (472 -1024 -560 ) (472 -1024 -522 ) (472 -336 -522 ) 
5 2026 2027 (472 0 -522.001953 ) (472 -1024 -522.001953 ) (512 -1024 -546.001953 ) (512 -32 -546.001953 ) (480 0 -526.801941 ) 
4 2027 2316 (472 -1024 -518 ) (472 -1024 -522 ) (512 -1024 -546 ) (512 -1024 -542 ) 
4 2027 2035 (472 -32 -521.411743 ) (472 -32 -522 ) (472 -336 -522 ) (472 -336 -521.411743 ) 
4 2027 2034 (472 -336 -518 ) (472 -32 -518 ) (472 -32 -521.411743 ) (472 -336 -521.411743 ) 
4 2027 2031 (472 -32 -518 ) (472 -16 -518 ) (472 -16 -522 ) (472 -32 -522 ) 
4 2027 2030 (472 -16 -518 ) (472 0 -518 ) (472 0 -522 ) (472 -16 -522 ) 
4 2027 2036 (472 -1024 -522 ) (472 -1024 -518 ) (472 -336 -518 ) (472 -336 -522 ) 
4 2028 2038 (288 0 -560 ) (384 0 -560 ) (384 -16 -560 ) (288 -16 -560 ) 
5 2028 2033 (288 -16 -560 ) (472 -16 -560 ) (472 -16 -536.399963 ) (344.600067 -16 -536.399963 ) (288 -16 -543.058777 ) 
3 2028 2032 (344.600067 -16 -536.399963 ) (288 -16 -536.399963 ) (288 -16 -543.058777 ) 
3 2028 2029 (288 -15.329426 -536 ) (288 0 -526.802368 ) (288 0 -536 ) 
3 2029 2170 (0 0 -526.800049 ) (0 0 -536 ) (0 -15.333388 -536 ) 
4 2030 2171 (0 0 1107.810059 ) (0 0 -522.802002 ) (0 -16 -532.401978 ) (0 -16 1107.810059 ) 
4 2030 2031 (472 -16 -532.401978 ) (472 -16 1107.810059 ) (0 -16 1107.810059 ) (0 -16 -532.401855 ) 
4 2031 2179 (0 -32 -542.001953 ) (0 -32 1107.810059 ) (0 -16 1107.810059 ) (0 -16 -532.401855 ) 
3 2031 2035 (472 -32 -542.001953 ) (472 -32 -521.411743 ) (296.983337 -32 -542.001953 ) 
5 2031 2034 (472 -32 -521.411743 ) (472 -32 1107.810059 ) (0 -32 1107.810059 ) (0 -32 -542.001953 ) (296.983337 -32 -542.001953 ) 
4 2032 2180 (0 -16 -560 ) (0 -32 -560 ) (0 -32 -546 ) (0 -16 -536.399963 ) 
4 2032 2044 (0 -32 -560 ) (0 -16 -560 ) (144 -16 -560 ) (144 -32 -560 ) 
4 2032 2034 (0 -32 -560 ) (144 -32 -560 ) (263 -32 -546 ) (0 -32 -546 ) 
3 2032 2033 (280 -16 -544 ) (344.597351 -16 -536.400024 ) (280 -28.666679 -544 ) 
4 2033 2046 (284 -16 -560 ) (288 -16 -560 ) (288 -32 -560 ) (284 -32 -560 ) 
4 2033 2038 (288 -16 -560 ) (384 -16 -560 ) (384 -32 -560 ) (288 -32 -560 ) 
4 2033 2035 (284 -32 -560 ) (472 -32 -560 ) (472 -32 -546 ) (280.500000 -32 -546 ) 
4 2034 2192 (0 -217.298904 -560 ) (0 -336 -560 ) (0 -336 1107.810059 ) (0 -217.298904 1107.810059 ) 
4 2034 2181 (0 -32 -560 ) (0 -217.298904 -560 ) (0 -217.298904 1107.810059 ) (0 -32 1107.810059 ) 
3 2034 2047 (0 -336 -560 ) (0 -217.298904 -560 ) (118.700958 -336 -560 ) 
5 2034 2044 (0 -217.298904 -560 ) (0 -32 -560 ) (144 -32 -560 ) (144 -336 -560 ) (118.700958 -336 -560 ) 
4 2034 2035 (472 -336 -521.412109 ) (280 -336 -544 ) (280 -32 -544 ) (472 -32 -521.412109 ) 
5 2034 2036 (0 -336 -560 ) (144 -336 -560 ) (472 -336 -521.411804 ) (472 -336 1107.810059 ) (0 -336 1107.810059 ) 
4 2035 2046 (284 -32 -560 ) (288 -32 -560 ) (288 -336 -560 ) (284 -336 -560 ) 
4 2035 2041 (320 -336 -560 ) (288 -336 -560 ) (288 -224 -560 ) (320 -224 -560 ) 
4 2035 2038 (288 -32 -560 ) (384 -32 -560 ) (384 -64 -560 ) (288 -64 -560 ) 
4 2035 2036 (284 -336 -560 ) (472 -336 -560 ) (472 -336 -521.411804 ) (280 -336 -544 ) 
4 2036 2316 (472 -1024 1107.810059 ) (0 -1024 1107.810059 ) (0 -1024 -560 ) (472 -1024 -560 ) 
4 2036 2255 (0 -640 -560 ) (0 -1024 -560 ) (0 -1024 1107.810059 ) (0 -640 1107.810059 ) 
4 2036 2250 (0 -400 -560 ) (0 -640 -560 ) (0 -640 1107.810059 ) (0 -400 1107.810059 ) 
4 2036 2192 (0 -336 -560 ) (0 -400 -560 ) (0 -400 1107.810059 ) (0 -336 1107.810059 ) 
4 2036 2052 (96 -1024 -560 ) (0 -1024 -560 ) (0 -336 -560 ) (96 -336 -560 ) 
4 2036 2050 (96 -544 -560 ) (96 -384 -560 ) (288 -384 -560 ) (288 -544 -560 ) 
4 2036 2051 (288 -1024 -560 ) (96 -1024 -560 ) (96 -544 -560 ) (288 -544 -560 ) 
4 2036 2049 (96 -384 -560 ) (96 -336 -560 ) (288 -336 -560 ) (288 -384 -560 ) 
4 2036 2042 (288 -544 -560 ) (288 -384 -560 ) (320 -384 -560 ) (320 -544 -560 ) 
4 2036 2041 (288 -384 -560 ) (288 -336 -560 ) (320 -336 -560 ) (320 -384 -560 ) 
4 2036 2043 (320 -1024 -560 ) (288 -1024 -560 ) (288 -544 -560 ) (320 -544 -560 ) 
4 2036 2040 (472 -1024 -560 ) (320 -1024 -560 ) (320 -544 -560 ) (472 -544 -560 ) 
4 2037 2053 (912 0 -576 ) (1024 0 -576 ) (1024 -48 -576 ) (912 -48 -576 ) 
4 2038 2060 (336 0 -576 ) (368 0 -576 ) (368 -64 -576 ) (336 -64 -576 ) 
4 2038 2046 (288 -16 -576 ) (288 -64 -576 ) (288 -64 -560 ) (288 -16 -560 ) 
4 2039 2316 (1024 -1024 -576 ) (1024 -1024 -560 ) (976 -1024 -560 ) (976 -1024 -576 ) 
4 2039 2103 (1024 -704 -576 ) (1024 -720 -576 ) (976 -720 -576 ) (976 -704 -576 ) 
4 2039 2105 (1024 -720 -576 ) (1024 -1024 -576 ) (976 -1024 -576 ) (976 -720 -576 ) 
4 2039 2101 (1024 -560 -576 ) (1024 -704 -576 ) (976 -704 -576 ) (976 -560 -576 ) 
4 2039 2040 (976 -544 -576 ) (976 -1024 -576 ) (976 -1024 -560 ) (976 -544 -560 ) 
4 2040 2316 (976 -1024 -560 ) (320 -1024 -560 ) (320 -1024 -576 ) (976 -1024 -576 ) 
4 2040 2103 (320 -720 -576 ) (320 -704 -576 ) (976 -704 -576 ) (976 -720 -576 ) 
4 2040 2105 (976 -1024 -576 ) (320 -1024 -576 ) (320 -720 -576 ) (976 -720 -576 ) 
4 2040 2101 (320 -704 -576 ) (320 -560 -576 ) (976 -560 -576 ) (976 -704 -576 ) 
4 2040 2043 (320 -544 -576 ) (320 -1024 -576 ) (320 -1024 -560 ) (320 -544 -560 ) 
4 2041 2049 (288 -384 -572 ) (288 -384 -560 ) (288 -336 -560 ) (288 -336 -572 ) 
4 2041 2046 (288 -224 -576 ) (288 -336 -576 ) (288 -336 -560 ) (288 -224 -560 ) 
4 2041 2042 (288 -384 -560 ) (288 -384 -572 ) (320 -384 -572 ) (320 -384 -560 ) 
4 2042 2050 (288 -544 -572 ) (288 -544 -560 ) (288 -384 -560 ) (288 -384 -572 ) 
4 2042 2043 (288 -544 -560 ) (288 -544 -572 ) (320 -544 -572 ) (320 -544 -560 ) 
4 2043 2316 (320 -1024 -560 ) (288 -1024 -560 ) (288 -1024 -576 ) (320 -1024 -576 ) 
4 2043 2103 (288 -720 -576 ) (288 -704 -576 ) (320 -704 -576 ) (320 -720 -576 ) 
4 2043 2105 (320 -1024 -576 ) (288 -1024 -576 ) (288 -720 -576 ) (320 -720 -576 ) 
4 2043 2101 (288 -704 -576 ) (288 -560 -576 ) (320 -560 -576 ) (320 -704 -576 ) 
4 2043 2051 (288 -544 -576 ) (288 -1024 -576 ) (288 -1024 -560 ) (288 -544 -560 ) 
4 2044 2180 (0 -16 -576 ) (0 -32 -576 ) (0 -32 -560 ) (0 -16 -560 ) 
4 2044 2181 (0 -32 -576 ) (0 -217.298904 -576 ) (0 -217.298904 -560 ) (0 -32 -560 ) 
4 2044 2113 (8 -225.298615 -576 ) (0 -217.298904 -576 ) (0 -16 -576 ) (8 -16 -576 ) 
3 2044 2049 (144 -336 -560 ) (118.700958 -336 -560 ) (118.700958 -336 -562.976379 ) 
5 2044 2047 (42 -259.296844 -572 ) (118.702927 -336 -562.976135 ) (118.702927 -336 -560 ) (0 -217.296997 -560 ) (0 -217.296997 -572 ) 
5 2044 2045 (144.003448 -336 -560 ) (118.707031 -336 -562.976074 ) (8.003410 -225.296387 -576 ) (8.003052 -16 -576 ) (144.003143 -16 -560 ) 
4 2045 2113 (96 -313.299011 -576 ) (8 -225.298615 -576 ) (8 -16 -576 ) (96 -16 -576 ) 
5 2045 2070 (120 -336 -576 ) (118.700958 -336 -576 ) (96 -313.299011 -576 ) (96 -16 -576 ) (120 -16 -576 ) 
4 2045 2049 (132 -336 -572 ) (144 -336 -560 ) (118.700958 -336 -562.976379 ) (118.700951 -336 -572 ) 
3 2045 2047 (118.702927 -336 -572 ) (118.702927 -336 -562.976135 ) (42 -259.296814 -572 ) 
4 2046 2049 (288 -336 -572 ) (288 -336 -560 ) (284 -336 -560 ) (287 -336 -572 ) 
5 2047 2192 (0 -336 -572 ) (0 -336 -560 ) (0 -217.298904 -560 ) (0 -217.298904 -566.476318 ) (0 -230.318741 -572 ) 
3 2047 2184 (0 -217.298904 -566.476318 ) (0 -217.298904 -572 ) (0 -230.318741 -572 ) 
4 2047 2052 (96 -336 -560 ) (0 -336 -560 ) (0 -336 -572 ) (96 -336 -572 ) 
4 2047 2049 (118.700951 -336 -572 ) (118.700958 -336 -560 ) (96 -336 -560 ) (96 -336 -572 ) 
3 2047 2048 (96.247276 -336 -572 ) (0 -336 -572 ) (0 -239.752197 -572 ) 
4 2048 2193 (0 -249.179901 -576 ) (0 -336 -576 ) (0 -336 -572 ) (0 -239.752197 -572 ) 
3 2048 2115 (86.819626 -336 -576 ) (0 -336 -576 ) (0 -249.179901 -576 ) 
4 2048 2052 (0 -336 -576 ) (86.819618 -336 -576 ) (96.247276 -336 -572 ) (0 -336 -572 ) 
4 2049 2052 (96 -336 -560 ) (96 -336 -572 ) (96 -384 -572 ) (96 -384 -560 ) 
4 2049 2050 (96 -384 -560 ) (96 -384 -572 ) (288 -384 -572 ) (288 -384 -560 ) 
4 2050 2052 (96 -544 -572 ) (96 -544 -560 ) (96 -384 -560 ) (96 -384 -572 ) 
4 2050 2051 (96 -544 -560 ) (96 -544 -572 ) (288 -544 -572 ) (288 -544 -560 ) 
4 2051 2316 (288 -1024 -560 ) (96 -1024 -560 ) (96 -1024 -576 ) (288 -1024 -576 ) 
4 2051 2103 (288 -704 -576 ) (288 -720 -576 ) (96 -720 -576 ) (96 -704 -576 ) 
4 2051 2105 (288 -720 -576 ) (288 -1024 -576 ) (96 -1024 -576 ) (96 -720 -576 ) 
4 2051 2101 (288 -560 -576 ) (288 -704 -576 ) (96 -704 -576 ) (96 -560 -576 ) 
4 2051 2052 (96 -544 -576 ) (96 -1024 -576 ) (96 -1024 -560 ) (96 -544 -560 ) 
4 2052 2316 (96 -1024 -560 ) (0 -1024 -560 ) (0 -1024 -576 ) (96 -1024 -576 ) 
4 2052 2255 (0 -640 -576 ) (0 -1024 -576 ) (0 -1024 -560 ) (0 -640 -560 ) 
4 2052 2250 (0 -400 -576 ) (0 -640 -576 ) (0 -640 -560 ) (0 -400 -560 ) 
4 2052 2193 (0 -336 -576 ) (0 -400 -576 ) (0 -400 -572 ) (0 -336 -572 ) 
4 2052 2192 (0 -400 -572 ) (0 -400 -560 ) (0 -336 -560 ) (0 -336 -572 ) 
5 2052 2115 (96 -1024 -576 ) (0 -1024 -576 ) (0 -336 -576 ) (86.819626 -336 -576 ) (96 -345.180420 -576 ) 
4 2053 2073 (804 0 -704 ) (1024 0 -704 ) (1024 -48 -704 ) (912 -48 -704 ) 
4 2054 2057 (672 0 -704 ) (672 -48 -704 ) (672 -48 -576 ) (672 0 -576 ) 
4 2054 2055 (672 -48 -576 ) (672 -48 -704 ) (876 -48 -704 ) (876 -48 -576 ) 
4 2055 2057 (672 -48 -704 ) (672 -64 -704 ) (672 -64 -576 ) (672 -48 -576 ) 
4 2055 2056 (680 -64 -704 ) (912 -64 -704 ) (912 -64 -576 ) (680 -64 -576 ) 
4 2056 2061 (680 -112 -704 ) (1024 -112 -704 ) (1024 -112 -576 ) (680 -112 -576 ) 
4 2057 2058 (560 0 -704 ) (560 -104 -704 ) (560 -104 -576 ) (560 0 -576 ) 
4 2058 2059 (384 -104 -576 ) (384 -104 -656 ) (560 -104 -656 ) (560 -104 -576 ) 
4 2059 2061 (560 -112 -656 ) (560 -112 -576 ) (384 -112 -576 ) (384 -112 -656 ) 
4 2060 2075 (368 -64 -704 ) (368 -96 -704 ) (336 -96 -704 ) (336 -64 -704 ) 
4 2060 2074 (336 0 -704 ) (368 0 -704 ) (368 -64 -704 ) (336 -64 -704 ) 
4 2061 2068 (288 -112 -704 ) (288 -208 -704 ) (288 -208 -576 ) (288 -112 -576 ) 
4 2061 2062 (896 -208 -704 ) (960 -208 -704 ) (960 -208 -592 ) (896 -208 -592 ) 
4 2062 2066 (896 -224 -704 ) (960 -224 -704 ) (960 -224 -592 ) (896 -224 -592 ) 
4 2063 2064 (1016 -368 -704 ) (1016 -368 -688 ) (1016 -240 -688 ) (1016 -240 -704 ) 
4 2064 2065 (1012 -368 -704 ) (1012 -368 -688 ) (1012 -240 -688 ) (1012 -240 -704 ) 
4 2065 2066 (976 -240 -704 ) (976 -368 -704 ) (976 -368 -592 ) (976 -240 -592 ) 
4 2066 2096 (816 -384 -704 ) (824 -384 -704 ) (824 -384 -576 ) (816 -384 -576 ) 
4 2066 2099 (320 -384 -704 ) (816 -384 -704 ) (816 -384 -576 ) (320 -384 -576 ) 
4 2066 2087 (824 -384 -704 ) (920 -384 -704 ) (920 -384 -576 ) (824 -384 -576 ) 
4 2066 2084 (920 -384 -704 ) (928 -384 -704 ) (928 -384 -576 ) (920 -384 -576 ) 
4 2066 2083 (928 -384 -704 ) (976 -384 -704 ) (976 -384 -576 ) (928 -384 -576 ) 
4 2066 2081 (528 -384 -704 ) (320 -384 -704 ) (320 -224 -704 ) (528 -224 -704 ) 
4 2066 2080 (528 -368 -704 ) (528 -240 -704 ) (816 -240 -704 ) (816 -368 -704 ) 
4 2067 2068 (176 -16 -704 ) (288 -16 -704 ) (288 -16 -576 ) (176 -16 -576 ) 
4 2068 2069 (136 -16 -584 ) (136 -16 -704 ) (136 -336 -704 ) (136 -336 -584 ) 
4 2069 2071 (120 -16 -584 ) (120 -16 -704 ) (120 -336 -704 ) (120 -336 -584 ) 
4 2070 2113 (96 -313.299011 -576 ) (96 -16 -576 ) (96 -16 -580 ) (96 -313.299011 -580 ) 
5 2070 2071 (118.695312 -336 -580 ) (96 -313.304657 -580 ) (96 -16 -580 ) (120 -16 -580 ) (120 -336 -580 ) 
4 2071 2114 (96 -16 -580 ) (96 -16 -704 ) (96 -313.299011 -704 ) (96 -313.299011 -580 ) 
4 2071 2072 (96 -313.296875 -592 ) (96 -313.296875 -704 ) (118.703125 -336 -704 ) (118.703125 -336 -592 ) 
4 2072 2118 (96 -313.299011 -592 ) (96 -313.299011 -704 ) (96 -336 -704 ) (96 -336 -592 ) 
4 2073 2076 (768 0 -720 ) (1024 0 -720 ) (1024 -64 -720 ) (912 -64 -720 ) 
4 2074 2075 (288 -64 -704 ) (288 -64 -720 ) (384 -64 -720 ) (384 -64 -704 ) 
4 2074 2076 (288 -64 -720 ) (288 0 -720 ) (384 0 -720 ) (384 -64 -720 ) 
4 2075 2076 (288 -112 -720 ) (288 -64 -720 ) (384 -64 -720 ) (384 -112 -720 ) 
4 2076 2107 (320 0 -768 ) (528 0 -768 ) (528 -208 -768 ) (320 -208 -768 ) 
4 2076 2106 (528 0 -768 ) (1024 0 -768 ) (1024 -208 -768 ) (528 -208 -768 ) 
4 2076 2108 (288 0 -768 ) (320 0 -768 ) (320 -208 -768 ) (288 -208 -768 ) 
4 2076 2082 (288 0 -768 ) (288 -208 -768 ) (288 -208 -720 ) (288 0 -720 ) 
4 2076 2077 (976 -208 -768 ) (1024 -208 -768 ) (1024 -208 -720 ) (976 -208 -720 ) 
4 2077 2106 (1024 -208 -768 ) (1024 -224 -768 ) (976 -224 -768 ) (976 -208 -768 ) 
4 2077 2078 (976 -224 -752 ) (976 -224 -768 ) (1024 -224 -768 ) (1024 -224 -752 ) 
4 2078 2106 (1024 -224 -768 ) (1024 -240 -768 ) (976 -240 -768 ) (976 -224 -768 ) 
4 2078 2079 (976 -240 -752 ) (976 -240 -768 ) (1024 -240 -768 ) (1024 -240 -752 ) 
4 2079 2106 (1024 -240 -768 ) (1024 -368 -768 ) (976 -368 -768 ) (976 -240 -768 ) 
4 2080 2081 (528 -240 -768 ) (528 -368 -768 ) (528 -368 -704 ) (528 -240 -704 ) 
4 2081 2099 (320 -384 -768 ) (528 -384 -768 ) (528 -384 -704 ) (320 -384 -704 ) 
4 2082 2136 (96 -16 -768 ) (96 -336 -768 ) (96 -336 -760 ) (96 -16 -760 ) 
4 2082 2134 (96 -336 -760 ) (96 -336 -752 ) (96 -16 -752 ) (96 -16 -760 ) 
4 2082 2132 (96 -336 -752 ) (96 -336 -744 ) (96 -16 -744 ) (96 -16 -752 ) 
4 2082 2130 (96 0 -744 ) (96 0 -768 ) (96 -16 -768 ) (96 -16 -744 ) 
4 2082 2128 (96 0 -736 ) (96 0 -744 ) (96 -336 -744 ) (96 -336 -736 ) 
4 2082 2126 (96 0 -728 ) (96 0 -736 ) (96 -336 -736 ) (96 -336 -728 ) 
4 2082 2124 (96 0 -720 ) (96 0 -728 ) (96 -336 -728 ) (96 -336 -720 ) 
4 2082 2108 (96 -336 -768 ) (96 0 -768 ) (288 0 -768 ) (288 -336 -768 ) 
3 2083 2085 (928 -480 -752 ) (928 -480 -704 ) (928 -400 -704 ) 
4 2083 2084 (928 -384 -576 ) (928 -384 -704 ) (928 -480 -704 ) (928 -480 -576 ) 
4 2083 2086 (928 -480 -768 ) (928 -544 -768 ) (928 -544 -576 ) (928 -480 -576 ) 
4 2084 2092 (920 -444 -704 ) (920 -456 -704 ) (920 -456 -576 ) (920 -444 -576 ) 
4 2084 2093 (920 -456 -704 ) (920 -480 -704 ) (920 -480 -576 ) (920 -456 -576 ) 
4 2084 2091 (920 -432 -704 ) (920 -444 -704 ) (920 -444 -576 ) (920 -432 -576 ) 
4 2084 2088 (920 -396 -704 ) (920 -408 -704 ) (920 -408 -576 ) (920 -396 -576 ) 
4 2084 2089 (920 -408 -704 ) (920 -432 -704 ) (920 -432 -576 ) (920 -408 -576 ) 
4 2084 2087 (920 -384 -576 ) (920 -384 -704 ) (920 -396 -704 ) (920 -396 -576 ) 
4 2084 2085 (928 -480 -704 ) (920 -480 -704 ) (920 -400 -704 ) (928 -400 -704 ) 
4 2084 2086 (920 -480 -576 ) (920 -480 -704 ) (928 -480 -704 ) (928 -480 -576 ) 
4 2085 2092 (920 -456 -704 ) (920 -444 -704 ) (920 -444 -730.400024 ) (920 -456 -737.600037 ) 
4 2085 2093 (920 -480 -752 ) (920 -480 -704 ) (920 -456 -704 ) (920 -456 -737.600037 ) 
4 2085 2091 (920 -444 -704 ) (920 -432 -704 ) (920 -432 -723.200012 ) (920 -444 -730.400024 ) 
3 2085 2090 (920 -426.666656 -720 ) (920 -432 -723.200012 ) (920 -432 -720 ) 
3 2085 2088 (920 -408 -704 ) (920 -400 -704 ) (920 -408 -708.799988 ) 
5 2085 2089 (920 -432 -704 ) (920 -408 -704 ) (920 -408 -708.799988 ) (920 -426.666656 -720 ) (920 -432 -720 ) 
4 2085 2086 (920 -480 -704 ) (920 -480 -752 ) (928 -480 -752 ) (928 -480 -704 ) 
4 2086 2095 (920 -480 -768 ) (920 -544 -768 ) (920 -544 -752 ) (920 -480 -752 ) 
4 2086 2093 (920 -544 -752 ) (920 -544 -576 ) (920 -480 -576 ) (920 -480 -752 ) 
4 2087 2096 (824 -384 -576 ) (824 -384 -704 ) (824 -396 -704 ) (824 -396 -576 ) 
4 2087 2088 (824 -396 -576 ) (824 -396 -704 ) (920 -396 -704 ) (920 -396 -576 ) 
3 2088 2097 (824 -408 -708.799988 ) (824 -408 -704 ) (824 -400 -704 ) 
4 2088 2096 (824 -408 -704 ) (824 -408 -576 ) (824 -396 -576 ) (824 -396 -704 ) 
4 2088 2089 (824 -408 -576 ) (824 -408 -712 ) (920 -408 -712 ) (920 -408 -576 ) 
5 2089 2097 (824 -426.666718 -720 ) (824 -432 -720 ) (824 -432 -704 ) (824 -408 -704 ) (824 -408 -708.799988 ) 
4 2089 2096 (824 -432 -704 ) (824 -432 -576 ) (824 -408 -576 ) (824 -408 -704 ) 
4 2089 2091 (824 -432 -576 ) (824 -432 -720 ) (920 -432 -720 ) (920 -432 -576 ) 
4 2089 2090 (920 -432 -720 ) (824 -432 -720 ) (824 -420 -720 ) (920 -420 -720 ) 
3 2090 2097 (824 -432 -723.200012 ) (824 -432 -720 ) (824 -426.666718 -720 ) 
4 2090 2091 (824 -432 -720 ) (824 -432 -728 ) (920 -432 -728 ) (920 -432 -720 ) 
4 2091 2097 (824 -432 -704 ) (824 -432 -723.200012 ) (824 -444 -730.400024 ) (824 -444 -704 ) 
4 2091 2096 (824 -444 -576 ) (824 -432 -576 ) (824 -432 -704 ) (824 -444 -704 ) 
4 2091 2092 (824 -444 -576 ) (824 -444 -736 ) (920 -444 -736 ) (920 -444 -576 ) 
4 2092 2097 (824 -444 -704 ) (824 -444 -730.399963 ) (824 -456 -737.599976 ) (824 -456 -704 ) 
4 2092 2096 (824 -456 -576 ) (824 -444 -576 ) (824 -444 -704 ) (824 -456 -704 ) 
4 2092 2093 (824 -456 -576 ) (824 -456 -744 ) (920 -456 -744 ) (920 -456 -576 ) 
4 2093 2097 (824 -456 -704 ) (824 -456 -737.599976 ) (824 -480 -752 ) (824 -480 -704 ) 
4 2093 2096 (824 -480 -576 ) (824 -456 -576 ) (824 -456 -704 ) (824 -480 -704 ) 
4 2093 2098 (824 -544 -752 ) (824 -544 -576 ) (824 -480 -576 ) (824 -480 -752 ) 
4 2093 2094 (824 -480 -752 ) (824 -468 -752 ) (920 -468 -752 ) (920 -480 -752 ) 
4 2093 2095 (824 -544 -752 ) (824 -480 -752 ) (920 -480 -752 ) (920 -544 -752 ) 
4 2094 2095 (920 -480 -760 ) (920 -480 -752 ) (824 -480 -752 ) (824 -480 -760 ) 
4 2095 2098 (824 -480 -768 ) (824 -544 -768 ) (824 -544 -752 ) (824 -480 -752 ) 
4 2096 2097 (824 -480 -704 ) (816 -480 -704 ) (816 -400 -704 ) (824 -400 -704 ) 
4 2096 2098 (816 -480 -576 ) (816 -480 -704 ) (824 -480 -704 ) (824 -480 -576 ) 
4 2096 2099 (816 -384 -576 ) (816 -384 -704 ) (816 -480 -704 ) (816 -480 -576 ) 
3 2097 2099 (816 -480 -752 ) (816 -480 -704 ) (816 -400 -704 ) 
4 2097 2098 (816 -480 -704 ) (816 -480 -752 ) (824 -480 -752 ) (824 -480 -704 ) 
4 2098 2099 (816 -480 -768 ) (816 -544 -768 ) (816 -544 -576 ) (816 -480 -576 ) 
4 2099 2100 (368 -544 -768 ) (528 -544 -768 ) (528 -544 -640 ) (368 -544 -640 ) 
4 2100 2102 (368 -560 -768 ) (528 -560 -768 ) (528 -560 -640 ) (368 -560 -640 ) 
4 2101 2115 (96 -704 -576 ) (96 -560 -576 ) (96 -560 -624 ) (96 -704 -624 ) 
4 2101 2103 (96 -704 -576 ) (96 -704 -624 ) (1024 -704 -624 ) (1024 -704 -576 ) 
4 2102 2137 (96 -656 -768 ) (96 -704 -768 ) (96 -704 -728 ) (96 -656 -728 ) 
4 2102 2131 (96 -560 -744 ) (96 -560 -768 ) (96 -656 -768 ) (96 -656 -744 ) 
4 2102 2129 (96 -560 -736 ) (96 -560 -744 ) (96 -656 -744 ) (96 -656 -736 ) 
4 2102 2127 (96 -560 -728 ) (96 -560 -736 ) (96 -656 -736 ) (96 -656 -728 ) 
4 2102 2125 (96 -560 -704 ) (96 -560 -728 ) (96 -704 -728 ) (96 -704 -704 ) 
3 2102 2116 (96 -560 -667.143860 ) (96 -560 -704 ) (96 -646.867371 -704 ) 
5 2102 2115 (96 -560 -640 ) (96 -560 -667.143860 ) (96 -646.867371 -704 ) (96 -704 -704 ) (96 -704 -640 ) 
4 2102 2104 (368 -704 -768 ) (528 -704 -768 ) (528 -704 -656 ) (368 -704 -656 ) 
4 2103 2115 (96 -720 -576 ) (96 -704 -576 ) (96 -704 -640 ) (96 -720 -640 ) 
4 2103 2105 (96 -720 -576 ) (96 -720 -640 ) (1024 -720 -640 ) (1024 -720 -576 ) 
4 2104 2105 (368 -720 -768 ) (528 -720 -768 ) (528 -720 -656 ) (368 -720 -656 ) 
4 2105 2317 (1024 -1024 -768 ) (1024 -1024 -720 ) (96 -1024 -720 ) (96 -1024 -768 ) 
4 2105 2316 (1024 -1024 -720 ) (1024 -1024 -576 ) (96 -1024 -576 ) (96 -1024 -720 ) 
4 2105 2137 (96 -720 -728 ) (96 -720 -768 ) (96 -1024 -768 ) (96 -1024 -728 ) 
4 2105 2125 (96 -720 -704 ) (96 -720 -728 ) (96 -1024 -728 ) (96 -1024 -704 ) 
4 2105 2115 (96 -1024 -576 ) (96 -720 -576 ) (96 -720 -704 ) (96 -1024 -704 ) 
4 2105 2111 (96 -1024 -768 ) (96 -720 -768 ) (1024 -720 -768 ) (1024 -1024 -768 ) 
4 2106 2112 (528 0 -784 ) (1024 0 -784 ) (1024 -384 -784 ) (528 -384 -784 ) 
4 2106 2109 (976 -384 -784 ) (1024 -384 -784 ) (1024 -384 -768 ) (976 -384 -768 ) 
4 2106 2107 (528 0 -784 ) (528 -224 -784 ) (528 -224 -768 ) (528 0 -768 ) 
4 2107 2112 (320 0 -784 ) (528 0 -784 ) (528 -224 -784 ) (320 -224 -784 ) 
4 2107 2108 (320 0 -784 ) (320 -224 -784 ) (320 -224 -768 ) (320 0 -768 ) 
4 2108 2130 (96 0 -768 ) (96 0 -784 ) (96 -16 -784 ) (96 -16 -768 ) 
4 2108 2112 (96 -384 -784 ) (96 0 -784 ) (320 0 -784 ) (320 -384 -784 ) 
4 2108 2110 (96 -384 -784 ) (320 -384 -784 ) (320 -384 -768 ) (96 -384 -768 ) 
4 2109 2112 (976 -384 -784 ) (1024 -384 -784 ) (1024 -544 -784 ) (976 -544 -784 ) 
4 2110 2112 (96 -544 -784 ) (96 -384 -784 ) (320 -384 -784 ) (320 -544 -784 ) 
4 2111 2320 (1024 -1024 -784 ) (1024 -1024 -768 ) (96 -1024 -768 ) (96 -1024 -784 ) 
4 2111 2112 (1024 -1024 -784 ) (96 -1024 -784 ) (96 -720 -784 ) (1024 -720 -784 ) 
4 2112 2324 (784 -1024 -1568 ) (96 -1024 -1568 ) (96 -1024 -2387.810059 ) (784 -1024 -2387.810059 ) 
4 2112 2323 (1024 -1024 -2387.810059 ) (1024 -1024 -1568 ) (784 -1024 -1568 ) (784 -1024 -2387.810059 ) 
4 2112 2320 (1024 -1024 -1568 ) (1024 -1024 -784 ) (96 -1024 -784 ) (96 -1024 -1568 ) 
4 2112 2138 (96 0 -784 ) (96 0 -2387.810059 ) (96 -1024 -2387.810059 ) (96 -1024 -784 ) 
4 2113 2182 (0 -217.298950 -580 ) (0 -217.298950 -576 ) (0 -16 -576 ) (0 -16 -580 ) 
4 2113 2114 (96 -313.300781 -580 ) (0 -217.300781 -580 ) (0 -16 -580 ) (96 -16 -580 ) 
4 2114 2204 (0 -16 -704 ) (0 -217.298920 -704 ) (0 -217.298950 -592 ) (0 -16 -592 ) 
4 2114 2183 (0 -217.298950 -592 ) (0 -217.298950 -580 ) (0 -16 -580 ) (0 -16 -592 ) 
4 2114 2118 (0 -217.297104 -704 ) (96 -313.297211 -704 ) (96 -313.297211 -592 ) (0 -217.297089 -592 ) 
4 2115 2316 (96 -1024 -704 ) (96 -1024 -576 ) (0 -1024 -576 ) (0 -1024 -704 ) 
4 2115 2255 (0 -640 -704 ) (0 -1024 -704 ) (0 -1024 -576 ) (0 -640 -576 ) 
5 2115 2250 (0 -550.866821 -704 ) (0 -640 -704 ) (0 -640 -576 ) (0 -400 -576 ) (0 -400 -639.990112 ) 
3 2115 2208 (0 -286.890717 -592 ) (0 -376.105957 -629.852356 ) (0 -376.105957 -592 ) 
4 2115 2194 (0 -376.105957 -629.852356 ) (0 -400 -639.990112 ) (0 -400 -592 ) (0 -376.105957 -592 ) 
4 2115 2193 (0 -400 -576 ) (0 -249.179871 -576 ) (0 -286.890717 -592 ) (0 -400 -592 ) 
4 2115 2125 (0 -1024 -704 ) (0 -550.866821 -704 ) (96 -646.867310 -704 ) (96 -1024 -704 ) 
4 2115 2116 (96 -646.863281 -704 ) (0 -550.862671 -704 ) (0 -296.316956 -596.001343 ) (96 -392.316986 -596.001160 ) 
3 2116 2250 (0 -400 -704 ) (0 -550.866821 -704 ) (0 -400 -639.990112 ) 
4 2116 2209 (0 -376.105988 -633.850769 ) (0 -376.105988 -629.852356 ) (0 -296.316986 -596 ) (0 -296.316986 -600 ) 
4 2116 2205 (0 -296.316986 -704 ) (0 -376.105957 -704 ) (0 -376.105988 -633.850769 ) (0 -296.316986 -600 ) 
4 2116 2196 (0 -376.105957 -704 ) (0 -400 -704 ) (0 -400 -656 ) (0 -376.105988 -656 ) 
4 2116 2194 (0 -400 -656 ) (0 -400 -639.990112 ) (0 -376.105988 -629.852356 ) (0 -376.105988 -656 ) 
4 2116 2125 (0 -550.866821 -704 ) (0 -296.317017 -704 ) (96 -392.317017 -704 ) (96 -646.867310 -704 ) 
4 2116 2118 (96 -392.320312 -704 ) (0 -296.320312 -704 ) (0 -296.320312 -600.001404 ) (96 -392.320312 -600.001404 ) 
3 2117 2185 (0 -239.923676 -592 ) (0 -277.460388 -592 ) (0 -239.923676 -576.074951 ) 
4 2117 2118 (0 -277.460388 -592 ) (0 -239.923676 -592 ) (96 -335.923706 -592 ) (96 -373.460419 -592 ) 
4 2118 2206 (0 -217.742874 -704 ) (0 -234.867981 -704 ) (0 -234.867966 -592 ) (0 -217.742859 -592 ) 
5 2118 2205 (0 -234.867981 -704 ) (0 -296.316986 -704 ) (0 -296.316986 -600 ) (0 -277.460388 -592 ) (0 -234.867966 -592 ) 
4 2118 2204 (0 -217.298920 -704 ) (0 -217.742874 -704 ) (0 -217.742859 -592 ) (0 -217.298950 -592 ) 
4 2118 2119 (0 -291.245850 -704 ) (0 -241 -704 ) (96 -337 -704 ) (96 -387.246124 -704 ) 
4 2118 2125 (0 -296.317017 -704 ) (0 -291.245850 -704 ) (96 -387.246124 -704 ) (96 -392.317017 -704 ) 
4 2119 2210 (0 -241 -705 ) (0 -291.245850 -705 ) (0 -291.245850 -704 ) (0 -241 -704 ) 
4 2119 2121 (0 -274.296875 -705 ) (0 -257.312439 -705 ) (96 -353.312500 -705 ) (96 -370.296875 -705 ) 
4 2119 2123 (96 -387.250000 -705 ) (0 -291.249756 -705 ) (0 -274.296875 -705 ) (96 -370.296875 -705 ) 
4 2119 2125 (96 -387.242188 -705 ) (96 -387.242188 -704 ) (0 -291.241943 -704 ) (0 -291.241943 -705 ) 
4 2120 2211 (0 -241 -720 ) (0 -257.312439 -720 ) (0 -257.312439 -712 ) (0 -241 -705.270996 ) 
4 2120 2124 (0 -257.312439 -720 ) (0 -241 -720 ) (96 -337 -720 ) (96 -353.312500 -720 ) 
4 2120 2122 (0 -257.312500 -720 ) (96 -353.312500 -720 ) (96 -353.312500 -712 ) (0 -257.312469 -712 ) 
4 2121 2212 (0 -274.296875 -712 ) (0 -274.296875 -705 ) (0 -257.312439 -705 ) (0 -257.312439 -712 ) 
4 2121 2123 (96 -370.295044 -712 ) (96 -370.296875 -705 ) (0 -274.296875 -705 ) (0 -274.295044 -712 ) 
3 2122 2213 (0 -257.312439 -720 ) (0 -274.280914 -720 ) (0 -257.312439 -712.002075 ) 
4 2122 2124 (0 -274.296875 -720 ) (0 -257.312439 -720 ) (96 -353.312500 -720 ) (96 -370.296875 -720 ) 
4 2123 2214 (0 -274.296875 -720 ) (0 -291.245850 -720 ) (0 -291.245850 -705 ) (0 -274.296875 -705 ) 
4 2123 2125 (96 -387.242188 -720 ) (96 -387.242188 -705 ) (0 -291.241943 -705 ) (0 -291.242096 -720 ) 
5 2124 2215 (0 -16 -728 ) (0 -291.245850 -728 ) (0 -291.245850 -727.995728 ) (0 -274.285950 -720 ) (0 -16 -720 ) 
4 2124 2174 (0 0 -720 ) (0 0 -728 ) (0 -16 -728 ) (0 -16 -720 ) 
4 2124 2126 (0 0 -728 ) (96 0 -728 ) (96 -387.246094 -728 ) (0 -291.245850 -728 ) 
4 2125 2318 (96 -1024 -728 ) (96 -1024 -720 ) (0 -1024 -720 ) (0 -1024 -728 ) 
4 2125 2316 (96 -1024 -720 ) (96 -1024 -704 ) (0 -1024 -704 ) (0 -1024 -720 ) 
4 2125 2255 (0 -640 -728 ) (0 -1024 -728 ) (0 -1024 -704 ) (0 -640 -704 ) 
4 2125 2253 (0 -592 -728 ) (0 -640 -728 ) (0 -640 -720 ) (0 -592 -720 ) 
4 2125 2251 (0 -400 -728 ) (0 -592 -728 ) (0 -592 -720 ) (0 -400 -720 ) 
4 2125 2250 (0 -640 -720 ) (0 -640 -704 ) (0 -400 -704 ) (0 -400 -720 ) 
4 2125 2216 (0 -291.245850 -728 ) (0 -376.105957 -728 ) (0 -376.105988 -704 ) (0 -291.245850 -704 ) 
4 2125 2196 (0 -376.105957 -728 ) (0 -400 -728 ) (0 -400 -704 ) (0 -376.105988 -704 ) 
4 2125 2137 (96 -656 -728 ) (96 -1024 -728 ) (0 -1024 -728 ) (0 -656 -728 ) 
4 2125 2127 (96 -404.218719 -728 ) (96 -656 -728 ) (0 -656 -728 ) (0 -308.218719 -728 ) 
4 2126 2217 (0 -16 -736 ) (0 -308.226715 -736 ) (0 -291.251678 -728 ) (0 -16 -728 ) 
4 2126 2174 (0 0 -728 ) (0 0 -736 ) (0 -16 -736 ) (0 -16 -728 ) 
4 2126 2128 (0 -308.226685 -736 ) (0 0 -736 ) (96 0 -736 ) (96 -404.226959 -736 ) 
4 2127 2257 (0 -640 -736 ) (0 -656 -736 ) (0 -656 -733.896973 ) (0 -640 -733.896973 ) 
4 2127 2255 (0 -656 -733.896973 ) (0 -656 -728 ) (0 -640 -728 ) (0 -640 -733.896973 ) 
4 2127 2253 (0 -592 -736 ) (0 -640 -736 ) (0 -640 -728 ) (0 -592 -728 ) 
4 2127 2251 (0 -400 -736 ) (0 -592 -736 ) (0 -592 -728 ) (0 -400 -728 ) 
5 2127 2218 (0 -308.226715 -736 ) (0 -376.105957 -736 ) (0 -376.105957 -728 ) (0 -308.218781 -728 ) (0 -308.218719 -735.996216 ) 
4 2127 2196 (0 -376.105957 -736 ) (0 -400 -736 ) (0 -400 -728 ) (0 -376.105957 -728 ) 
4 2127 2137 (96 -656 -736 ) (96 -656 -728 ) (0 -656 -728 ) (0 -656 -736 ) 
4 2127 2129 (96 -656 -736 ) (0 -656 -736 ) (0 -325.195007 -736 ) (96 -421.195007 -736 ) 
4 2128 2219 (0 -16 -744 ) (0 -325.195007 -744 ) (0 -308.218048 -736 ) (0 -16 -736 ) 
4 2128 2174 (0 0 -736 ) (0 0 -744 ) (0 -16 -744 ) (0 -16 -736 ) 
4 2128 2132 (0 -325.195038 -744 ) (0 -16 -744 ) (96 -16 -744 ) (96 -421.194977 -744 ) 
4 2128 2130 (0 -16 -744 ) (0 0 -744 ) (96 0 -744 ) (96 -16 -744 ) 
4 2129 2261 (0 -640 -744 ) (0 -656 -744 ) (0 -656 -736 ) (0 -640 -736 ) 
4 2129 2253 (0 -592 -744 ) (0 -640 -744 ) (0 -640 -736 ) (0 -592 -736 ) 
4 2129 2251 (0 -400 -744 ) (0 -592 -744 ) (0 -592 -736 ) (0 -400 -736 ) 
4 2129 2220 (0 -325.195007 -744 ) (0 -376.105957 -744 ) (0 -376.105988 -736 ) (0 -325.195007 -736 ) 
4 2129 2196 (0 -376.105957 -744 ) (0 -400 -744 ) (0 -400 -736 ) (0 -376.105988 -736 ) 
4 2129 2137 (96 -656 -744 ) (96 -656 -736 ) (0 -656 -736 ) (0 -656 -744 ) 
4 2129 2133 (0 -359.140625 -744 ) (0 -342.175751 -744 ) (96 -438.175751 -744 ) (96 -455.140625 -744 ) 
4 2129 2135 (0 -376.105957 -744 ) (0 -359.140625 -744 ) (96 -455.140625 -744 ) (96 -472.105957 -744 ) 
4 2129 2131 (96 -656 -744 ) (0 -656 -744 ) (0 -376.105957 -744 ) (96 -472.105957 -744 ) 
4 2130 2174 (0 0 -744 ) (0 0 -768 ) (0 -16 -768 ) (0 -16 -744 ) 
4 2130 2175 (0 0 -768 ) (0 0 -784 ) (0 -16 -784 ) (0 -16 -768 ) 
4 2130 2138 (0 -16 -784 ) (0 0 -784 ) (96 0 -784 ) (96 -16 -784 ) 
4 2130 2136 (96 -16 -768 ) (96 -16 -760 ) (0 -16 -760 ) (0 -16 -768 ) 
4 2130 2134 (96 -16 -760 ) (96 -16 -752 ) (0 -16 -752 ) (0 -16 -760 ) 
4 2130 2132 (96 -16 -752 ) (96 -16 -744 ) (0 -16 -744 ) (0 -16 -752 ) 
4 2131 2293 (0 -656 -768 ) (0 -656 -760 ) (0 -400 -760 ) (0 -400 -768 ) 
4 2131 2271 (0 -656 -760 ) (0 -656 -744 ) (0 -640 -744 ) (0 -640 -760 ) 
4 2131 2253 (0 -640 -744 ) (0 -592 -744 ) (0 -592 -760 ) (0 -640 -760 ) 
4 2131 2251 (0 -592 -744 ) (0 -400 -744 ) (0 -400 -760 ) (0 -592 -760 ) 
4 2131 2196 (0 -400 -744 ) (0 -376.105988 -744 ) (0 -376.105957 -768 ) (0 -400 -768 ) 
4 2131 2137 (96 -656 -768 ) (96 -656 -744 ) (0 -656 -744 ) (0 -656 -768 ) 
4 2131 2135 (0 -376.109375 -744 ) (96 -472.109375 -744 ) (96 -472.109375 -760 ) (0 -376.109375 -760 ) 
4 2132 2221 (0 -325.208923 -744 ) (0 -16 -744 ) (0 -16 -752 ) (0 -342.173828 -752 ) 
4 2132 2134 (0 -342.173859 -752 ) (0 -16 -752 ) (96 -16 -752 ) (96 -438.173859 -752 ) 
4 2133 2222 (0 -359.140625 -744 ) (0 -342.175751 -744 ) (0 -342.175781 -752 ) (0 -359.140625 -752 ) 
4 2133 2135 (96 -455.140656 -752 ) (96 -455.140625 -744 ) (0 -359.140625 -744 ) (0 -359.140625 -752 ) 
4 2134 2223 (0 -16 -752 ) (0 -16 -760 ) (0 -359.133148 -760 ) (0 -342.172089 -752 ) 
4 2134 2136 (0 -359.140625 -760 ) (0 -16 -760 ) (96 -16 -760 ) (96 -455.140686 -760 ) 
4 2135 2224 (0 -376.105988 -760 ) (0 -376.105988 -744 ) (0 -359.140625 -744 ) (0 -359.140625 -760 ) 
4 2136 2225 (0 -376.105988 -768 ) (0 -359.138977 -760 ) (0 -16 -760 ) (0 -16 -768 ) 
4 2137 2318 (96 -1024 -768 ) (96 -1024 -728 ) (0 -1024 -728 ) (0 -1024 -768 ) 
4 2137 2294 (0 -1024 -768 ) (0 -1024 -760 ) (0 -904 -760 ) (0 -904 -768 ) 
4 2137 2293 (0 -904 -760 ) (0 -656 -760 ) (0 -656 -768 ) (0 -904 -768 ) 
4 2137 2280 (0 -1024 -760 ) (0 -1024 -744 ) (0 -928 -744 ) (0 -928 -760 ) 
3 2137 2275 (0 -916 -752 ) (0 -916 -760 ) (0 -928 -752 ) 
3 2137 2274 (0 -916 -760 ) (0 -928 -760 ) (0 -928 -752 ) 
4 2137 2272 (0 -928 -744 ) (0 -916 -744 ) (0 -916 -752 ) (0 -928 -752 ) 
4 2137 2271 (0 -916 -744 ) (0 -656 -744 ) (0 -656 -760 ) (0 -916 -760 ) 
4 2137 2269 (0 -1024 -744 ) (0 -1024 -736 ) (0 -939.968018 -736 ) (0 -939.968018 -744 ) 
4 2137 2268 (0 -939.968018 -736 ) (0 -664 -736 ) (0 -664 -744 ) (0 -939.968018 -744 ) 
4 2137 2261 (0 -664 -736 ) (0 -656 -736 ) (0 -656 -744 ) (0 -664 -744 ) 
4 2137 2257 (0 -1024 -736 ) (0 -1024 -733.896973 ) (0 -656 -733.896973 ) (0 -656 -736 ) 
4 2137 2255 (0 -1024 -733.896973 ) (0 -1024 -728 ) (0 -656 -728 ) (0 -656 -733.896973 ) 
4 2138 2324 (96 -1024 -2387.810059 ) (96 -1024 -1568 ) (0 -1024 -1568 ) (0 -1024 -2387.810059 ) 
4 2138 2321 (96 -1024 -1568 ) (96 -1024 -784 ) (0 -1024 -784 ) (0 -1024 -1568 ) 
4 2138 2312 (0 -672 -2387.810059 ) (0 -1024 -2387.810059 ) (0 -1024 -1568 ) (0 -672 -1568 ) 
4 2138 2311 (0 0 -1568 ) (0 0 -2387.810059 ) (0 -672 -2387.810059 ) (0 -672 -1568 ) 
4 2138 2309 (0 -656 -1568 ) (0 -1024 -1568 ) (0 -1024 -784 ) (0 -656 -784 ) 
4 2138 2306 (0 -400 -1568 ) (0 -656 -1568 ) (0 -656 -784 ) (0 -400 -784 ) 
4 2138 2226 (0 -16 -1568 ) (0 -400 -1568 ) (0 -400 -784 ) (0 -16 -784 ) 
4 2138 2175 (0 0 -784 ) (0 0 -1568 ) (0 -16 -1568 ) (0 -16 -784 ) 
4 2139 2494 (-1024 0 -640 ) (-1024 0 -912 ) (-1024 -96 -912 ) (-1024 -96 -640 ) 
4 2139 2493 (-1024 0 1107.810059 ) (-1024 0 -512 ) (-1024 -96 -512 ) (-1024 -96 1107.810059 ) 
4 2139 2247 (-1024 -96 -912.001770 ) (-1024 -16 -912.001770 ) (-981.332764 -16 -784 ) (-981.332764 -96 -784 ) 
4 2139 2246 (-981.332764 -16 -784 ) (-976 -16 -768 ) (-976 -96 -768 ) (-981.332764 -96 -784 ) 
4 2139 2227 (-768 -16 -144.001526 ) (-752 -16 -96.001526 ) (-752 -96 -96.001465 ) (-768 -96 -144.001480 ) 
4 2139 2228 (-976 -16 -768 ) (-768 -16 -144.001526 ) (-768 -96 -144.001480 ) (-976 -96 -768 ) 
4 2139 2192 (-350.729614 -56 1107.810059 ) (-350.729614 -96 1107.810059 ) (-752 -96 -96.001465 ) (-752 -56 -96.001495 ) 
4 2139 2190 (-752 -16 -96.001526 ) (-350.729614 -16 1107.810059 ) (-350.729614 -32 1107.810059 ) (-752 -32 -96.001511 ) 
4 2139 2191 (-350.729614 -32 1107.810059 ) (-350.729614 -56 1107.810059 ) (-752 -56 -96.001495 ) (-752 -32 -96.001511 ) 
4 2139 2176 (-768 0 -144.001526 ) (-752 0 -96.001526 ) (-752 -16 -96.001465 ) (-768 -16 -144.001480 ) 
4 2139 2178 (-1024 -16 -912.001770 ) (-1024 0 -912.001770 ) (-768 0 -144.001526 ) (-768 -16 -144.001480 ) 
4 2139 2171 (-752 0 -96.001526 ) (-350.729614 0 1107.810059 ) (-350.729614 -16 1107.810059 ) (-752 -16 -96.001465 ) 
4 2139 2140 (-890.658691 -96 -512 ) (-350.722656 -96 1107.810059 ) (-1024 -96 1107.810059 ) (-1024 -96 -512 ) 
3 2139 2141 (-1024 -96 -912.024536 ) (-975.991882 -96 -768 ) (-1024 -96 -768 ) 
4 2140 2493 (-1024 -112 -512 ) (-1024 -112 1107.810059 ) (-1024 -96 1107.810059 ) (-1024 -96 -512 ) 
4 2140 2229 (-890.666138 -96 -512 ) (-752 -96 -96.001465 ) (-752 -112 -96.001465 ) (-890.666138 -112 -512 ) 
4 2140 2192 (-752 -96 -96.001465 ) (-350.729614 -96 1107.810059 ) (-350.729614 -112 1107.810059 ) (-752 -112 -96.001465 ) 
4 2140 2145 (-1024 -112 1107.810059 ) (-1024 -112 -512 ) (-1016 -112 -512 ) (-1016 -112 1107.810059 ) 
4 2140 2144 (-1016 -112 -512 ) (-1004 -112 -512 ) (-1004 -112 1107.810059 ) (-1016 -112 1107.810059 ) 
4 2140 2143 (-1004 -112 -512 ) (-890.669922 -112 -512 ) (-350.733154 -112 1107.810059 ) (-1004 -112 1107.810059 ) 
4 2141 2495 (-1024 -96 -912 ) (-1024 -112 -912 ) (-1024 -112 -768 ) (-1024 -96 -768 ) 
4 2141 2247 (-1024 -112 -912.001770 ) (-1024 -96 -912.001770 ) (-981.332764 -96 -784 ) (-981.332764 -112 -784 ) 
4 2141 2246 (-981.332764 -96 -784 ) (-976 -96 -768 ) (-976 -112 -768 ) (-981.332764 -112 -784 ) 
3 2141 2142 (-1024 -112 -768 ) (-1024 -112 -911.990295 ) (-976.003235 -112 -768 ) 
4 2142 2499 (-1024 -112 -650.666748 ) (-1024 -112 -912 ) (-1024 -256 -912 ) (-1024 -256 -650.666626 ) 
4 2142 2247 (-1024 -256 -912.001770 ) (-1024 -112 -912.001770 ) (-981.332703 -112 -784 ) (-981.332764 -256 -784 ) 
4 2142 2246 (-981.332703 -112 -784 ) (-976 -112 -768 ) (-976 -256 -768 ) (-981.332764 -256 -784 ) 
4 2142 2230 (-976 -112 -768 ) (-952.726807 -112 -698.182190 ) (-952.726807 -256 -698.182129 ) (-976 -256 -768 ) 
4 2143 2235 (-941.332703 -112 -664 ) (-932 -112 -636.001892 ) (-932 -256 -636.001526 ) (-941.332825 -256 -664 ) 
4 2143 2233 (-932 -112 -636.001892 ) (-920 -112 -600.001892 ) (-920 -256 -600.001526 ) (-932 -256 -636.001526 ) 
4 2143 2232 (-920 -112 -600.001892 ) (-908 -112 -564.001892 ) (-908 -256 -564.001465 ) (-920 -256 -600.001526 ) 
4 2143 2231 (-908 -112 -564.001892 ) (-752 -112 -96.001648 ) (-752 -256 -96.001343 ) (-908 -256 -564.001465 ) 
4 2143 2192 (-752 -112 -96.001648 ) (-350.729614 -112 1107.810059 ) (-350.729614 -256 1107.810059 ) (-752 -256 -96.001343 ) 
4 2143 2153 (-941.336548 -256 -664 ) (-938.669861 -256 -656 ) (-992 -256 -656 ) (-980 -256 -664 ) 
5 2143 2151 (-938.669861 -256 -656 ) (-933.336548 -256 -640 ) (-1004 -256 -640 ) (-1004 -256 -648 ) (-992 -256 -656 ) 
4 2143 2150 (-933.336548 -256 -640 ) (-350.733154 -256 1107.810059 ) (-1004 -256 1107.810059 ) (-1004 -256 -640 ) 
4 2143 2146 (-941.332031 -256 -664 ) (-992 -256 -664 ) (-992 -112 -664 ) (-941.333374 -112 -664 ) 
4 2143 2144 (-1004 -256 -656 ) (-1004 -256 1107.810059 ) (-1004 -112 1107.810059 ) (-1004 -112 -656 ) 
3 2144 2151 (-1016 -256 -640 ) (-1004 -256 -648 ) (-1004 -256 -640 ) 
4 2144 2150 (-1004 -256 1107.810059 ) (-1016 -256 1107.810059 ) (-1016 -256 -640 ) (-1004 -256 -640 ) 
4 2144 2145 (-1016 -112 1107.810059 ) (-1016 -112 -648 ) (-1016 -256 -648 ) (-1016 -256 1107.810059 ) 
4 2145 2496 (-1024 -112 1107.810059 ) (-1024 -112 -648 ) (-1024 -256 -648 ) (-1024 -256 1107.810059 ) 
4 2145 2150 (-1024 -256 1107.810059 ) (-1024 -256 -640 ) (-1016 -256 -640 ) (-1016 -256 1107.810059 ) 
4 2146 2235 (-944 -112 -672 ) (-941.332703 -112 -664 ) (-941.332825 -256 -664 ) (-944 -256 -672 ) 
4 2146 2153 (-944.003235 -256 -672 ) (-941.336548 -256 -664 ) (-980 -256 -664 ) (-968 -256 -672 ) 
4 2146 2148 (-968 -256 -672 ) (-980 -256 -672 ) (-980 -112 -672 ) (-968 -112 -672 ) 
4 2146 2147 (-943.996094 -256 -672 ) (-968 -256 -672 ) (-968 -112 -672 ) (-944 -112 -672 ) 
4 2147 2236 (-949.332764 -112 -688 ) (-944 -112 -672 ) (-944 -256 -672 ) (-949.332764 -256 -688 ) 
3 2147 2153 (-948.366272 -256 -685.089111 ) (-944.003235 -256 -672 ) (-968 -256 -672 ) 
4 2147 2149 (-949.332031 -256 -688 ) (-956 -256 -688 ) (-956 -112 -688 ) (-949.333374 -112 -688 ) 
4 2147 2148 (-968 -256 -680 ) (-968 -256 -672 ) (-968 -112 -672 ) (-968 -112 -680 ) 
4 2149 2236 (-952 -112 -696 ) (-949.332764 -112 -688 ) (-949.332764 -256 -688 ) (-952 -256 -696 ) 
4 2150 2521 (-1024 -272 1107.810059 ) (-1024 -256 1107.810059 ) (-1024 -256 -640 ) (-1024 -272 -640 ) 
4 2150 2242 (-933.332825 -256 -640 ) (-848 -256 -384.001465 ) (-848 -272 -384.001434 ) (-933.332825 -272 -640 ) 
4 2150 2241 (-848 -256 -384.001465 ) (-752 -256 -96.001404 ) (-752 -272 -96.001343 ) (-848 -272 -384.001434 ) 
4 2150 2192 (-752 -256 -96.001404 ) (-350.729614 -256 1107.810059 ) (-350.729614 -272 1107.810059 ) (-752 -272 -96.001343 ) 
4 2150 2151 (-933.332031 -272 -640 ) (-1016 -272 -640 ) (-1016 -256 -640 ) (-933.332031 -256 -640 ) 
4 2150 2152 (-933.330688 -272 -640 ) (-350.722656 -272 1107.810059 ) (-1024 -272 1107.810059 ) (-1024 -272 -640 ) 
4 2151 2242 (-938.666138 -256 -656 ) (-933.332825 -256 -640 ) (-933.332825 -272 -640 ) (-938.666138 -272 -656 ) 
4 2151 2153 (-992 -256 -656 ) (-938.664062 -256 -656 ) (-938.664062 -272 -656 ) (-992 -272 -656 ) 
4 2151 2152 (-992 -272 -656 ) (-938.664062 -272 -656 ) (-933.330688 -272 -640 ) (-1016 -272 -640 ) 
4 2152 2522 (-1024 -1024 -656 ) (-1024 -1024 1107.810059 ) (-1024 -272 1107.810059 ) (-1024 -272 -656 ) 
4 2152 2327 (-1024 -1024 1107.810059 ) (-1024 -1024 -656 ) (-938.666748 -1024 -656 ) (-350.730103 -1024 1107.810059 ) 
4 2152 2255 (-350.729614 -640 1107.810059 ) (-350.729614 -1024 1107.810059 ) (-938.666138 -1024 -656 ) (-938.666138 -640 -656 ) 
4 2152 2250 (-350.729614 -400 1107.810059 ) (-350.729614 -640 1107.810059 ) (-938.666138 -640 -656 ) (-938.666138 -400 -656 ) 
4 2152 2244 (-800 -400 -240.001495 ) (-938.666138 -400 -656 ) (-938.666138 -272 -656 ) (-800 -272 -240.001434 ) 
4 2152 2243 (-752 -400 -96.001465 ) (-800 -400 -240.001495 ) (-800 -272 -240.001434 ) (-752 -272 -96.001404 ) 
4 2152 2192 (-350.729614 -272 1107.810059 ) (-350.729614 -400 1107.810059 ) (-752 -400 -96.001465 ) (-752 -272 -96.001404 ) 
4 2152 2155 (-1024 -600 -656 ) (-1024 -360 -656 ) (-938.664062 -360 -656 ) (-938.664062 -600 -656 ) 
4 2152 2169 (-1024 -1024 -656 ) (-1024 -600 -656 ) (-938.664062 -600 -656 ) (-938.664001 -1024 -656 ) 
4 2152 2154 (-1024 -360 -656 ) (-1024 -272 -656 ) (-938.664062 -272 -656 ) (-938.664062 -360 -656 ) 
4 2153 2242 (-948.363159 -256 -685.091125 ) (-938.666138 -256 -656 ) (-938.666138 -272 -656 ) (-948.363159 -272 -685.091125 ) 
3 2153 2154 (-948.358276 -272 -685.094360 ) (-938.660156 -272 -656 ) (-992 -272 -656 ) 
5 2154 2523 (-1024 -360 -656 ) (-1024 -272 -656 ) (-1024 -272 -768 ) (-1024 -320 -912 ) (-1024 -360 -912 ) 
4 2154 2244 (-944 -272 -672.001587 ) (-938.666138 -272 -656 ) (-938.666138 -360 -656 ) (-944 -360 -672.001587 ) 
4 2154 2245 (-976 -272 -768 ) (-944 -272 -672.001587 ) (-944 -360 -672.001587 ) (-976 -360 -768 ) 
4 2154 2157 (-991.993469 -360 -816 ) (-987.504822 -360 -802.534058 ) (-1024 -360 -802.534058 ) (-1024 -360 -816 ) 
4 2154 2155 (-987.504822 -360 -802.534058 ) (-938.660156 -360 -656 ) (-1024 -360 -656 ) (-1024 -360 -802.534058 ) 
4 2155 2524 (-1024 -600 -656 ) (-1024 -360 -656 ) (-1024 -360 -802.534058 ) (-1024 -600 -764.523315 ) 
4 2155 2305 (-973.332825 -600 -760 ) (-974.840576 -600 -764.523315 ) (-975.262939 -592 -765.790344 ) (-973.332825 -592 -760 ) 
5 2155 2297 (-975.262939 -592 -765.790344 ) (-976 -578.048157 -768 ) (-976 -400 -768 ) (-973.332764 -400 -760 ) (-973.332825 -592 -760 ) 
4 2155 2254 (-960 -600 -720 ) (-973.332825 -600 -760 ) (-973.332825 -592 -760 ) (-960 -592 -720 ) 
4 2155 2252 (-973.332825 -592 -760 ) (-973.332764 -400 -760 ) (-960 -400 -720 ) (-960 -592 -720 ) 
4 2155 2250 (-938.666138 -400 -656 ) (-938.666138 -600 -656 ) (-960 -600 -720 ) (-960 -400 -720 ) 
4 2155 2244 (-944 -360 -672.001587 ) (-938.666138 -360 -656 ) (-938.666138 -400 -656 ) (-944 -400 -672.001587 ) 
4 2155 2245 (-976 -360 -768 ) (-944 -360 -672.001587 ) (-944 -400 -672.001587 ) (-976 -400 -768 ) 
4 2155 2162 (-1024 -371.058746 -800.781677 ) (-1024 -368 -801.266113 ) (-987.089050 -368 -801.266113 ) (-986.927429 -371.058746 -800.781677 ) 
4 2155 2160 (-1024 -368 -801.266113 ) (-1024 -365.575531 -801.650085 ) (-987.217163 -365.575531 -801.650085 ) (-987.089050 -368 -801.266113 ) 
4 2155 2159 (-1024 -365.575531 -801.650085 ) (-1024 -362.187653 -802.186646 ) (-987.396118 -362.187653 -802.186646 ) (-987.217163 -365.575531 -801.650085 ) 
4 2155 2157 (-1024 -362.187653 -802.186646 ) (-1024 -360 -802.533142 ) (-987.511719 -360 -802.533142 ) (-987.396118 -362.187653 -802.186646 ) 
4 2155 2156 (-974.832031 -600 -764.522461 ) (-1024 -600 -764.522461 ) (-1024 -375.994293 -800 ) (-986.666687 -375.994293 -800 ) 
4 2155 2169 (-974.834595 -600 -764.523315 ) (-938.660156 -600 -656 ) (-1024 -600 -656 ) (-1024 -600 -764.523315 ) 
3 2156 2525 (-1024 -600 -800 ) (-1024 -600 -764.523315 ) (-1024 -376 -800 ) 
4 2156 2305 (-975.262939 -592 -765.790344 ) (-974.840576 -600 -764.523315 ) (-976 -600 -768 ) (-976 -592 -768 ) 
3 2156 2297 (-976 -578.048218 -768 ) (-975.262939 -592 -765.790344 ) (-976 -592 -768 ) 
4 2156 2167 (-1024 -593.583679 -800 ) (-1024 -592 -800 ) (-986.660339 -592 -800 ) (-986.660278 -593.583679 -800 ) 
4 2156 2166 (-1024 -597.465942 -800 ) (-1024 -593.583679 -800 ) (-986.660278 -593.583679 -800 ) (-986.660217 -597.465942 -800 ) 
4 2156 2164 (-1024 -592 -800 ) (-1024 -584 -800 ) (-986.660461 -584 -800 ) (-986.660339 -592 -800 ) 
4 2156 2158 (-986.660156 -600 -800 ) (-1024 -600 -800 ) (-1024 -597.465942 -800 ) (-986.660217 -597.465942 -800 ) 
4 2156 2169 (-986.660156 -600 -800 ) (-974.834595 -600 -764.523315 ) (-1024 -600 -764.523315 ) (-1024 -600 -800 ) 
3 2157 2526 (-1024 -360 -802.534058 ) (-1024 -360 -816 ) (-1024 -362.187500 -802.187622 ) 
4 2157 2159 (-990.351257 -360.783142 -811.055725 ) (-987.394531 -362.187622 -802.187561 ) (-1024 -362.187622 -802.187561 ) (-1024 -360.783142 -811.055725 ) 
3 2158 2527 (-1024 -600 -816 ) (-1024 -600 -800 ) (-1024 -597.465942 -800 ) 
4 2158 2166 (-1024 -599.216736 -811.055603 ) (-1024 -597.465759 -800 ) (-986.664062 -597.465759 -800 ) (-990.348145 -599.216736 -811.055603 ) 
4 2158 2169 (-991.993530 -600 -816 ) (-986.660156 -600 -800 ) (-1024 -600 -800 ) (-1024 -600 -816 ) 
3 2159 2530 (-1024 -365.575012 -801.651123 ) (-1024 -362.187500 -802.187622 ) (-1024 -360.782990 -811.055969 ) 
4 2159 2160 (-988.862305 -363.054871 -806.596130 ) (-987.214844 -365.574402 -801.651184 ) (-1024 -365.574402 -801.651184 ) (-1024 -363.054871 -806.596130 ) 
4 2160 2531 (-1024 -368 -801.651123 ) (-1024 -368 -801.267029 ) (-1024 -365.575012 -801.651123 ) (-1024 -363.055939 -806.595093 ) 
4 2160 2162 (-987.210266 -368 -801.651001 ) (-987.082031 -368 -801.266357 ) (-1024 -368 -801.266357 ) (-1024 -368 -801.651001 ) 
4 2160 2161 (-987.214844 -368 -801.648438 ) (-1024 -368 -801.648438 ) (-1024 -366.589661 -803.058777 ) (-987.684937 -366.589661 -803.058777 ) 
3 2161 2532 (-1024 -368 -802.340088 ) (-1024 -368 -801.651123 ) (-1024 -366.595184 -803.055908 ) 
4 2161 2162 (-987.440002 -368 -802.340149 ) (-987.210266 -368 -801.651001 ) (-1024 -368 -801.651001 ) (-1024 -368 -802.340149 ) 
3 2162 2533 (-1024 -371.056061 -800.783020 ) (-1024 -368 -801.267029 ) (-1024 -368 -802.340149 ) 
14 2163 2534 (-1024 -368 -912 ) (-1024 -592 -912 ) (-1024 -592 -816 ) (-1024 -591.609009 -813.527954 ) (-1024 -590.472046 -811.297974 ) (-1024 -588.703064 -809.528076 ) (-1024 -586.471802 -808.390930 ) (-1024 -584 -808 ) (-1024 -376 -808 ) (-1024 -373.527924 -808.392029 ) (-1024 -371.297974 -809.528015 ) (-1024 -369.528076 -811.297974 ) (-1024 -368.391937 -813.528198 ) (-1024 -368 -816 ) 
3 2164 2529 (-1024 -587.407166 -800 ) (-1024 -584 -800 ) (-1024 -588.943787 -800.782959 ) 
4 2164 2528 (-1024 -592 -801.267029 ) (-1024 -592 -800 ) (-1024 -587.407166 -800 ) (-1024 -588.943787 -800.782959 ) 
4 2164 2167 (-987.082520 -592 -801.267029 ) (-986.660156 -592 -800 ) (-1024 -592 -800 ) (-1024 -592 -801.267029 ) 
4 2164 2165 (-987.082031 -592 -801.267212 ) (-1024 -592 -801.267212 ) (-1024 -588.944336 -800.783264 ) (-986.922424 -588.944336 -800.783264 ) 
3 2165 2528 (-1024 -592 -802.340210 ) (-1024 -592 -801.267029 ) (-1024 -588.943787 -800.782959 ) 
4 2165 2168 (-987.440247 -592 -802.340210 ) (-987.210510 -592 -801.651001 ) (-1024 -592 -801.651001 ) (-1024 -592 -802.340210 ) 
4 2165 2167 (-987.210510 -592 -801.651001 ) (-987.082520 -592 -801.267029 ) (-1024 -592 -801.267029 ) (-1024 -592 -801.651001 ) 
3 2166 2535 (-1024 -599.216980 -811.056030 ) (-1024 -597.465942 -800 ) (-1024 -593.583679 -800 ) 
4 2166 2167 (-1024 -596.940918 -806.591919 ) (-1024 -593.582214 -800 ) (-986.664062 -593.582214 -800 ) (-988.859619 -596.940918 -806.591919 ) 
4 2167 2536 (-1024 -596.943970 -806.594971 ) (-1024 -593.583679 -800 ) (-1024 -592 -800 ) (-1024 -592 -801.651001 ) 
4 2167 2168 (-1024 -593.410339 -803.058777 ) (-1024 -592 -801.648438 ) (-987.214844 -592 -801.648438 ) (-987.682922 -593.410339 -803.058777 ) 
3 2168 2537 (-1024 -593.405090 -803.056091 ) (-1024 -592 -801.651001 ) (-1024 -592 -802.340149 ) 
4 2169 2538 (-1024 -1024 -912 ) (-1024 -1024 -656 ) (-1024 -600 -656 ) (-1024 -600 -912 ) 
4 2169 2350 (-1024 -1024 -768 ) (-1024 -1024 -784 ) (-981.333374 -1024 -784 ) (-976 -1024 -768 ) 
3 2169 2351 (-1024 -1024 -784 ) (-1024 -1024 -912 ) (-981.333374 -1024 -784 ) 
4 2169 2347 (-1024 -1024 -744 ) (-1024 -1024 -768 ) (-976 -1024 -768 ) (-968 -1024 -744 ) 
4 2169 2346 (-1024 -1024 -736 ) (-1024 -1024 -744 ) (-968 -1024 -744 ) (-965.333374 -1024 -736 ) 
4 2169 2340 (-1024 -1024 -733.896973 ) (-1024 -1024 -736 ) (-965.333374 -1024 -736 ) (-964.632385 -1024 -733.896973 ) 
4 2169 2338 (-1024 -1024 -720 ) (-1024 -1024 -733.896973 ) (-964.632385 -1024 -733.896973 ) (-960 -1024 -720 ) 
4 2169 2327 (-1024 -1024 -656 ) (-1024 -1024 -720 ) (-960 -1024 -720 ) (-938.666748 -1024 -656 ) 
4 2169 2310 (-1024 -1024 -912.001770 ) (-1024 -656 -912.001770 ) (-976 -656 -768 ) (-976 -1024 -768 ) 
4 2169 2305 (-976 -600 -768 ) (-973.332764 -600 -760 ) (-973.332764 -1024 -760 ) (-976 -1024 -768 ) 
4 2169 2292 (-970.666138 -1024 -752 ) (-973.332764 -1024 -760 ) (-973.332764 -640 -760 ) (-970.666138 -640 -752 ) 
4 2169 2286 (-970.666138 -904 -752 ) (-970.666138 -652 -752 ) (-968 -652 -744 ) (-968 -904 -744 ) 
4 2169 2287 (-968 -1024 -744 ) (-970.666138 -1024 -752 ) (-970.666138 -904 -752 ) (-968 -904 -744 ) 
4 2169 2282 (-970.666138 -652 -752 ) (-970.666138 -640 -752 ) (-968 -640 -744 ) (-968 -652 -744 ) 
4 2169 2270 (-965.332764 -1024 -736 ) (-968 -1024 -744 ) (-968 -640 -744 ) (-965.332764 -640 -736 ) 
4 2169 2256 (-964.631775 -1024 -733.896973 ) (-965.332764 -1024 -736 ) (-965.332764 -640 -736 ) (-964.631775 -640 -733.896973 ) 
4 2169 2255 (-938.666138 -640 -656 ) (-938.666138 -1024 -656 ) (-964.631775 -1024 -733.896973 ) (-964.631775 -640 -733.896973 ) 
4 2169 2254 (-973.332764 -600 -760 ) (-960 -600 -720 ) (-960 -640 -720 ) (-973.332764 -640 -760 ) 
4 2169 2250 (-960 -600 -720 ) (-938.666138 -600 -656 ) (-938.666138 -640 -656 ) (-960 -640 -720 ) 
5 2171 2190 (-350.730347 -16 1107.810059 ) (-752 -16 -95.997681 ) (-752 -16 -532.401978 ) (-201.298645 -16 -532.401978 ) (-201.298676 -16 1107.810059 ) 
4 2171 2179 (-201.298645 -16 -532.401978 ) (0 -16 -532.401978 ) (0 -16 1107.810059 ) (-201.298676 -16 1107.810059 ) 
4 2171 2176 (-752 -16 -512 ) (-752 -16 -96 ) (-752 0 -96 ) (-752 0 -512 ) 
4 2172 2183 (-112 -16 -592 ) (-112 -16 -580 ) (-201.298676 -16 -580 ) (-201.298676 -16 -592 ) 
4 2172 2182 (-112 -16 -580 ) (-112 -16 -576 ) (-201.298676 -16 -576 ) (-201.298676 -16 -580 ) 
4 2172 2173 (-217.298645 0 -592 ) (-112 0 -592 ) (-112 -16 -592 ) (-201.298676 -16 -592 ) 
4 2173 2207 (-218.867569 -16 -704 ) (-201.742432 -16 -704 ) (-201.742432 -16 -592 ) (-218.867569 -16 -592 ) 
4 2173 2205 (-224 -16 -704 ) (-218.867569 -16 -704 ) (-218.867569 -16 -592 ) (-224 -16 -592 ) 
4 2173 2204 (-201.742432 -16 -704 ) (-112 -16 -704 ) (-112 -16 -592 ) (-201.742432 -16 -592 ) 
4 2174 2225 (-224 -16 -768 ) (0 -16 -768 ) (0 -16 -760 ) (-224 -16 -760 ) 
4 2174 2223 (0 -16 -760 ) (0 -16 -752 ) (-224 -16 -752 ) (-224 -16 -760 ) 
4 2174 2221 (0 -16 -752 ) (0 -16 -744 ) (-224 -16 -744 ) (-224 -16 -752 ) 
4 2174 2219 (0 -16 -744 ) (0 -16 -736 ) (-224 -16 -736 ) (-224 -16 -744 ) 
4 2174 2217 (0 -16 -736 ) (0 -16 -728 ) (-224 -16 -728 ) (-224 -16 -736 ) 
4 2174 2215 (0 -16 -728 ) (0 -16 -720 ) (-224 -16 -720 ) (-224 -16 -728 ) 
4 2174 2175 (0 -16 -768 ) (-224 -16 -768 ) (-224 0 -768 ) (0 0 -768 ) 
4 2175 2311 (0 0 -1568 ) (0 -16 -1568 ) (-752 -16 -1568 ) (-752 0 -1568 ) 
4 2175 2226 (-752 -16 -784 ) (-752 -16 -1568 ) (0 -16 -1568 ) (0 -16 -784 ) 
4 2175 2177 (-752 0 -1568 ) (-752 -16 -1568 ) (-752 -16 -768 ) (-752 0 -768 ) 
4 2176 2227 (-752 -16 -95.997681 ) (-768 -16 -143.997635 ) (-768 -16 -512 ) (-752 -16 -512 ) 
4 2176 2178 (-768 -16 -512 ) (-768 -16 -143.996094 ) (-768 0 -143.996094 ) (-768 0 -512 ) 
4 2177 2311 (-752 -16 -1568 ) (-768 -16 -1568 ) (-768 0 -1568 ) (-752 0 -1568 ) 
4 2177 2247 (-768 -16 -784 ) (-768 -16 -960 ) (-752 -16 -960 ) (-752 -16 -784 ) 
4 2177 2249 (-768 -16 -960 ) (-768 -16 -1568 ) (-752 -16 -1568 ) (-752 -16 -960 ) 
4 2177 2178 (-768 0 -1568 ) (-768 -16 -1568 ) (-768 -16 -768 ) (-768 0 -768 ) 
4 2178 2494 (-1024 -16 -912 ) (-1024 0 -912 ) (-1024 0 -1568 ) (-1024 -16 -1568 ) 
4 2178 2311 (-768 -16 -1568 ) (-1024 -16 -1568 ) (-1024 0 -1568 ) (-768 0 -1568 ) 
5 2178 2247 (-981.334290 -16 -784 ) (-1024 -16 -911.996826 ) (-1024 -16 -960 ) (-768 -16 -960 ) (-768 -16 -784 ) 
4 2178 2246 (-976 -16 -768 ) (-981.334290 -16 -784 ) (-960 -16 -784 ) (-960 -16 -768 ) 
4 2178 2249 (-1024 -16 -960 ) (-1024 -16 -1568 ) (-768 -16 -1568 ) (-768 -16 -960 ) 
3 2178 2228 (-768 -16 -143.997635 ) (-976 -16 -768 ) (-768 -16 -768 ) 
4 2179 2190 (-185.296875 -32 1107.810059 ) (-201.296875 -16 1107.810059 ) (-201.297470 -16 -532.401978 ) (-185.297485 -32 -542.001953 ) 
4 2179 2181 (-185.296768 -32 1107.810059 ) (-185.296875 -32 -542.001953 ) (0 -32 -542.001953 ) (0 -32 1107.810059 ) 
4 2180 2186 (-201.297470 -16 -536.400024 ) (-201.297485 -16 -566.475708 ) (-185.297501 -32 -566.475708 ) (-185.297485 -32 -546 ) 
4 2180 2184 (-201.297485 -16 -566.475708 ) (-201.297485 -16 -572 ) (-185.297501 -32 -572 ) (-185.297501 -32 -566.475708 ) 
4 2180 2182 (-185.303146 -32 -576 ) (-201.303070 -16 -576 ) (0 -16 -576 ) (0 -32 -576 ) 
4 2180 2181 (-185.296875 -32 -546 ) (-185.296875 -32 -576 ) (0 -32 -576 ) (0 -32 -546 ) 
4 2181 2192 (0 -217.297745 -566.475830 ) (0 -217.296875 1107.810059 ) (-161.296875 -56 1107.810059 ) (-161.297531 -56 -566.475708 ) 
4 2181 2191 (-161.296875 -56 1107.810059 ) (-185.296875 -32 1107.810059 ) (-185.297485 -32 -546 ) (-161.297531 -56 -560.400024 ) 
4 2181 2186 (-185.297485 -32 -546 ) (-185.297501 -32 -566.475708 ) (-161.297531 -56 -566.475708 ) (-161.297531 -56 -560.400024 ) 
4 2181 2184 (0 -217.297745 -572 ) (0 -217.297745 -566.475830 ) (-185.297501 -32 -566.475708 ) (-185.297501 -32 -572 ) 
3 2181 2182 (0 -217.303925 -576 ) (-185.303146 -32 -576 ) (0 -32 -576 ) 
3 2182 2183 (0 -217.303925 -580 ) (-201.303070 -16 -580 ) (0 -16 -580 ) 
3 2183 2204 (-201.298645 -16 -592 ) (0 -16 -592 ) (0 -217.298950 -592 ) 
4 2184 2192 (0 -217.304688 -566.476135 ) (-161.304688 -56 -566.476013 ) (-174.323868 -56 -572 ) (0 -230.323700 -572 ) 
4 2184 2186 (-161.304688 -56 -566.476013 ) (-201.304688 -16 -566.476013 ) (-214.323914 -16 -572 ) (-174.323868 -56 -572 ) 
4 2185 2205 (-261.460449 -16 -592 ) (-223.923599 -16 -592 ) (0 -239.923676 -592 ) (0 -277.460419 -592 ) 
5 2186 2192 (-174.320374 -56 -572 ) (-161.296875 -56 -566.474609 ) (-161.296875 -56 -560.399963 ) (-240.502014 -56 -560.399963 ) (-240.502014 -56 -572 ) 
4 2186 2191 (-240.501984 -56 -560.398438 ) (-161.296875 -56 -560.398438 ) (-185.296844 -32 -545.998413 ) (-230.600800 -32 -545.998413 ) 
5 2186 2189 (-240.501953 -56 -572 ) (-240.501953 -56 -560.398438 ) (-224 -16 -536.398438 ) (-224 -16 -556 ) (-235.001160 -42.666706 -572 ) 
3 2186 2188 (-224 -16 -560 ) (-224 -16 -572 ) (-232.250732 -36 -572 ) 
4 2186 2187 (-183.751205 -56 -572 ) (-240.501129 -56 -572 ) (-224 -16 -572 ) (-223.751007 -16 -572 ) 
3 2187 2208 (-230.889618 -56 -592 ) (-240.501984 -56 -592 ) (-237.694580 -49.194992 -592 ) 
4 2187 2193 (-240.502014 -56 -592 ) (-230.889587 -56 -592 ) (-183.751221 -56 -572 ) (-240.502014 -56 -572 ) 
3 2187 2189 (-240.501953 -56 -580 ) (-240.501953 -56 -572 ) (-235.001160 -42.666706 -572 ) 
6 2187 2188 (-237.694504 -49.195061 -592 ) (-240.501953 -56 -592 ) (-240.501953 -56 -584 ) (-232.250732 -36 -572 ) (-224 -16 -572 ) (-224 -16 -572.105469 ) 
5 2188 2208 (-360.105988 -16 -592 ) (-270.889374 -16 -592 ) (-237.694580 -49.194992 -592 ) (-240.501984 -56 -592 ) (-320.105988 -56 -592 ) 
4 2188 2194 (-752 -56 -592 ) (-752 -16 -592 ) (-360.105988 -16 -592 ) (-320.105988 -56 -592 ) 
4 2188 2193 (-752 -56 -592 ) (-240.502014 -56 -592 ) (-240.502014 -56 -584 ) (-752 -56 -584 ) 
4 2189 2193 (-240.502014 -56 -580 ) (-240.502014 -56 -572 ) (-752 -56 -572 ) (-752 -56 -580 ) 
4 2189 2192 (-240.502014 -56 -572 ) (-240.502014 -56 -560.399963 ) (-752 -56 -560.400024 ) (-752 -56 -572 ) 
4 2189 2191 (-752 -56 -560.398438 ) (-240.501984 -56 -560.398438 ) (-230.600800 -32 -545.998413 ) (-752 -32 -545.998413 ) 
4 2190 2227 (-752 -16 -95.996094 ) (-752 -16 -512 ) (-752 -32 -512 ) (-752 -32 -95.996254 ) 
5 2190 2191 (-185.300781 -32 -542.001953 ) (-185.300583 -32 1107.810059 ) (-350.730103 -32 1107.810059 ) (-752 -32 -96 ) (-752 -32 -542.001953 ) 
4 2191 2227 (-752 -56 -512 ) (-752 -56 -95.996498 ) (-752 -32 -95.996254 ) (-752 -32 -512 ) 
5 2191 2192 (-161.296875 -56 -560.399963 ) (-161.296783 -56 1107.810059 ) (-350.730103 -56 1107.810059 ) (-752 -56 -96 ) (-752 -56 -560.400024 ) 
5 2192 2250 (-350.731934 -400 1107.810059 ) (-752 -400 -95.995239 ) (-752 -400 -572 ) (0 -400 -572 ) (0 -400 1107.810059 ) 
4 2192 2243 (-752 -400 -572 ) (-752 -400 -96 ) (-752 -272 -95.998695 ) (-752 -272 -572 ) 
4 2192 2241 (-752 -272 -95.998695 ) (-752 -256 -95.998535 ) (-752 -256 -572 ) (-752 -272 -572 ) 
4 2192 2231 (-752 -256 -95.998535 ) (-752 -112 -95.997070 ) (-752 -112 -572 ) (-752 -256 -572 ) 
4 2192 2229 (-752 -112 -95.997070 ) (-752 -96 -95.996910 ) (-752 -96 -512 ) (-752 -112 -512 ) 
4 2192 2227 (-752 -96 -95.996910 ) (-752 -56 -95.996498 ) (-752 -56 -512 ) (-752 -96 -512 ) 
5 2192 2193 (-752 -400 -572 ) (-752 -56 -572 ) (-183.751221 -56 -572 ) (0 -239.752167 -572 ) (0 -400 -572 ) 
4 2193 2250 (-752 -400 -572 ) (-752 -400 -592 ) (0 -400 -592 ) (0 -400 -572 ) 
4 2193 2243 (-752 -272 -592 ) (-752 -400 -592 ) (-752 -400 -572 ) (-752 -272 -572 ) 
4 2193 2241 (-752 -256 -592 ) (-752 -272 -592 ) (-752 -272 -572 ) (-752 -256 -572 ) 
4 2193 2231 (-752 -112 -592 ) (-752 -256 -592 ) (-752 -256 -572 ) (-752 -112 -572 ) 
4 2193 2208 (-320.105988 -56 -592 ) (-230.889648 -56 -592 ) (0 -286.890808 -592 ) (0 -376.105957 -592 ) 
5 2193 2194 (0 -400 -592 ) (-752 -400 -592 ) (-752 -56 -592 ) (-320.105988 -56 -592 ) (0 -376.105957 -592 ) 
4 2194 2250 (-752 -400 -592 ) (-752 -400 -656 ) (0 -400 -656 ) (0 -400 -592 ) 
4 2194 2243 (-752 -272 -656 ) (-752 -400 -656 ) (-752 -400 -592 ) (-752 -272 -592 ) 
4 2194 2241 (-752 -256 -656 ) (-752 -272 -656 ) (-752 -272 -592 ) (-752 -256 -592 ) 
4 2194 2231 (-752 -112 -656 ) (-752 -256 -656 ) (-752 -256 -592 ) (-752 -112 -592 ) 
4 2194 2209 (-360.109375 -16 -633.852173 ) (-360.109375 -16 -629.854553 ) (0 -376.109375 -629.853760 ) (0 -376.109375 -633.852173 ) 
4 2194 2208 (-360.109375 -16 -629.854553 ) (-360.109375 -16 -592 ) (0 -376.109375 -592 ) (0 -376.109375 -629.853760 ) 
4 2194 2205 (-360.109375 -16 -656 ) (-360.109375 -16 -633.852173 ) (0 -376.109375 -633.852173 ) (0 -376.109375 -656 ) 
4 2194 2203 (-654.482971 -170.570999 -656 ) (-609.228027 -215.826035 -656 ) (-617.791016 -224.388000 -656 ) (-663.046021 -179.132980 -656 ) 
4 2194 2202 (-752 -90.179016 -656 ) (-752 -73.053772 -656 ) (-654.482971 -170.570999 -656 ) (-663.046021 -179.132980 -656 ) 
4 2194 2201 (-752 -73.053772 -656 ) (-752 -71.436966 -656 ) (-608.419434 -215.017548 -656 ) (-609.228027 -215.826035 -656 ) 
4 2194 2200 (-607.436951 -216 -656 ) (-562.182007 -261.255005 -656 ) (-570.744995 -269.817017 -656 ) (-616 -224.562012 -656 ) 
4 2194 2199 (-608.419434 -215.017548 -656 ) (-607.436951 -216 -656 ) (-616 -224.562012 -656 ) (-616.982483 -223.579559 -656 ) 
4 2194 2198 (-562.182007 -261.255005 -656 ) (-423.436981 -400 -656 ) (-440.561951 -400 -656 ) (-570.744995 -269.817017 -656 ) 
4 2194 2197 (-440.561951 -400 -656 ) (-442.179016 -400 -656 ) (-617.791016 -224.388000 -656 ) (-616.982483 -223.579559 -656 ) 
6 2194 2196 (-752 -71.436966 -656 ) (-752 -16 -656 ) (-360.101562 -16 -656 ) (0 -376.101562 -656 ) (0 -400 -656 ) (-423.436981 -400 -656 ) 
3 2194 2195 (-752 -400 -656 ) (-752 -90.179016 -656 ) (-442.179016 -400 -656 ) 
4 2195 2296 (-752 -400 -760 ) (-752 -400 -768 ) (-442.179047 -400 -768 ) (-442.179047 -400 -760 ) 
4 2195 2251 (-752 -400 -720 ) (-752 -400 -760 ) (-442.179047 -400 -760 ) (-442.179047 -400 -720 ) 
4 2195 2250 (-752 -400 -656 ) (-752 -400 -720 ) (-442.179047 -400 -720 ) (-442.179016 -400 -656 ) 
4 2195 2243 (-752 -272 -768 ) (-752 -400 -768 ) (-752 -400 -656 ) (-752 -272 -656 ) 
4 2195 2241 (-752 -256 -768 ) (-752 -272 -768 ) (-752 -272 -656 ) (-752 -256 -656 ) 
4 2195 2239 (-752 -112 -768 ) (-752 -256 -768 ) (-752 -256 -760 ) (-752 -112 -760 ) 
4 2195 2237 (-752 -256 -760 ) (-752 -256 -736 ) (-752 -112 -736 ) (-752 -112 -760 ) 
4 2195 2234 (-752 -256 -736 ) (-752 -256 -728 ) (-752 -112 -728 ) (-752 -112 -736 ) 
4 2195 2231 (-752 -256 -728 ) (-752 -256 -656 ) (-752 -112 -656 ) (-752 -112 -728 ) 
4 2195 2203 (-617.791321 -224.388351 -768 ) (-663.046326 -179.133331 -768 ) (-663.046387 -179.133316 -656 ) (-617.791321 -224.388351 -656 ) 
4 2195 2202 (-663.046326 -179.133331 -768 ) (-752 -90.179688 -768 ) (-752 -90.179688 -656 ) (-663.046387 -179.133316 -656 ) 
4 2195 2197 (-442.179688 -400 -768 ) (-617.791321 -224.388351 -768 ) (-617.791321 -224.388351 -656 ) (-442.179688 -400 -656 ) 
4 2196 2293 (-423.436920 -400 -768 ) (0 -400 -768 ) (0 -400 -760 ) (-423.436920 -400 -760 ) 
4 2196 2251 (0 -400 -760 ) (0 -400 -720 ) (-423.436951 -400 -720 ) (-423.436920 -400 -760 ) 
4 2196 2250 (0 -400 -720 ) (0 -400 -656 ) (-423.436981 -400 -656 ) (-423.436951 -400 -720 ) 
4 2196 2224 (-360.109375 -16 -760 ) (-360.109375 -16 -744 ) (0 -376.109375 -744 ) (0 -376.109375 -760 ) 
4 2196 2220 (-360.109375 -16 -744 ) (-360.109375 -16 -736 ) (0 -376.109375 -736 ) (0 -376.109375 -744 ) 
4 2196 2218 (-360.109375 -16 -736 ) (-360.109375 -16 -728 ) (0 -376.109375 -728 ) (0 -376.109375 -736 ) 
4 2196 2216 (-360.109375 -16 -728 ) (-360.109375 -16 -704 ) (0 -376.109375 -704 ) (0 -376.109375 -728 ) 
4 2196 2205 (-360.109375 -16 -704 ) (-360.109375 -16 -656 ) (0 -376.109375 -656 ) (0 -376.109375 -704 ) 
4 2196 2201 (-752 -71.437500 -768 ) (-608.419678 -215.017792 -768 ) (-608.421631 -215.019745 -656 ) (-752 -71.441406 -656 ) 
4 2196 2200 (-607.437256 -216 -768 ) (-562.182251 -261.255219 -768 ) (-562.184143 -261.257202 -656 ) (-607.439148 -216.002197 -656 ) 
4 2196 2199 (-608.419678 -215.017792 -768 ) (-607.437256 -216 -768 ) (-607.439148 -216.002197 -656 ) (-608.421631 -215.019745 -656 ) 
4 2196 2198 (-562.182251 -261.255219 -768 ) (-423.437500 -400 -768 ) (-423.441406 -400 -656 ) (-562.184143 -261.257202 -656 ) 
4 2197 2296 (-442.179047 -400 -768 ) (-440.561981 -400 -768 ) (-440.561981 -400 -760 ) (-442.179047 -400 -760 ) 
4 2197 2251 (-440.561981 -400 -760 ) (-440.561981 -400 -720 ) (-442.179047 -400 -720 ) (-442.179047 -400 -760 ) 
4 2197 2250 (-440.561981 -400 -720 ) (-440.561951 -400 -656 ) (-442.179016 -400 -656 ) (-442.179047 -400 -720 ) 
4 2197 2203 (-616.980530 -223.581543 -768 ) (-617.789185 -224.390182 -768 ) (-617.789185 -224.390182 -656 ) (-616.980530 -223.581543 -656 ) 
4 2197 2200 (-570.745239 -269.817261 -768 ) (-616 -224.562256 -768 ) (-616 -224.562271 -656 ) (-570.745239 -269.817261 -656 ) 
4 2197 2199 (-616 -224.562256 -768 ) (-616.984375 -223.578125 -768 ) (-616.984375 -223.578125 -656 ) (-616 -224.562271 -656 ) 
4 2197 2198 (-440.562500 -400 -768 ) (-570.745239 -269.817261 -768 ) (-570.745239 -269.817261 -656 ) (-440.562439 -400 -656 ) 
4 2198 2296 (-440.561981 -400 -768 ) (-424 -400 -768 ) (-424 -400 -760 ) (-440.561981 -400 -760 ) 
4 2198 2293 (-424 -400 -768 ) (-423.436920 -400 -768 ) (-423.436920 -400 -760 ) (-424 -400 -760 ) 
4 2198 2251 (-423.436920 -400 -760 ) (-423.436951 -400 -720 ) (-440.561981 -400 -720 ) (-440.561981 -400 -760 ) 
4 2198 2250 (-423.436951 -400 -720 ) (-423.436981 -400 -656 ) (-440.561951 -400 -656 ) (-440.561981 -400 -720 ) 
4 2198 2200 (-562.182251 -261.255005 -656 ) (-562.182251 -261.255005 -768 ) (-570.744141 -269.816406 -768 ) (-570.744141 -269.816406 -656 ) 
4 2199 2203 (-609.226257 -215.827774 -768 ) (-616.980530 -223.581543 -768 ) (-616.980530 -223.581543 -656 ) (-609.226257 -215.827774 -656 ) 
4 2199 2201 (-608.417969 -215.019531 -656 ) (-608.417969 -215.019531 -768 ) (-609.226257 -215.827774 -768 ) (-609.226257 -215.827774 -656 ) 
4 2199 2200 (-616 -224.562500 -656 ) (-616 -224.562500 -768 ) (-607.437134 -216 -768 ) (-607.437134 -216 -656 ) 
4 2201 2203 (-654.482666 -170.570679 -768 ) (-609.224609 -215.828125 -768 ) (-609.224609 -215.828125 -656 ) (-654.482300 -170.570343 -656 ) 
4 2201 2202 (-752 -73.054688 -768 ) (-654.482666 -170.570679 -768 ) (-654.482300 -170.570343 -656 ) (-752 -73.052536 -656 ) 
4 2202 2203 (-663.046021 -179.133362 -656 ) (-663.046021 -179.133362 -768 ) (-654.482422 -170.572281 -768 ) (-654.482422 -170.572281 -656 ) 
4 2204 2207 (-201.743408 -16 -704 ) (-76.401192 -141.342468 -704 ) (-76.401863 -141.343155 -592 ) (-201.744476 -16 -592 ) 
4 2204 2206 (-31.146286 -186.597473 -704 ) (0 -217.743820 -704 ) (0 -217.745331 -592 ) (-31.147001 -186.598206 -592 ) 
4 2205 2210 (-275.245148 -16 -704 ) (-225 -16 -704 ) (0 -241 -704 ) (0 -291.245850 -704 ) 
4 2205 2216 (0 -376.105469 -704 ) (-360.105469 -16 -704 ) (-275.245148 -16 -704 ) (0 -291.245850 -704 ) 
4 2205 2209 (-280.316986 -16 -599.998535 ) (-360.105469 -16 -633.850891 ) (0 -376.105469 -633.850891 ) (0 -296.317017 -599.998535 ) 
4 2205 2207 (-84.963486 -149.903687 -704 ) (-218.867188 -16 -704 ) (-218.868225 -16 -592 ) (-84.964142 -149.904343 -592 ) 
4 2205 2206 (0 -234.867188 -704 ) (-39.708549 -195.158630 -704 ) (-39.709244 -195.159332 -592 ) (0 -234.868652 -592 ) 
4 2208 2209 (0 -376.109375 -629.854126 ) (-360.109375 -16 -629.854858 ) (-280.316986 -16 -596.001587 ) (0 -296.316986 -596 ) 
4 2210 2212 (-258.296875 -16 -705 ) (-241.312378 -16 -705 ) (0 -257.312439 -705 ) (0 -274.296875 -705 ) 
4 2210 2214 (0 -291.246094 -705 ) (-275.246094 -16 -705 ) (-258.296875 -16 -705 ) (0 -274.296875 -705 ) 
4 2210 2216 (0 -291.245544 -705 ) (0 -291.245605 -704 ) (-275.244324 -16 -704 ) (-275.244293 -16 -705 ) 
4 2211 2215 (-241.312378 -16 -720 ) (-225 -16 -720 ) (0 -241 -720 ) (0 -257.312439 -720 ) 
4 2211 2213 (-241.312653 -16 -720 ) (0 -257.312744 -720 ) (0 -257.312622 -712 ) (-241.312576 -16 -712 ) 
4 2212 2214 (0 -274.296906 -712 ) (0 -274.296875 -705 ) (-258.296875 -16 -705 ) (-258.296875 -16 -712 ) 
4 2213 2215 (-258.296875 -16 -720 ) (-241.312378 -16 -720 ) (0 -257.312439 -720 ) (0 -274.296875 -720 ) 
4 2214 2216 (0 -291.244659 -720 ) (0 -291.245544 -705 ) (-275.244293 -16 -705 ) (-275.243744 -16 -720 ) 
3 2215 2217 (-275.245148 -16 -728 ) (0 -16 -728 ) (0 -291.245850 -728 ) 
4 2216 2218 (0 -376.105469 -728 ) (-360.105469 -16 -728 ) (-292.218750 -16 -728 ) (0 -308.218750 -728 ) 
3 2217 2219 (-292.225891 -16 -736 ) (0 -16 -736 ) (0 -308.226715 -736 ) 
4 2218 2220 (0 -376.105469 -736 ) (-360.105469 -16 -736 ) (-309.195007 -16 -736 ) (0 -325.195007 -736 ) 
3 2219 2221 (-309.195007 -16 -744 ) (0 -16 -744 ) (0 -325.195007 -744 ) 
4 2220 2222 (-343.140594 -16 -744 ) (-326.175720 -16 -744 ) (0 -342.175751 -744 ) (0 -359.140625 -744 ) 
4 2220 2224 (0 -376.105469 -744 ) (-360.105469 -16 -744 ) (-343.140594 -16 -744 ) (0 -359.140625 -744 ) 
3 2221 2223 (-326.173859 -16 -752 ) (0 -16 -752 ) (0 -342.173859 -752 ) 
4 2222 2224 (0 -359.140717 -752 ) (0 -359.140625 -744 ) (-343.140625 -16 -744 ) (-343.140686 -16 -752 ) 
3 2223 2225 (-343.140594 -16 -760 ) (0 -16 -760 ) (0 -359.140625 -760 ) 
4 2226 2311 (0 -16 -1568 ) (0 -400 -1568 ) (-752 -400 -1568 ) (-752 -16 -1568 ) 
4 2226 2306 (-752 -400 -784 ) (-752 -400 -1568 ) (0 -400 -1568 ) (0 -400 -784 ) 
4 2226 2248 (-752 -256 -960 ) (-752 -400 -960 ) (-752 -400 -784 ) (-752 -256 -784 ) 
4 2226 2247 (-752 -16 -784 ) (-752 -16 -960 ) (-752 -256 -960 ) (-752 -256 -784 ) 
4 2226 2249 (-752 -16 -960 ) (-752 -16 -1568 ) (-752 -400 -1568 ) (-752 -400 -960 ) 
4 2227 2229 (-752 -96 -512 ) (-752 -96 -96 ) (-768 -96 -144 ) (-768 -96 -512 ) 
4 2227 2228 (-768 -16 -144.003906 ) (-768 -16 -512 ) (-768 -96 -512 ) (-768 -96 -144 ) 
4 2228 2246 (-975.996094 -16 -768 ) (-960 -16 -768 ) (-960 -96 -768 ) (-975.996887 -96 -768 ) 
3 2228 2229 (-768 -96 -512 ) (-768 -96 -144 ) (-890.664307 -96 -512 ) 
3 2229 2231 (-752 -112 -512 ) (-752 -112 -96 ) (-890.664307 -112 -512 ) 
4 2230 2246 (-960 -256 -768 ) (-975.998596 -256 -768 ) (-975.997070 -112 -768 ) (-960 -112 -768 ) 
5 2231 2242 (-848 -256 -384.004852 ) (-908 -256 -564.008118 ) (-908 -256 -712 ) (-884 -256 -728 ) (-848 -256 -728 ) 
4 2231 2241 (-752 -256 -728 ) (-752 -256 -96 ) (-848 -256 -384.004852 ) (-848 -256 -728 ) 
4 2231 2234 (-752 -256 -728 ) (-896 -256 -728 ) (-896 -112 -728 ) (-752 -112 -728 ) 
4 2231 2232 (-908 -112 -564.003906 ) (-908 -112 -720 ) (-908 -256 -720 ) (-908 -256 -564 ) 
4 2232 2242 (-908 -256 -564.008118 ) (-920 -256 -600.008789 ) (-920 -256 -704 ) (-908 -256 -712 ) 
4 2232 2233 (-920 -112 -600.003906 ) (-920 -112 -712 ) (-920 -256 -712 ) (-920 -256 -600 ) 
4 2233 2242 (-920 -256 -600.008789 ) (-932 -256 -636.009460 ) (-932 -256 -696 ) (-920 -256 -704 ) 
4 2233 2235 (-932 -112 -636.003906 ) (-932 -112 -704 ) (-932 -256 -704 ) (-932 -256 -636 ) 
4 2234 2242 (-848 -256 -728 ) (-884 -256 -728 ) (-872 -256 -736 ) (-848 -256 -736 ) 
4 2234 2241 (-752 -256 -736 ) (-752 -256 -728 ) (-848 -256 -728 ) (-848 -256 -736 ) 
4 2234 2240 (-872 -256 -736 ) (-884 -256 -736 ) (-884 -112 -736 ) (-872 -112 -736 ) 
4 2234 2238 (-860 -256 -736 ) (-872 -256 -736 ) (-872 -112 -736 ) (-860 -112 -736 ) 
4 2234 2237 (-752 -256 -736 ) (-860 -256 -736 ) (-860 -112 -736 ) (-752 -112 -736 ) 
4 2235 2242 (-932 -256 -636.009460 ) (-944 -256 -672.010071 ) (-944 -256 -688 ) (-932 -256 -696 ) 
4 2235 2236 (-944 -112 -672.003906 ) (-944 -112 -696 ) (-944 -256 -696 ) (-944 -256 -672 ) 
3 2236 2242 (-944 -256 -672.010071 ) (-948.360840 -256 -685.092773 ) (-944 -256 -688 ) 
4 2237 2242 (-848 -256 -736 ) (-860 -256 -736 ) (-860 -256 -744 ) (-848 -256 -752 ) 
4 2237 2241 (-752 -256 -760 ) (-752 -256 -736 ) (-848 -256 -736 ) (-848 -256 -760 ) 
4 2237 2239 (-752 -256 -760 ) (-848 -256 -760 ) (-848 -112 -760 ) (-752 -112 -760 ) 
4 2237 2238 (-860 -256 -752 ) (-860 -256 -736 ) (-860 -112 -736 ) (-860 -112 -752 ) 
3 2238 2242 (-860 -256 -736 ) (-872 -256 -736 ) (-860 -256 -744 ) 
4 2238 2240 (-872 -256 -744 ) (-872 -256 -736 ) (-872 -112 -736 ) (-872 -112 -744 ) 
4 2239 2241 (-848 -256 -768 ) (-752 -256 -768 ) (-752 -256 -760 ) (-848 -256 -760 ) 
4 2241 2244 (-800 -272 -720 ) (-800 -272 -240.002228 ) (-848 -272 -384.004822 ) (-848 -272 -720 ) 
4 2241 2243 (-800 -272 -768 ) (-752 -272 -768 ) (-752 -272 -96 ) (-800 -272 -240.002228 ) 
4 2241 2242 (-848 -256 -384.003906 ) (-848 -256 -752 ) (-848 -272 -752 ) (-848 -272 -384 ) 
5 2242 2244 (-848 -272 -720 ) (-848 -272 -384.004822 ) (-944 -272 -672.010010 ) (-944 -272 -688 ) (-896 -272 -720 ) 
3 2242 2245 (-944 -272 -672.010010 ) (-948.360840 -272 -685.092773 ) (-944 -272 -688 ) 
4 2243 2296 (-800 -400 -760 ) (-800 -400 -768 ) (-752 -400 -768 ) (-752 -400 -760 ) 
4 2243 2251 (-800 -400 -720 ) (-800 -400 -760 ) (-752 -400 -760 ) (-752 -400 -720 ) 
4 2243 2250 (-752 -400 -95.995239 ) (-800 -400 -239.995407 ) (-800 -400 -720 ) (-752 -400 -720 ) 
4 2243 2244 (-800 -272 -240.003906 ) (-800 -272 -720 ) (-800 -400 -720 ) (-800 -400 -240 ) 
4 2244 2250 (-800 -400 -239.995407 ) (-944 -400 -671.995911 ) (-944 -400 -720 ) (-800 -400 -720 ) 
4 2244 2245 (-944 -272 -672.003906 ) (-944 -272 -720 ) (-944 -400 -720 ) (-944 -400 -672 ) 
4 2245 2297 (-973.334656 -400 -760 ) (-976.001343 -400 -768 ) (-944 -400 -768 ) (-944 -400 -760 ) 
4 2245 2252 (-960.001343 -400 -720 ) (-973.334656 -400 -760 ) (-944 -400 -760 ) (-944 -400 -720 ) 
3 2245 2250 (-944 -400 -671.995911 ) (-960.001343 -400 -720 ) (-944 -400 -720 ) 
4 2246 2247 (-981.335938 -16 -784 ) (-960 -16 -784 ) (-960 -256 -784 ) (-981.334351 -256 -784 ) 
4 2247 2499 (-1024 -256 -912 ) (-1024 -112 -912 ) (-1024 -112 -960 ) (-1024 -256 -960 ) 
4 2247 2495 (-1024 -112 -912 ) (-1024 -96 -912 ) (-1024 -96 -960 ) (-1024 -112 -960 ) 
4 2247 2494 (-1024 -96 -912 ) (-1024 -16 -912 ) (-1024 -16 -960 ) (-1024 -96 -960 ) 
4 2247 2248 (-960 -256 -960 ) (-752 -256 -960 ) (-752 -256 -784 ) (-960 -256 -784 ) 
4 2247 2249 (-1024 -16 -960 ) (-752 -16 -960 ) (-752 -256 -960 ) (-1024 -256 -960 ) 
4 2248 2306 (-960 -400 -960 ) (-752 -400 -960 ) (-752 -400 -784 ) (-960 -400 -784 ) 
4 2248 2249 (-752 -256 -960 ) (-752 -400 -960 ) (-960 -400 -960 ) (-960 -256 -960 ) 
4 2249 2540 (-1024 -256 -1568 ) (-1024 -400 -1568 ) (-1024 -400 -960 ) (-1024 -256 -960 ) 
4 2249 2499 (-1024 -112 -1568 ) (-1024 -256 -1568 ) (-1024 -256 -960 ) (-1024 -112 -960 ) 
4 2249 2495 (-1024 -96 -1568 ) (-1024 -112 -1568 ) (-1024 -112 -960 ) (-1024 -96 -960 ) 
4 2249 2494 (-1024 -16 -960 ) (-1024 -16 -1568 ) (-1024 -96 -1568 ) (-1024 -96 -960 ) 
4 2249 2311 (-752 -400 -1568 ) (-1024 -400 -1568 ) (-1024 -16 -1568 ) (-752 -16 -1568 ) 
4 2249 2307 (-1024 -400 -960 ) (-1024 -400 -1568 ) (-960 -400 -1568 ) (-960 -400 -960 ) 
4 2249 2306 (-960 -400 -1568 ) (-752 -400 -1568 ) (-752 -400 -960 ) (-960 -400 -960 ) 
4 2250 2255 (-350.727844 -640 1107.810059 ) (-959.998657 -640 -720 ) (0 -640 -720 ) (0 -640 1107.810059 ) 
4 2250 2253 (0 -640 -720 ) (-704 -640 -720 ) (-704 -592 -720 ) (0 -592 -720 ) 
4 2250 2254 (-944 -640 -720 ) (-959.996094 -640 -720 ) (-959.996887 -592 -720 ) (-944 -592 -720 ) 
4 2250 2251 (-896 -400 -720 ) (0 -400 -720 ) (0 -592 -720 ) (-896 -592 -720 ) 
4 2250 2252 (-959.996887 -592 -720 ) (-960 -400 -720 ) (-944 -400 -720 ) (-944 -592 -720 ) 
4 2251 2296 (-896 -400 -760 ) (-424 -400 -760 ) (-424 -592 -760 ) (-896 -592 -760 ) 
4 2251 2293 (-424 -400 -760 ) (0 -400 -760 ) (0 -592 -760 ) (-424 -592 -760 ) 
4 2251 2253 (-704 -592 -760 ) (0 -592 -760 ) (0 -592 -720 ) (-704 -592 -720 ) 
4 2252 2297 (-973.332031 -592 -760 ) (-973.332031 -400 -760 ) (-944 -400 -760 ) (-944 -592 -760 ) 
4 2252 2254 (-973.332031 -592 -760 ) (-944 -592 -760 ) (-944 -592 -720 ) (-959.996094 -592 -720 ) 
4 2253 2301 (-424 -628 -760 ) (-424 -640 -760 ) (-436 -640 -760 ) (-436 -628 -760 ) 
4 2253 2299 (-436 -640 -760 ) (-529.093018 -640 -760 ) (-541.091980 -628 -760 ) (-436 -628 -760 ) 
4 2253 2302 (-700 -640 -760 ) (-704 -640 -760 ) (-704 -628 -760 ) (-700 -628 -760 ) 
4 2253 2298 (-704 -592 -760 ) (-424 -592 -760 ) (-424 -628 -760 ) (-704 -628 -760 ) 
4 2253 2293 (-424 -592 -760 ) (0 -592 -760 ) (0 -640 -760 ) (-424 -640 -760 ) 
4 2253 2289 (-546.064087 -640 -760 ) (-436 -640 -760 ) (-436 -640 -752 ) (-546.064026 -640 -752 ) 
4 2253 2292 (-704 -640 -760 ) (-700 -640 -760 ) (-700 -640 -752 ) (-704 -640 -752 ) 
4 2253 2288 (-436 -640 -760 ) (-424 -640 -760 ) (-424 -640 -752 ) (-436 -640 -752 ) 
4 2253 2282 (-448 -640 -744 ) (-704 -640 -744 ) (-704 -640 -752 ) (-448 -640 -752 ) 
4 2253 2281 (-424 -640 -752 ) (-424 -640 -744 ) (-448 -640 -744 ) (-448 -640 -752 ) 
4 2253 2271 (-424 -640 -760 ) (0 -640 -760 ) (0 -640 -744 ) (-424 -640 -744 ) 
4 2253 2261 (0 -640 -744 ) (0 -640 -736 ) (-704 -640 -736 ) (-704 -640 -744 ) 
4 2253 2258 (-122.598190 -640 -733.896973 ) (-201.789642 -640 -733.896973 ) (-201.789642 -640 -736 ) (-122.598183 -640 -736 ) 
4 2253 2257 (0 -640 -736 ) (0 -640 -733.896973 ) (-122.598190 -640 -733.896973 ) (-122.598183 -640 -736 ) 
4 2253 2256 (-201.789642 -640 -733.896973 ) (-704 -640 -733.896973 ) (-704 -640 -736 ) (-201.789642 -640 -736 ) 
4 2253 2255 (0 -640 -733.896973 ) (0 -640 -720 ) (-704 -640 -720 ) (-704 -640 -733.896973 ) 
4 2254 2305 (-973.332031 -640 -760 ) (-973.332031 -592 -760 ) (-944 -592 -760 ) (-944 -640 -760 ) 
4 2254 2292 (-970.665344 -640 -752 ) (-973.332031 -640 -760 ) (-944 -640 -760 ) (-944 -640 -752 ) 
4 2254 2282 (-967.998657 -640 -744 ) (-970.665344 -640 -752 ) (-944 -640 -752 ) (-944 -640 -744 ) 
4 2254 2270 (-965.331970 -640 -736 ) (-967.998657 -640 -744 ) (-944 -640 -744 ) (-944 -640 -736 ) 
4 2254 2256 (-964.630981 -640 -733.896973 ) (-965.331970 -640 -736 ) (-944 -640 -736 ) (-944 -640 -733.896973 ) 
4 2254 2255 (-959.998657 -640 -720 ) (-964.630981 -640 -733.896973 ) (-944 -640 -733.896973 ) (-944 -640 -720 ) 
4 2255 2338 (-184.108002 -1024 -720 ) (-960 -1024 -720 ) (-964.632080 -1024 -733.896973 ) (-184.108002 -1024 -733.896973 ) 
4 2255 2328 (0 -1024 -733.896973 ) (0 -1024 -720 ) (-184.108002 -1024 -720 ) (-184.108002 -1024 -733.896973 ) 
4 2255 2327 (0 -1024 -720 ) (0 -1024 1107.810059 ) (-350.730072 -1024 1107.810059 ) (-960 -1024 -720 ) 
3 2255 2259 (-543.164978 -1024 -733.896973 ) (-585.804871 -1024 -733.896973 ) (-564.483948 -1002.679932 -733.896973 ) 
4 2255 2258 (-462.661041 -900.861084 -733.896973 ) (-201.789612 -640 -733.896973 ) (-122.598198 -640 -733.896973 ) (-423.062988 -940.458984 -733.896973 ) 
4 2255 2257 (0 -1024 -733.896973 ) (-506.605621 -1024 -733.896973 ) (-122.598198 -640 -733.896973 ) (0 -640 -733.896973 ) 
4 2255 2256 (-585.804871 -1024 -733.896973 ) (-964.628906 -1024 -733.896973 ) (-964.628906 -640 -733.896973 ) (-201.789612 -640 -733.896973 ) 
4 2256 2340 (-585.804810 -1024 -733.896973 ) (-964.632080 -1024 -733.896973 ) (-965.333130 -1024 -736 ) (-585.804810 -1024 -736 ) 
4 2256 2259 (-585.802856 -1024 -735.896973 ) (-564.483032 -1002.680908 -735.896973 ) (-564.483643 -1002.680176 -733.896973 ) (-585.804321 -1024 -733.896973 ) 
4 2256 2258 (-462.660217 -900.861816 -735.896973 ) (-201.789062 -640 -735.896973 ) (-201.789062 -640 -733.896973 ) (-462.660736 -900.861328 -733.896973 ) 
4 2256 2260 (-965.296875 -1024 -735.896973 ) (-965.296875 -640 -735.896973 ) (-201.789612 -640 -735.896973 ) (-585.804810 -1024 -735.896973 ) 
4 2257 2339 (-184.108002 -1024 -733.896973 ) (-506.605591 -1024 -733.896973 ) (-506.605591 -1024 -736 ) (-184.108002 -1024 -736 ) 
4 2257 2328 (0 -1024 -736 ) (0 -1024 -733.896973 ) (-184.108002 -1024 -733.896973 ) (-184.108002 -1024 -736 ) 
4 2257 2258 (-122.597656 -640 -735.896973 ) (-423.062714 -940.459290 -735.896973 ) (-423.062592 -940.459351 -733.896973 ) (-122.597656 -640 -733.896973 ) 
4 2257 2260 (-122.598198 -640 -735.896973 ) (0 -640 -735.896973 ) (0 -1024 -735.896973 ) (-506.605591 -1024 -735.896973 ) 
4 2258 2260 (-201.789612 -640 -735.896973 ) (-122.598198 -640 -735.896973 ) (-423.063019 -940.459045 -735.896973 ) (-462.661011 -900.861084 -735.896973 ) 
4 2259 2340 (-543.165039 -1024 -733.896973 ) (-585.804810 -1024 -733.896973 ) (-585.804810 -1024 -736 ) (-543.165039 -1024 -736 ) 
3 2259 2260 (-543.165039 -1024 -735.896973 ) (-585.804810 -1024 -735.896973 ) (-564.483948 -1002.679993 -735.896973 ) 
4 2260 2269 (0 -939.968018 -736 ) (0 -1024 -736 ) (-196.069031 -1024 -736 ) (-280.108002 -939.968018 -736 ) 
4 2260 2268 (0 -664 -736 ) (0 -939.968018 -736 ) (-424.107971 -939.968018 -736 ) (-148.116882 -664 -736 ) 
3 2260 2266 (-796 -760 -736 ) (-796 -664 -736 ) (-700 -664 -736 ) 
3 2260 2265 (-556 -664 -736 ) (-460 -664 -736 ) (-460 -760 -736 ) 
3 2260 2264 (-796 -1000 -736 ) (-796 -904 -736 ) (-700 -1000 -736 ) 
4 2260 2263 (-460 -904 -736 ) (-460 -975.857056 -736 ) (-484.144989 -1000 -736 ) (-556 -1000 -736 ) 
4 2260 2267 (-508.147003 -1024 -736 ) (-796 -1024 -736 ) (-796 -1000 -736 ) (-484.144989 -1000 -736 ) 
3 2260 2262 (-460 -664 -736 ) (-148.116882 -664 -736 ) (-460 -975.857056 -736 ) 
4 2260 2261 (-796 -640 -736 ) (0 -640 -736 ) (0 -664 -736 ) (-796 -664 -736 ) 
4 2260 2270 (-965.331970 -1024 -736 ) (-965.332031 -640 -736 ) (-796 -640 -736 ) (-796 -1024 -736 ) 
4 2261 2285 (-460 -652 -744 ) (-448 -652 -744 ) (-448 -664 -744 ) (-460 -664 -744 ) 
4 2261 2283 (-551.032043 -652 -744 ) (-460 -652 -744 ) (-460 -664 -744 ) (-539.032593 -664 -744 ) 
4 2261 2286 (-796 -664 -744 ) (-796 -652 -744 ) (-700 -652 -744 ) (-700 -664 -744 ) 
4 2261 2282 (-796 -652 -744 ) (-796 -640 -744 ) (-448 -640 -744 ) (-448 -652 -744 ) 
4 2261 2281 (-448 -640 -744 ) (-424 -640 -744 ) (-424 -664 -744 ) (-448 -664 -744 ) 
4 2261 2271 (-424 -640 -744 ) (0 -640 -744 ) (0 -664 -744 ) (-424 -664 -744 ) 
4 2261 2268 (-148.116882 -664 -744 ) (0 -664 -744 ) (0 -664 -736 ) (-148.116882 -664 -736 ) 
4 2261 2266 (-796 -664 -736 ) (-796 -664 -744 ) (-700 -664 -744 ) (-700 -664 -736 ) 
4 2261 2265 (-556 -664 -744 ) (-460 -664 -744 ) (-460 -664 -736 ) (-556 -664 -736 ) 
4 2261 2262 (-460 -664 -744 ) (-148.116882 -664 -744 ) (-148.116882 -664 -736 ) (-460 -664 -736 ) 
4 2261 2270 (-796 -640 -744 ) (-796 -664 -744 ) (-796 -664 -736 ) (-796 -640 -736 ) 
4 2262 2285 (-460 -664 -744 ) (-448 -664 -744 ) (-448 -755.036987 -744 ) (-460 -743.036438 -744 ) 
4 2262 2287 (-448 -904 -744 ) (-448 -963.858093 -744 ) (-460 -975.857056 -744 ) (-460 -904 -744 ) 
4 2262 2281 (-448 -664 -744 ) (-424 -664 -744 ) (-424 -939.860107 -744 ) (-448 -963.858093 -744 ) 
4 2262 2272 (-400.137909 -916 -744 ) (-412.138916 -928 -744 ) (-424 -928 -744 ) (-424 -916 -744 ) 
4 2262 2271 (-424 -664 -744 ) (-148.116882 -664 -744 ) (-400.137909 -916 -744 ) (-424 -916 -744 ) 
4 2262 2268 (-424.108368 -939.968018 -744 ) (-148.117188 -664 -744 ) (-148.117188 -664 -736 ) (-424.108368 -939.968018 -736 ) 
4 2262 2265 (-460 -664 -736 ) (-460 -664 -744 ) (-460 -760 -744 ) (-460 -760 -736 ) 
4 2262 2263 (-460 -904 -744 ) (-460 -975.851501 -744 ) (-460 -975.851501 -736 ) (-460 -904 -736 ) 
4 2263 2287 (-460 -904 -744 ) (-460 -975.857056 -744 ) (-484.144989 -1000 -744 ) (-556 -1000 -744 ) 
4 2263 2267 (-556 -1000 -744 ) (-484.144775 -1000 -744 ) (-484.144775 -1000 -736 ) (-556 -1000 -736 ) 
3 2264 2287 (-796 -1000 -744 ) (-796 -904 -744 ) (-700 -1000 -744 ) 
4 2264 2270 (-796 -904 -744 ) (-796 -1000 -744 ) (-796 -1000 -736 ) (-796 -904 -736 ) 
4 2264 2267 (-796 -1000 -736 ) (-796 -1000 -744 ) (-700 -1000 -744 ) (-700 -1000 -736 ) 
3 2265 2283 (-539.032532 -664 -744 ) (-460 -664 -744 ) (-460 -743.036377 -744 ) 
3 2266 2286 (-796 -760 -744 ) (-796 -664 -744 ) (-700 -664 -744 ) 
4 2266 2270 (-796 -664 -744 ) (-796 -760 -744 ) (-796 -760 -736 ) (-796 -664 -736 ) 
4 2267 2345 (-508.147003 -1024 -736 ) (-520.108032 -1024 -736 ) (-520.108032 -1024 -744 ) (-508.147034 -1024 -744 ) 
4 2267 2346 (-520.108032 -1024 -736 ) (-796 -1024 -736 ) (-796 -1024 -744 ) (-520.108032 -1024 -744 ) 
4 2267 2287 (-508.147003 -1024 -744 ) (-796 -1024 -744 ) (-796 -1000 -744 ) (-484.144989 -1000 -744 ) 
4 2267 2270 (-796 -1000 -744 ) (-796 -1024 -744 ) (-796 -1024 -736 ) (-796 -1000 -736 ) 
4 2268 2279 (-275.156219 -928 -744 ) (-258.191467 -928 -744 ) (-246.223373 -939.968018 -744 ) (-263.187775 -939.968018 -744 ) 
4 2268 2280 (-258.191467 -928 -744 ) (0 -928 -744 ) (0 -939.968018 -744 ) (-246.223373 -939.968018 -744 ) 
4 2268 2272 (-412.138947 -928 -744 ) (-400.137939 -916 -744 ) (0 -916 -744 ) (0 -928 -744 ) 
4 2268 2271 (-400.137939 -916 -744 ) (-148.116882 -664 -744 ) (0 -664 -744 ) (0 -916 -744 ) 
4 2268 2269 (-280.108002 -939.968018 -744 ) (0 -939.968018 -744 ) (0 -939.968018 -736 ) (-280.108002 -939.968018 -736 ) 
4 2269 2344 (-184.108002 -1024 -736 ) (-196.069031 -1024 -736 ) (-196.069031 -1024 -744 ) (-184.108002 -1024 -744 ) 
4 2269 2328 (0 -1024 -744 ) (0 -1024 -736 ) (-184.108002 -1024 -736 ) (-184.108002 -1024 -744 ) 
4 2269 2277 (-162.191437 -1024 -744 ) (-179.152725 -1024 -744 ) (-263.187714 -939.968018 -744 ) (-246.223328 -939.968018 -744 ) 
4 2269 2280 (0 -1024 -744 ) (-162.191437 -1024 -744 ) (-246.223328 -939.968018 -744 ) (0 -939.968018 -744 ) 
4 2270 2346 (-796 -1024 -736 ) (-965.333130 -1024 -736 ) (-968 -1024 -744 ) (-796 -1024 -744 ) 
4 2270 2286 (-968 -904 -744 ) (-968 -652 -744 ) (-796 -652 -744 ) (-796 -904 -744 ) 
4 2270 2287 (-796 -1024 -744 ) (-968 -1024 -744 ) (-968 -904 -744 ) (-796 -904 -744 ) 
4 2270 2282 (-968 -652 -744 ) (-968 -640 -744 ) (-796 -640 -744 ) (-796 -652 -744 ) 
4 2271 2294 (-265.208038 -904 -760 ) (0 -904 -760 ) (0 -916 -760 ) (-253.208466 -916 -760 ) 
4 2271 2293 (-424 -904 -760 ) (-424 -640 -760 ) (0 -640 -760 ) (0 -904 -760 ) 
4 2271 2288 (-424 -640 -752 ) (-424 -640 -760 ) (-424 -916 -760 ) (-424 -916 -752 ) 
4 2271 2281 (-424 -916 -744 ) (-424 -640 -744 ) (-424 -640 -752 ) (-424 -916 -752 ) 
4 2271 2275 (-270.191467 -916 -760 ) (0 -916 -760 ) (0 -916 -752 ) (-270.191467 -916 -752 ) 
4 2271 2272 (-424 -916 -744 ) (-424 -916 -752 ) (0 -916 -752 ) (0 -916 -744 ) 
4 2272 2281 (-424 -928 -744 ) (-424 -916 -744 ) (-424 -916 -752 ) (-424 -928 -752 ) 
4 2272 2279 (-275.156189 -928 -752 ) (-258.191467 -928 -752 ) (-258.191467 -928 -744 ) (-275.156219 -928 -744 ) 
4 2272 2280 (-258.191467 -928 -752 ) (0 -928 -752 ) (0 -928 -744 ) (-258.191467 -928 -744 ) 
4 2272 2275 (0 -928 -752 ) (-258.191467 -928 -752 ) (-270.191467 -916 -752 ) (0 -916 -752 ) 
4 2273 2295 (-424 -928 -760 ) (-424 -916 -760 ) (-270.191467 -916 -760 ) (-258.191467 -928 -760 ) 
3 2273 2288 (-424 -916 -760 ) (-424 -928 -760 ) (-424 -928 -752 ) 
5 2273 2278 (-424 -928 -752 ) (-424 -928 -760 ) (-258.191467 -928 -760 ) (-258.191467 -928 -759.997070 ) (-275.154724 -928 -752 ) 
4 2274 2294 (-253.208389 -916 -760 ) (0 -916 -760 ) (0 -928 -760 ) (-241.208725 -928 -760 ) 
4 2274 2280 (-258.191467 -928 -760 ) (0 -928 -760 ) (0 -928 -752 ) (-258.191467 -928 -752 ) 
4 2274 2275 (0 -916 -760 ) (-270.191467 -916 -760 ) (-258.191467 -928 -752 ) (0 -928 -752 ) 
5 2276 2347 (-196.121857 -1024 -744 ) (-424 -1024 -744 ) (-424 -1024 -752 ) (-184.108002 -1024 -752 ) (-184.108002 -1024 -749.663879 ) 
3 2276 2329 (-184.108002 -1024 -752 ) (-179.152695 -1024 -752 ) (-184.108002 -1024 -749.663879 ) 
4 2276 2281 (-424 -1024 -744 ) (-424 -940 -744 ) (-424 -928 -752 ) (-424 -1024 -752 ) 
4 2276 2278 (-424 -1024 -752 ) (-424 -928 -752 ) (-275.156219 -928 -752 ) (-179.152695 -1024 -752 ) 
4 2277 2330 (-162.191437 -1024 -744 ) (-179.152725 -1024 -744 ) (-179.152695 -1024 -752 ) (-162.191422 -1024 -752 ) 
4 2277 2279 (-246.191406 -940 -744 ) (-258.191406 -928 -752 ) (-275.156250 -928 -752 ) (-263.155701 -940 -744 ) 
4 2277 2280 (-258.185577 -928 -752 ) (-246.185410 -940 -744 ) (-162.185577 -1024 -744 ) (-162.186539 -1024 -752 ) 
4 2278 2347 (-424 -1024 -752 ) (-424 -1024 -760 ) (-184.108002 -1024 -760 ) (-184.108002 -1024 -752 ) 
5 2278 2331 (-184.108002 -1024 -760 ) (-162.191406 -1024 -760 ) (-162.191406 -1024 -759.995605 ) (-179.151566 -1024 -752 ) (-184.108002 -1024 -752 ) 
4 2278 2295 (-162.191437 -1024 -760 ) (-424 -1024 -760 ) (-424 -928 -760 ) (-258.191467 -928 -760 ) 
4 2278 2288 (-424 -928 -752 ) (-424 -928 -760 ) (-424 -1024 -760 ) (-424 -1024 -752 ) 
3 2279 2280 (-258.185577 -928 -752 ) (-258.185577 -928 -744 ) (-246.185410 -940 -744 ) 
4 2280 2332 (0 -1024 -760 ) (0 -1024 -744 ) (-162.191437 -1024 -744 ) (-162.191406 -1024 -760 ) 
4 2280 2294 (0 -1024 -760 ) (-145.211639 -1024 -760 ) (-241.208740 -928 -760 ) (0 -928 -760 ) 
4 2281 2347 (-424 -1024 -744 ) (-448 -1024 -744 ) (-448 -1024 -752 ) (-424 -1024 -752 ) 
4 2281 2289 (-448 -640 -752 ) (-436 -640 -752 ) (-436 -750.068970 -752 ) (-448 -738.068420 -752 ) 
4 2281 2291 (-436 -904 -752 ) (-436 -1024 -752 ) (-448 -1024 -752 ) (-448 -904 -752 ) 
4 2281 2288 (-436 -640 -752 ) (-424 -640 -752 ) (-424 -1024 -752 ) (-436 -1024 -752 ) 
4 2281 2285 (-448 -652 -752 ) (-448 -755.037048 -752 ) (-448 -755.036987 -744 ) (-448 -652 -744 ) 
4 2281 2287 (-448 -904 -752 ) (-448 -1024 -752 ) (-448 -1024 -744 ) (-448 -904 -744 ) 
4 2281 2282 (-448 -640 -752 ) (-448 -652 -752 ) (-448 -652 -744 ) (-448 -640 -744 ) 
4 2282 2289 (-546.064026 -640 -752 ) (-448 -640 -752 ) (-448 -652 -752 ) (-534.064575 -652 -752 ) 
4 2282 2292 (-970.667969 -652 -752 ) (-970.667969 -640 -752 ) (-700 -640 -752 ) (-700 -652 -752 ) 
3 2282 2285 (-448 -652 -752 ) (-448 -652 -744 ) (-460 -652 -744 ) 
4 2282 2283 (-551.031982 -652 -752 ) (-448 -652 -752 ) (-460 -652 -744 ) (-551.032043 -652 -744 ) 
4 2282 2286 (-970.664062 -652 -752 ) (-700 -652 -752 ) (-700 -652 -744 ) (-968 -652 -744 ) 
3 2283 2289 (-534.064514 -652 -752 ) (-448 -652 -752 ) (-448 -738.068420 -752 ) 
4 2283 2285 (-448 -652 -751.996094 ) (-459.994141 -652 -744 ) (-459.994080 -743.042358 -744 ) (-448 -755.036987 -751.996033 ) 
5 2284 2290 (-700 -652 -752 ) (-551.031982 -652 -752 ) (-448 -755.037048 -752 ) (-448 -904 -752 ) (-700 -904 -752 ) 
4 2284 2287 (-700 -904 -752 ) (-448 -904 -752 ) (-460 -904 -744 ) (-700 -904 -744 ) 
4 2284 2286 (-700 -652 -752 ) (-700 -904 -752 ) (-700 -904 -744 ) (-700 -664 -744 ) 
4 2286 2292 (-970.667969 -904 -752 ) (-970.667969 -652 -752 ) (-700 -652 -752 ) (-700 -904 -752 ) 
4 2286 2287 (-970.664062 -904 -752 ) (-700 -904 -752 ) (-700 -904 -744 ) (-968 -904 -744 ) 
4 2287 2347 (-448 -1024 -744 ) (-968 -1024 -744 ) (-970.666565 -1024 -752 ) (-448 -1024 -752 ) 
4 2287 2291 (-700 -904 -752 ) (-448 -904 -752 ) (-448 -1024 -752 ) (-700 -1024 -752 ) 
4 2287 2292 (-970.667969 -1024 -752 ) (-970.667969 -904 -752 ) (-700 -904 -752 ) (-700 -1024 -752 ) 
4 2288 2347 (-436 -1024 -760 ) (-424 -1024 -760 ) (-424 -1024 -752 ) (-436 -1024 -752 ) 
4 2288 2301 (-436 -733.100952 -760 ) (-436 -640 -760 ) (-424 -640 -760 ) (-424 -745.102051 -760 ) 
4 2288 2303 (-424 -1024 -760 ) (-436 -1024 -760 ) (-436 -904 -760 ) (-424 -904 -760 ) 
4 2288 2289 (-436 -750.068970 -752 ) (-436 -640 -752 ) (-436 -640 -760 ) (-436 -750.068970 -760 ) 
4 2288 2291 (-436 -1024 -752 ) (-436 -904 -752 ) (-436 -904 -760 ) (-436 -1024 -760 ) 
3 2289 2299 (-529.093018 -640 -760 ) (-436 -640 -760 ) (-436 -733.100952 -760 ) 
5 2290 2300 (-700 -904 -760 ) (-700 -640 -760 ) (-546.064087 -640 -760 ) (-436 -750.068970 -760 ) (-436 -904 -760 ) 
4 2290 2292 (-700 -904 -752 ) (-700 -652 -752 ) (-700 -640 -760 ) (-700 -904 -760 ) 
4 2290 2291 (-700 -904 -752 ) (-700 -904 -760 ) (-436 -904 -760 ) (-448 -904 -752 ) 
4 2291 2347 (-700 -1024 -760 ) (-436 -1024 -760 ) (-436 -1024 -752 ) (-700 -1024 -752 ) 
4 2291 2303 (-436 -1024 -760 ) (-700 -1024 -760 ) (-700 -904 -760 ) (-436 -904 -760 ) 
4 2291 2292 (-700 -1024 -752 ) (-700 -904 -752 ) (-700 -904 -760 ) (-700 -1024 -760 ) 
4 2292 2347 (-970.666565 -1024 -752 ) (-973.333252 -1024 -760 ) (-700 -1024 -760 ) (-700 -1024 -752 ) 
4 2292 2304 (-704 -1024 -760 ) (-944 -1024 -760 ) (-944 -640 -760 ) (-704 -640 -760 ) 
4 2292 2305 (-944 -1024 -760 ) (-973.331970 -1024 -760 ) (-973.332031 -640 -760 ) (-944 -640 -760 ) 
4 2292 2302 (-704 -904 -760 ) (-704 -640 -760 ) (-700 -640 -760 ) (-700 -904 -760 ) 
4 2292 2303 (-700 -1024 -760 ) (-704 -1024 -760 ) (-704 -904 -760 ) (-700 -904 -760 ) 
4 2293 2301 (-424 -628 -768 ) (-424 -745.101990 -768 ) (-424 -745.101990 -760 ) (-424 -628 -760 ) 
4 2293 2298 (-424 -592 -768 ) (-424 -628 -768 ) (-424 -628 -760 ) (-424 -592 -760 ) 
4 2293 2296 (-424 -400 -768 ) (-424 -592 -768 ) (-424 -592 -760 ) (-424 -400 -760 ) 
4 2293 2294 (-265.208038 -904 -768 ) (0 -904 -768 ) (0 -904 -760 ) (-265.208038 -904 -760 ) 
4 2294 2333 (0 -1024 -768 ) (0 -1024 -760 ) (-145.211655 -1024 -760 ) (-145.211639 -1024 -768 ) 
4 2295 2347 (-184.108002 -1024 -760 ) (-424 -1024 -760 ) (-424 -1024 -768 ) (-184.108002 -1024 -768 ) 
4 2295 2334 (-162.190353 -1024 -760 ) (-184.108002 -1024 -760 ) (-184.108002 -1024 -768 ) (-145.211639 -1024 -768 ) 
3 2295 2308 (-340.705780 -1024 -768 ) (-424 -1024 -768 ) (-424 -945.333313 -768 ) 
4 2295 2303 (-424 -904 -768 ) (-424 -1024 -768 ) (-424 -1024 -760 ) (-424 -916 -760 ) 
4 2296 2298 (-704 -592 -768 ) (-424 -592 -768 ) (-424 -592 -760 ) (-704 -592 -760 ) 
4 2297 2305 (-976 -592 -768 ) (-944 -592 -768 ) (-944 -592 -760 ) (-973.333313 -592 -760 ) 
3 2298 2301 (-424 -628 -768 ) (-424 -628 -760 ) (-436 -628 -760 ) 
4 2298 2299 (-541.091919 -628 -768 ) (-424 -628 -768 ) (-436 -628 -760 ) (-541.091980 -628 -760 ) 
4 2298 2302 (-704 -628 -760 ) (-704 -628 -768 ) (-700 -628 -768 ) (-700 -628 -760 ) 
4 2299 2301 (-424 -628 -767.996094 ) (-435.994141 -628 -760 ) (-435.994080 -733.106934 -760 ) (-424 -745.101990 -767.996033 ) 
3 2300 2308 (-467.764679 -904 -768 ) (-544 -904 -768 ) (-544 -832 -768 ) 
4 2300 2310 (-544 -904 -768 ) (-700 -904 -768 ) (-700 -656 -768 ) (-544 -656 -768 ) 
4 2300 2303 (-700 -904 -768 ) (-424 -904 -768 ) (-436 -904 -760 ) (-700 -904 -760 ) 
4 2300 2302 (-700 -628 -768 ) (-700 -904 -768 ) (-700 -904 -760 ) (-700 -640 -760 ) 
4 2302 2310 (-700 -904 -768 ) (-704 -904 -768 ) (-704 -656 -768 ) (-700 -656 -768 ) 
4 2302 2304 (-704 -640 -768 ) (-704 -904 -768 ) (-704 -904 -760 ) (-704 -640 -760 ) 
4 2302 2303 (-704 -904 -760 ) (-704 -904 -768 ) (-700 -904 -768 ) (-700 -904 -760 ) 
4 2303 2347 (-424 -1024 -760 ) (-704 -1024 -760 ) (-704 -1024 -768 ) (-424 -1024 -768 ) 
5 2303 2308 (-424 -945.333313 -768 ) (-424 -1024 -768 ) (-544 -1024 -768 ) (-544 -904 -768 ) (-467.764679 -904 -768 ) 
4 2303 2310 (-544 -1024 -768 ) (-704 -1024 -768 ) (-704 -904 -768 ) (-544 -904 -768 ) 
4 2303 2304 (-704 -904 -768 ) (-704 -1024 -768 ) (-704 -1024 -760 ) (-704 -904 -760 ) 
4 2304 2347 (-704 -1024 -760 ) (-944 -1024 -760 ) (-944 -1024 -768 ) (-704 -1024 -768 ) 
4 2304 2310 (-704 -656 -768 ) (-704 -1024 -768 ) (-944 -1024 -768 ) (-944 -656 -768 ) 
4 2304 2305 (-944 -640 -768 ) (-944 -1024 -768 ) (-944 -1024 -760 ) (-944 -640 -760 ) 
4 2305 2347 (-944 -1024 -760 ) (-973.333252 -1024 -760 ) (-976 -1024 -768 ) (-944 -1024 -768 ) 
4 2305 2310 (-976 -1024 -768 ) (-976 -656 -768 ) (-944 -656 -768 ) (-944 -1024 -768 ) 
4 2306 2311 (0 -400 -1568 ) (0 -656 -1568 ) (-960 -656 -1568 ) (-960 -400 -1568 ) 
4 2306 2309 (-544 -656 -1568 ) (0 -656 -1568 ) (0 -656 -784 ) (-544 -656 -784 ) 
4 2306 2310 (-960 -656 -784 ) (-960 -656 -1568 ) (-544 -656 -1568 ) (-544 -656 -784 ) 
4 2306 2307 (-960 -656 -1568 ) (-960 -656 -960 ) (-960 -400 -960 ) (-960 -400 -1568 ) 
4 2307 2540 (-1024 -400 -960 ) (-1024 -400 -1568 ) (-1024 -656 -1568 ) (-1024 -656 -960 ) 
4 2307 2311 (-960 -656 -1568 ) (-1024 -656 -1568 ) (-1024 -400 -1568 ) (-960 -400 -1568 ) 
4 2307 2310 (-1024 -656 -960 ) (-1024 -656 -1568 ) (-960 -656 -1568 ) (-960 -656 -960 ) 
4 2308 2350 (-340.705872 -1024 -768 ) (-544 -1024 -768 ) (-544 -1024 -784 ) (-340.705841 -1024 -784 ) 
3 2308 2309 (-340.705872 -1024 -784 ) (-544 -1024 -784 ) (-544 -832 -784 ) 
4 2308 2310 (-544 -832 -784 ) (-544 -1024 -784 ) (-544 -1024 -768 ) (-544 -832 -768 ) 
4 2309 2351 (0 -1024 -1568 ) (0 -1024 -784 ) (-544 -1024 -784 ) (-544 -1024 -1568 ) 
3 2309 2314 (-297.759064 -1024 -1568 ) (-544 -1024 -1568 ) (-544 -815.836853 -1568 ) 
5 2309 2312 (0 -672 -1568 ) (0 -1024 -1568 ) (-297.759064 -1024 -1568 ) (-544 -815.836853 -1568 ) (-544 -672 -1568 ) 
4 2309 2311 (0 -656 -1568 ) (0 -672 -1568 ) (-544 -672 -1568 ) (-544 -656 -1568 ) 
4 2309 2310 (-544 -656 -784 ) (-544 -656 -1568 ) (-544 -1024 -1568 ) (-544 -1024 -784 ) 
4 2310 2539 (-1024 -1024 -960 ) (-1024 -1024 -912 ) (-1024 -656 -912 ) (-1024 -656 -960 ) 
4 2310 2540 (-1024 -1024 -1568 ) (-1024 -1024 -960 ) (-1024 -656 -960 ) (-1024 -656 -1568 ) 
4 2310 2350 (-544 -1024 -768 ) (-976 -1024 -768 ) (-981.333313 -1024 -784 ) (-544 -1024 -784 ) 
5 2310 2351 (-981.333313 -1024 -784 ) (-1024 -1024 -912 ) (-1024 -1024 -1568 ) (-544 -1024 -1568 ) (-544 -1024 -784 ) 
5 2310 2314 (-544 -1024 -1568 ) (-1024 -1024 -1568 ) (-1024 -672 -1568 ) (-714.147949 -672 -1568 ) (-544 -815.836853 -1568 ) 
3 2310 2312 (-714.147949 -672 -1568 ) (-544 -672 -1568 ) (-544 -815.836853 -1568 ) 
4 2310 2311 (-1024 -672 -1568 ) (-1024 -656 -1568 ) (-544 -656 -1568 ) (-544 -672 -1568 ) 
4 2311 2547 (-1024 -672 -1568 ) (-1024 0 -1568 ) (-1024 0 -2387.810059 ) (-1024 -672 -2387.810059 ) 
4 2311 2314 (-714.148010 -672 -1584 ) (-714.148010 -672 -1568 ) (-1024 -672 -1568 ) (-1024 -672 -1584 ) 
4 2311 2313 (-1024 -672 -2387.810059 ) (-714.148010 -672 -2387.810059 ) (-714.148010 -672 -1584 ) (-1024 -672 -1584 ) 
4 2311 2312 (-714.148010 -672 -2387.810059 ) (0 -672 -2387.810059 ) (0 -672 -1568 ) (-714.148010 -672 -1568 ) 
4 2312 2353 (0 -1024 -2387.810059 ) (0 -1024 -1568 ) (-297.759155 -1024 -1568 ) (-297.759155 -1024 -2387.810059 ) 
4 2312 2314 (-714.146423 -672 -1568 ) (-714.146423 -672 -1584 ) (-297.754730 -1024 -1752.666748 ) (-297.753906 -1024 -1568 ) 
4 2312 2313 (-714.146423 -672 -1584 ) (-714.146423 -672 -2387.810059 ) (-297.757599 -1024 -2387.810059 ) (-297.754730 -1024 -1752.666748 ) 
4 2313 2548 (-1024 -1024 -2387.810059 ) (-1024 -1024 -1752.666748 ) (-1024 -672 -1584 ) (-1024 -672 -2387.810059 ) 
4 2313 2354 (-1024 -1024 -1752.666626 ) (-1024 -1024 -2387.810059 ) (-297.759155 -1024 -2387.810059 ) (-297.759155 -1024 -1752.666748 ) 
4 2313 2314 (-297.755859 -1024 -1752.668213 ) (-714.144531 -672 -1584.001953 ) (-1024 -672 -1584.001953 ) (-1024 -1024 -1752.668213 ) 
4 2314 2549 (-1024 -1024 -1752.666748 ) (-1024 -1024 -1568 ) (-1024 -672 -1568 ) (-1024 -672 -1584 ) 
4 2314 2355 (-297.759155 -1024 -1568 ) (-1024 -1024 -1568 ) (-1024 -1024 -1752.666626 ) (-297.759155 -1024 -1752.666748 ) 
4 2315 2356 (2048 -2048 -2387.810059 ) (2048 -2048 1107.810059 ) (1024 -2048 1107.810059 ) (1024 -2048 -2387.810059 ) 
4 2315 2323 (1024 -2048 -2387.810059 ) (1024 -2048 -1568 ) (1024 -1024 -1568 ) (1024 -1024 -2387.810059 ) 
4 2315 2320 (1024 -2048 -1568 ) (1024 -2048 -768 ) (1024 -1024 -768 ) (1024 -1024 -1568 ) 
4 2315 2317 (1024 -2048 -768 ) (1024 -2048 -720 ) (1024 -1024 -720 ) (1024 -1024 -768 ) 
4 2315 2316 (1024 -2048 -720 ) (1024 -2048 1107.810059 ) (1024 -1024 1107.810059 ) (1024 -1024 -720 ) 
4 2316 2357 (1024 -2048 -720 ) (1024 -2048 1107.810059 ) (0 -2048 1107.810059 ) (0 -2048 -720 ) 
4 2316 2327 (0 -1024 1107.810059 ) (0 -1024 -720 ) (0 -2048 -720 ) (0 -2048 1107.810059 ) 
4 2316 2318 (0 -1040 -720 ) (0 -1024 -720 ) (96 -1024 -720 ) (96 -1040 -720 ) 
4 2316 2319 (96 -2048 -720 ) (0 -2048 -720 ) (0 -1088 -720 ) (96 -1088 -720 ) 
4 2316 2317 (1024 -2048 -720 ) (96 -2048 -720 ) (96 -1024 -720 ) (1024 -1024 -720 ) 
4 2317 2357 (1024 -2048 -768 ) (1024 -2048 -720 ) (96 -2048 -720 ) (96 -2048 -768 ) 
4 2317 2320 (96 -1024 -768 ) (1024 -1024 -768 ) (1024 -2048 -768 ) (96 -2048 -768 ) 
4 2317 2318 (96 -1024 -768 ) (96 -1040 -768 ) (96 -1040 -720 ) (96 -1024 -720 ) 
4 2317 2319 (96 -1088 -768 ) (96 -2048 -768 ) (96 -2048 -720 ) (96 -1088 -720 ) 
4 2318 2335 (0 -1036 -768 ) (0 -1040 -768 ) (0 -1040 -720 ) (0 -1036 -720 ) 
4 2318 2333 (0 -1024 -760 ) (0 -1024 -768 ) (0 -1036 -768 ) (0 -1036 -760 ) 
4 2318 2332 (0 -1024 -744 ) (0 -1024 -760 ) (0 -1036 -760 ) (0 -1036 -744 ) 
4 2318 2328 (0 -1024 -720 ) (0 -1024 -744 ) (0 -1036 -744 ) (0 -1036 -720 ) 
4 2319 2357 (96 -2048 -720 ) (0 -2048 -720 ) (0 -2048 -768 ) (96 -2048 -768 ) 
4 2319 2336 (0 -1088 -768 ) (0 -1275.959961 -768 ) (0 -1275.959961 -720 ) (0 -1088 -720 ) 
4 2319 2349 (0 -1275.959961 -768 ) (0 -2048 -768 ) (0 -2048 -720 ) (0 -1275.959961 -720 ) 
4 2319 2322 (0 -2048 -768 ) (0 -1104 -768 ) (96 -1104 -768 ) (96 -2048 -768 ) 
4 2320 2357 (1024 -2048 -1568 ) (1024 -2048 -768 ) (96 -2048 -768 ) (96 -2048 -1568 ) 
4 2320 2326 (784 -2048 -1568 ) (96 -2048 -1568 ) (96 -1356.869629 -1568 ) (784 -1938.479980 -1568 ) 
4 2320 2324 (96 -1356.869629 -1568 ) (96 -1024 -1568 ) (784 -1024 -1568 ) (784 -1938.479980 -1568 ) 
4 2320 2323 (1024 -2048 -1568 ) (784 -2048 -1568 ) (784 -1024 -1568 ) (1024 -1024 -1568 ) 
4 2320 2321 (96 -1024 -1568 ) (96 -1104 -1568 ) (96 -1104 -784 ) (96 -1024 -784 ) 
4 2320 2322 (96 -1104 -1568 ) (96 -2048 -1568 ) (96 -2048 -768 ) (96 -1104 -768 ) 
4 2321 2351 (0 -1024 -784 ) (0 -1024 -1568 ) (0 -1104 -1568 ) (0 -1104 -784 ) 
4 2321 2324 (0 -1104 -1568 ) (0 -1024 -1568 ) (96 -1024 -1568 ) (96 -1104 -1568 ) 
4 2321 2322 (0 -1104 -1568 ) (96 -1104 -1568 ) (96 -1104 -784 ) (0 -1104 -784 ) 
4 2322 2357 (96 -2048 -768 ) (0 -2048 -768 ) (0 -2048 -1568 ) (96 -2048 -1568 ) 
4 2322 2352 (0 -1104 -1568 ) (0 -2048 -1568 ) (0 -2048 -768 ) (0 -1104 -768 ) 
4 2322 2326 (96 -2048 -1568 ) (0 -2048 -1568 ) (0 -1275.714844 -1568 ) (96 -1356.869751 -1568 ) 
4 2322 2324 (0 -1275.714844 -1568 ) (0 -1104 -1568 ) (96 -1104 -1568 ) (96 -1356.869751 -1568 ) 
4 2323 2358 (1024 -2048 -2387.810059 ) (1024 -2048 -1568 ) (784 -2048 -1568 ) (784 -2048 -2387.810059 ) 
4 2323 2326 (784 -2048 -2243.333252 ) (784 -2048 -1568 ) (784 -1938.479980 -1568 ) (784 -1938.479980 -2190.854980 ) 
4 2323 2325 (784 -1938.479980 -2387.810059 ) (784 -2048 -2387.810059 ) (784 -2048 -2243.333252 ) (784 -1938.479980 -2190.854980 ) 
4 2323 2324 (784 -1024 -2387.810059 ) (784 -1938.479980 -2387.810059 ) (784 -1938.479980 -1568 ) (784 -1024 -1568 ) 
4 2324 2353 (0 -1024 -1568 ) (0 -1024 -2387.810059 ) (0 -1275.714844 -2387.810059 ) (0 -1275.714844 -1568 ) 
4 2324 2326 (784 -1938.478638 -2190.854248 ) (784 -1938.478638 -1568 ) (0 -1275.713379 -1568 ) (0 -1275.713867 -1873.279541 ) 
4 2324 2325 (0 -1275.714844 -2387.810059 ) (784 -1938.478638 -2387.810059 ) (784 -1938.478638 -2190.854248 ) (0 -1275.713867 -1873.279541 ) 
4 2325 2359 (0 -2048 -2243.333496 ) (0 -2048 -2387.810059 ) (784 -2048 -2387.810059 ) (784 -2048 -2243.333252 ) 
4 2325 2354 (0 -1275.714844 -2387.810059 ) (0 -2048 -2387.810059 ) (0 -2048 -2243.333252 ) (0 -1275.714844 -1873.280029 ) 
4 2325 2326 (784 -1938.484375 -2190.857422 ) (0 -1275.719238 -1873.282471 ) (0 -2048 -2243.333740 ) (784 -2048 -2243.333740 ) 
4 2326 2360 (784 -2048 -1568 ) (0 -2048 -1568 ) (0 -2048 -2243.333496 ) (784 -2048 -2243.333252 ) 
4 2326 2355 (0 -2048 -2243.333252 ) (0 -2048 -1568 ) (0 -1275.714844 -1568 ) (0 -1275.714844 -1873.280029 ) 
4 2327 2558 (-1024 -2048 -720 ) (-1024 -2048 1107.810059 ) (-1024 -1024 1107.810059 ) (-1024 -1024 -720 ) 
4 2327 2362 (-1024 -2048 1107.810059 ) (-1024 -2048 -720 ) (0 -2048 -720 ) (0 -2048 1107.810059 ) 
4 2327 2338 (-1024 -1275.959961 -720 ) (-1024 -1024 -720 ) (-184.108002 -1024 -720 ) (-184.108002 -1275.959961 -720 ) 
4 2327 2335 (0 -1036 -720 ) (0 -1040 -720 ) (-144 -1040 -720 ) (-144 -1036 -720 ) 
4 2327 2336 (0 -1088 -720 ) (0 -1275.959961 -720 ) (-144 -1275.959961 -720 ) (-144 -1088 -720 ) 
4 2327 2337 (-144 -1275.959961 -720 ) (-184.108002 -1275.959961 -720 ) (-184.108002 -1036 -720 ) (-144 -1036 -720 ) 
4 2327 2328 (-184.108002 -1024 -720 ) (0 -1024 -720 ) (0 -1036 -720 ) (-184.108002 -1036 -720 ) 
4 2327 2349 (-1024 -2048 -720 ) (-1024 -1275.959961 -720 ) (0 -1275.959961 -720 ) (0 -2048 -720 ) 
4 2328 2344 (-184.108002 -1036 -744 ) (-184.108002 -1036 -736 ) (-184.108002 -1024 -736 ) (-184.108002 -1024 -744 ) 
4 2328 2339 (-184.108002 -1036 -736 ) (-184.108002 -1036 -733.896973 ) (-184.108002 -1024 -733.896973 ) (-184.108002 -1024 -736 ) 
4 2328 2338 (-184.108002 -1036 -733.896973 ) (-184.108002 -1036 -720 ) (-184.108002 -1024 -720 ) (-184.108002 -1024 -733.896973 ) 
4 2328 2335 (-144 -1036 -744 ) (0 -1036 -744 ) (0 -1036 -720 ) (-144 -1036 -720 ) 
4 2328 2337 (-184.108002 -1036 -720 ) (-184.108002 -1036 -744 ) (-144 -1036 -744 ) (-144 -1036 -720 ) 
4 2328 2330 (-150.191391 -1036 -744 ) (-167.152328 -1036 -744 ) (-179.152725 -1024 -744 ) (-162.191406 -1024 -744 ) 
4 2328 2332 (0 -1036 -744 ) (-150.191391 -1036 -744 ) (-162.191406 -1024 -744 ) (0 -1024 -744 ) 
4 2329 2347 (-184.108002 -1036 -752 ) (-184.108002 -1036 -744.006287 ) (-184.108002 -1024 -749.664001 ) (-184.108002 -1024 -752 ) 
3 2329 2337 (-184.108002 -1036 -744.006287 ) (-184.108002 -1036 -752 ) (-167.152328 -1036 -752 ) 
4 2329 2331 (-167.152298 -1036 -752 ) (-184.108002 -1036 -752 ) (-184.108002 -1024 -752 ) (-179.152725 -1024 -752 ) 
4 2330 2337 (-167.152328 -1036 -752 ) (-150.191391 -1036 -752 ) (-150.191391 -1036 -744 ) (-167.152328 -1036 -744 ) 
4 2330 2332 (-162.185303 -1024 -752 ) (-162.183105 -1024 -744 ) (-150.183594 -1036 -744 ) (-150.185547 -1036 -752 ) 
4 2331 2347 (-184.108002 -1036 -760 ) (-184.108002 -1036 -752 ) (-184.108002 -1024 -752 ) (-184.108002 -1024 -760 ) 
5 2331 2337 (-184.108002 -1036 -752 ) (-184.108002 -1036 -760 ) (-150.191391 -1036 -760 ) (-150.191391 -1036 -759.995422 ) (-167.151245 -1036 -752 ) 
4 2331 2334 (-150.191391 -1036 -760 ) (-184.108002 -1036 -760 ) (-184.108002 -1024 -760 ) (-162.191406 -1024 -760 ) 
4 2332 2335 (-144 -1036 -760 ) (0 -1036 -760 ) (0 -1036 -744 ) (-144 -1036 -744 ) 
4 2332 2337 (-150.191391 -1036 -760 ) (-144 -1036 -760 ) (-144 -1036 -744 ) (-150.191391 -1036 -744 ) 
4 2332 2333 (0 -1036 -760 ) (-133.212021 -1036 -760 ) (-145.211685 -1024 -760 ) (0 -1024 -760 ) 
4 2333 2335 (-133.212006 -1036 -768 ) (0 -1036 -768 ) (0 -1036 -760 ) (-133.212006 -1036 -760 ) 
4 2334 2347 (-184.108002 -1024 -768 ) (-184.108002 -1036 -768 ) (-184.108002 -1036 -760 ) (-184.108002 -1024 -760 ) 
3 2334 2335 (-144 -1036 -768 ) (-133.212006 -1036 -768 ) (-144 -1036 -762.916931 ) 
5 2334 2337 (-184.108002 -1036 -760 ) (-184.108002 -1036 -768 ) (-144 -1036 -768 ) (-144 -1036 -762.916931 ) (-150.190720 -1036 -760 ) 
4 2335 2337 (-144 -1036 -720 ) (-144 -1036 -768 ) (-144 -1040 -768 ) (-144 -1040 -720 ) 
4 2336 2352 (0 -1104 -768 ) (0 -1275.959961 -768 ) (-144 -1275.959961 -768 ) (-144 -1104 -768 ) 
4 2336 2337 (-144 -1088 -768 ) (-144 -1275.959961 -768 ) (-144 -1275.959961 -720 ) (-144 -1088 -720 ) 
4 2336 2349 (-144 -1275.959961 -768 ) (0 -1275.959961 -768 ) (0 -1275.959961 -720 ) (-144 -1275.959961 -720 ) 
4 2337 2352 (-144 -1275.959961 -768 ) (-184.108002 -1275.959961 -768 ) (-184.108002 -1104 -768 ) (-144 -1104 -768 ) 
4 2337 2348 (-184.108002 -1036 -768 ) (-184.108002 -1275.959961 -768 ) (-184.108002 -1275.959961 -744 ) (-184.108002 -1036 -744 ) 
4 2337 2342 (-184.108002 -1275.959961 -744 ) (-184.108002 -1275.959961 -736 ) (-184.108002 -1179.959961 -736 ) (-184.108002 -1179.959961 -744 ) 
4 2337 2339 (-184.108002 -1275.959961 -736 ) (-184.108002 -1275.959961 -733.896973 ) (-184.108002 -1036 -733.896973 ) (-184.108002 -1036 -736 ) 
4 2337 2338 (-184.108002 -1275.959961 -733.896973 ) (-184.108002 -1275.959961 -720 ) (-184.108002 -1036 -720 ) (-184.108002 -1036 -733.896973 ) 
4 2337 2349 (-184.108002 -1275.959961 -768 ) (-144 -1275.959961 -768 ) (-144 -1275.959961 -720 ) (-184.108002 -1275.959961 -720 ) 
4 2338 2558 (-1024 -1275.959961 -720 ) (-1024 -1024 -720 ) (-1024 -1024 -733.896973 ) (-1024 -1275.959961 -733.896973 ) 
5 2338 2340 (-758.570312 -1275.959961 -733.896973 ) (-1024 -1275.959961 -733.896973 ) (-1024 -1024 -733.896973 ) (-543.164978 -1024 -733.896973 ) (-524.885925 -1042.280029 -733.896973 ) 
4 2338 2339 (-184.108002 -1024 -733.896973 ) (-184.108002 -1275.959961 -733.896973 ) (-758.570312 -1275.959961 -733.896973 ) (-506.605591 -1024 -733.896973 ) 
4 2338 2349 (-184.108002 -1275.959961 -733.896973 ) (-184.108002 -1275.959961 -720 ) (-1024 -1275.959961 -720 ) (-1024 -1275.959961 -733.896973 ) 
4 2339 2340 (-524.884338 -1042.281494 -735.896973 ) (-758.567261 -1275.959961 -735.896973 ) (-758.570312 -1275.959961 -733.896973 ) (-524.885254 -1042.280640 -733.896973 ) 
4 2339 2349 (-184.108002 -1275.959961 -736 ) (-184.108002 -1275.959961 -733.896973 ) (-758.570312 -1275.959961 -733.896973 ) (-758.570374 -1275.959961 -736 ) 
4 2339 2341 (-506.605591 -1024 -735.896973 ) (-184.108002 -1024 -735.896973 ) (-184.108002 -1275.959961 -735.896973 ) (-758.570312 -1275.959961 -735.896973 ) 
4 2340 2558 (-1024 -1024 -733.896973 ) (-1024 -1024 -736 ) (-1024 -1275.959961 -736 ) (-1024 -1275.959961 -733.896973 ) 
5 2340 2341 (-1024 -1024 -735.896973 ) (-543.164978 -1024 -735.896973 ) (-524.885925 -1042.280029 -735.896973 ) (-758.570312 -1275.959961 -735.896973 ) (-1024 -1275.959961 -735.896973 ) 
4 2340 2349 (-758.570312 -1275.959961 -733.896973 ) (-1024 -1275.959961 -733.896973 ) (-1024 -1275.959961 -736 ) (-758.570374 -1275.959961 -736 ) 
3 2341 2345 (-520.108032 -1035.959961 -736 ) (-520.108032 -1024 -736 ) (-508.147003 -1024 -736 ) 
3 2341 2344 (-184.108002 -1024 -736 ) (-184.108002 -1035.960083 -736 ) (-196.069061 -1024 -736 ) 
3 2341 2343 (-424.107971 -1275.959961 -736 ) (-520.108032 -1275.959961 -736 ) (-520.108032 -1179.959839 -736 ) 
3 2341 2342 (-184.108002 -1179.959961 -736 ) (-184.108002 -1275.959961 -736 ) (-280.108032 -1275.959961 -736 ) 
4 2341 2346 (-520.108032 -1275.959961 -736 ) (-1024 -1275.959961 -736 ) (-1024 -1024 -736 ) (-520.108032 -1024 -736 ) 
3 2342 2348 (-184.108002 -1179.959961 -744 ) (-184.108002 -1275.959961 -744 ) (-280.108032 -1275.959961 -744 ) 
4 2342 2349 (-184.108002 -1275.959961 -744 ) (-184.108002 -1275.959961 -736 ) (-280.108032 -1275.959961 -736 ) (-280.108032 -1275.959961 -744 ) 
3 2343 2348 (-424.107971 -1275.959961 -744 ) (-520.108032 -1275.959961 -744 ) (-520.108032 -1179.959839 -744 ) 
4 2343 2349 (-424.107971 -1275.959961 -736 ) (-520.108032 -1275.959961 -736 ) (-520.108032 -1275.959961 -744 ) (-424.107971 -1275.959961 -744 ) 
4 2343 2346 (-520.108032 -1179.959839 -744 ) (-520.108032 -1275.959961 -744 ) (-520.108032 -1275.959961 -736 ) (-520.108032 -1179.959839 -736 ) 
3 2345 2347 (-520.108032 -1024 -744 ) (-508.147003 -1024 -744 ) (-520.108032 -1035.959961 -744 ) 
4 2345 2346 (-520.108032 -1024 -744 ) (-520.108032 -1035.960083 -744 ) (-520.108032 -1035.959961 -736 ) (-520.108032 -1024 -736 ) 
4 2346 2558 (-1024 -1024 -736 ) (-1024 -1024 -744 ) (-1024 -1275.959961 -744 ) (-1024 -1275.959961 -736 ) 
4 2346 2347 (-1024 -1024 -744 ) (-520.108032 -1024 -744 ) (-520.108032 -1036 -744 ) (-1024 -1036 -744 ) 
4 2346 2348 (-520.108032 -1036 -744 ) (-520.108032 -1275.959961 -744 ) (-1024 -1275.959961 -744 ) (-1024 -1036 -744 ) 
4 2346 2349 (-520.108032 -1275.959961 -736 ) (-1024 -1275.959961 -736 ) (-1024 -1275.959961 -744 ) (-520.108032 -1275.959961 -744 ) 
4 2347 2558 (-1024 -1024 -744 ) (-1024 -1024 -768 ) (-1024 -1036 -768 ) (-1024 -1036 -744 ) 
4 2347 2350 (-1024 -1036 -768 ) (-1024 -1024 -768 ) (-340.705933 -1024 -768 ) (-328 -1036 -768 ) 
4 2347 2348 (-1024 -1036 -768 ) (-184.108002 -1036 -768 ) (-184.108002 -1036 -744 ) (-1024 -1036 -744 ) 
4 2348 2558 (-1024 -1036 -768 ) (-1024 -1275.959961 -768 ) (-1024 -1275.959961 -744 ) (-1024 -1036 -744 ) 
4 2348 2350 (-1024 -1104 -768 ) (-1024 -1036 -768 ) (-328 -1036 -768 ) (-256 -1104 -768 ) 
4 2348 2352 (-1024 -1275.959961 -768 ) (-1024 -1104 -768 ) (-184.108002 -1104 -768 ) (-184.108002 -1275.959961 -768 ) 
4 2348 2349 (-1024 -1275.959961 -768 ) (-184.108002 -1275.959961 -768 ) (-184.108002 -1275.959961 -744 ) (-1024 -1275.959961 -744 ) 
4 2349 2558 (-1024 -2048 -768 ) (-1024 -2048 -720 ) (-1024 -1275.959961 -720 ) (-1024 -1275.959961 -768 ) 
4 2349 2362 (-1024 -2048 -720 ) (-1024 -2048 -768 ) (0 -2048 -768 ) (0 -2048 -720 ) 
4 2349 2352 (0 -2048 -768 ) (-1024 -2048 -768 ) (-1024 -1275.959961 -768 ) (0 -1275.959961 -768 ) 
4 2350 2558 (-1024 -1104 -768 ) (-1024 -1024 -768 ) (-1024 -1024 -784 ) (-1024 -1104 -784 ) 
4 2350 2351 (-256 -1104 -784 ) (-1024 -1104 -784 ) (-1024 -1024 -784 ) (-340.705872 -1024 -784 ) 
4 2350 2352 (-256 -1104 -768 ) (-1024 -1104 -768 ) (-1024 -1104 -784 ) (-256 -1104 -784 ) 
4 2351 2558 (-1024 -1024 -784 ) (-1024 -1024 -1568 ) (-1024 -1104 -1568 ) (-1024 -1104 -784 ) 
4 2351 2355 (-1024 -1104 -1568 ) (-1024 -1024 -1568 ) (-297.759155 -1024 -1568 ) (-203.125366 -1104 -1568 ) 
4 2351 2353 (-297.759155 -1024 -1568 ) (0 -1024 -1568 ) (0 -1104 -1568 ) (-203.125366 -1104 -1568 ) 
4 2351 2352 (-1024 -1104 -1568 ) (0 -1104 -1568 ) (0 -1104 -784 ) (-1024 -1104 -784 ) 
4 2352 2558 (-1024 -2048 -1568 ) (-1024 -2048 -768 ) (-1024 -1104 -768 ) (-1024 -1104 -1568 ) 
4 2352 2362 (-1024 -2048 -768 ) (-1024 -2048 -1568 ) (0 -2048 -1568 ) (0 -2048 -768 ) 
5 2352 2355 (-1024 -2048 -1568 ) (-1024 -1104 -1568 ) (-203.125366 -1104 -1568 ) (0 -1275.714844 -1568 ) (0 -2048 -1568 ) 
3 2352 2353 (-203.125366 -1104 -1568 ) (0 -1104 -1568 ) (0 -1275.714844 -1568 ) 
4 2353 2355 (0 -1275.713379 -1873.279297 ) (0 -1275.714844 -1568 ) (-297.759186 -1024 -1568 ) (-297.758148 -1024 -1752.666626 ) 
4 2353 2354 (-297.754639 -1024 -2387.810059 ) (0 -1275.710938 -2387.810059 ) (0 -1275.713379 -1873.279297 ) (-297.758148 -1024 -1752.666626 ) 
4 2354 2559 (-1024 -2048 -2387.810059 ) (-1024 -2048 -2243.333252 ) (-1024 -1024 -1752.666626 ) (-1024 -1024 -2387.810059 ) 
4 2354 2363 (-1024 -2048 -2243.333496 ) (-1024 -2048 -2387.810059 ) (0 -2048 -2387.810059 ) (0 -2048 -2243.333252 ) 
5 2354 2355 (0 -1275.715332 -1873.280762 ) (-297.759888 -1024 -1752.667236 ) (-1024 -1024 -1752.667236 ) (-1024 -2048 -2243.333740 ) (0 -2048 -2243.333740 ) 
4 2355 2560 (-1024 -2048 -2243.333252 ) (-1024 -2048 -1568 ) (-1024 -1024 -1568 ) (-1024 -1024 -1752.666626 ) 
4 2355 2364 (-1024 -2048 -1568 ) (-1024 -2048 -2243.333496 ) (0 -2048 -2243.333252 ) (0 -2048 -1568 ) 
4 2356 2361 (1024 -2208 -2387.810059 ) (1024 -2254.979980 -2387.810059 ) (1024 -2254.979980 -1568 ) (1024 -2208 -1568 ) 
4 2356 2358 (1024 -2048 -1568 ) (1024 -2048 -2387.810059 ) (1024 -2208 -2387.810059 ) (1024 -2208 -1568 ) 
4 2356 2357 (1024 -2048 1107.810059 ) (1024 -2048 -1568 ) (1024 -2254.979980 -1568 ) (1024 -2254.979980 1107.810059 ) 
4 2357 2362 (0 -2048 1107.810059 ) (0 -2048 -1568 ) (0 -2254.979980 -1568 ) (0 -2254.979980 1107.810059 ) 
4 2357 2361 (0 -2254.979980 -1568 ) (0 -2208 -1568 ) (1024 -2208 -1568 ) (1024 -2254.979980 -1568 ) 
4 2357 2360 (0 -2208 -1568 ) (0 -2048 -1568 ) (784 -2048 -1568 ) (784 -2208 -1568 ) 
4 2357 2358 (784 -2048 -1568 ) (1024 -2048 -1568 ) (1024 -2208 -1568 ) (784 -2208 -1568 ) 
4 2358 2361 (784 -2208 -2387.810059 ) (1024 -2208 -2387.810059 ) (1024 -2208 -1568 ) (784 -2208 -1568 ) 
4 2358 2360 (784 -2208 -2320 ) (784 -2208 -1568 ) (784 -2048 -1568 ) (784 -2048 -2243.333496 ) 
4 2358 2359 (784 -2048 -2387.810059 ) (784 -2208 -2387.810059 ) (784 -2208 -2320 ) (784 -2048 -2243.333496 ) 
4 2359 2363 (0 -2048 -2243.333496 ) (0 -2048 -2387.810059 ) (0 -2208 -2387.810059 ) (0 -2208 -2320 ) 
4 2359 2361 (0 -2208 -2387.810059 ) (784 -2208 -2387.810059 ) (784 -2208 -2320 ) (0 -2208 -2320 ) 
4 2359 2360 (0 -2208 -2320 ) (784 -2208 -2320 ) (784 -2048 -2243.333252 ) (0 -2048 -2243.333252 ) 
4 2360 2364 (0 -2048 -1568 ) (0 -2048 -2243.333496 ) (0 -2208 -2320 ) (0 -2208 -1568 ) 
4 2360 2361 (784 -2208 -2320 ) (784 -2208 -1568 ) (0 -2208 -1568 ) (0 -2208 -2320 ) 
4 2361 2365 (0 -2208 -2387.810059 ) (0 -2254.979980 -2387.810059 ) (0 -2254.979980 -1568 ) (0 -2208 -1568 ) 
4 2362 2566 (-1024 -2254.979980 1107.810059 ) (-1024 -2048 1107.810059 ) (-1024 -2048 -1568 ) (-1024 -2254.979980 -1568 ) 
4 2362 2365 (0 -2208 -1568 ) (0 -2254.979980 -1568 ) (-1024 -2254.979980 -1568 ) (-1024 -2208 -1568 ) 
4 2362 2364 (0 -2048 -1568 ) (0 -2208 -1568 ) (-1024 -2208 -1568 ) (-1024 -2048 -1568 ) 
4 2363 2567 (-1024 -2048 -2243.333496 ) (-1024 -2048 -2387.810059 ) (-1024 -2208 -2387.810059 ) (-1024 -2208 -2320 ) 
4 2363 2365 (-1024 -2208 -2387.810059 ) (0 -2208 -2387.810059 ) (0 -2208 -2320 ) (-1024 -2208 -2320 ) 
4 2363 2364 (0 -2048 -2243.333252 ) (-1024 -2048 -2243.333252 ) (-1024 -2208 -2320 ) (0 -2208 -2320 ) 
4 2364 2568 (-1024 -2208 -1568 ) (-1024 -2048 -1568 ) (-1024 -2048 -2243.333496 ) (-1024 -2208 -2320 ) 
4 2364 2365 (0 -2208 -2320 ) (0 -2208 -1568 ) (-1024 -2208 -1568 ) (-1024 -2208 -2320 ) 
4 2365 2569 (-1024 -2254.979980 -1568 ) (-1024 -2208 -1568 ) (-1024 -2208 -2387.810059 ) (-1024 -2254.979980 -2387.810059 ) 
4 2366 2385 (-1024 3072 -2387.810059 ) (-1024 3072 -960 ) (-2048 3072 -960 ) (-2048 3072 -2387.810059 ) 
4 2366 2383 (-1032 3072 -640 ) (-2048 3072 -640 ) (-2048 3072 -960 ) (-1032 3072 -960 ) 
4 2366 2382 (-1024 3072 -960 ) (-1024 3072 -640 ) (-1032 3072 -640 ) (-1032 3072 -960 ) 
4 2366 2380 (-1048 3072 -528 ) (-1056 3072 -528 ) (-1056 3072 -640 ) (-1048 3072 -640 ) 
4 2366 2379 (-1024 3072 -640 ) (-1024 3072 -528 ) (-1048 3072 -528 ) (-1048 3072 -640 ) 
4 2366 2381 (-1056 3072 -528 ) (-2048 3072 -528 ) (-2048 3072 -640 ) (-1056 3072 -640 ) 
4 2366 2377 (-1024 3072 -528 ) (-1024 3072 -512 ) (-1056 3072 -512 ) (-1056 3072 -528 ) 
4 2366 2378 (-1056 3072 -512 ) (-2048 3072 -512 ) (-2048 3072 -528 ) (-1056 3072 -528 ) 
4 2366 2372 (-1024 3072 -512 ) (-1024 3072 -400 ) (-1056 3072 -400 ) (-1056 3072 -512 ) 
4 2366 2373 (-1056 3072 -400 ) (-2048 3072 -400 ) (-2048 3072 -512 ) (-1056 3072 -512 ) 
4 2366 2370 (-1024 3072 -400 ) (-1024 3072 -392 ) (-1056 3072 -392 ) (-1056 3072 -400 ) 
4 2366 2371 (-1056 3072 -392 ) (-2048 3072 -392 ) (-2048 3072 -400 ) (-1056 3072 -400 ) 
4 2366 2369 (-1024 3072 -392 ) (-1024 3072 1107.810059 ) (-2048 3072 1107.810059 ) (-2048 3072 -392 ) 
4 2366 2367 (-2048 3072 -2387.810059 ) (-2048 3072 1107.810059 ) (-2048 3950.979980 1107.810059 ) (-2048 3950.979980 -2387.810059 ) 
4 2367 2403 (-2048 3072 -2387.810059 ) (-2048 3072 1107.810059 ) (-3072 3072 1107.810059 ) (-3072 3072 -2387.810059 ) 
4 2367 2368 (-3072 3072 -2387.810059 ) (-3072 3072 1107.810059 ) (-3072 3950.979980 1107.810059 ) (-3072 3950.979980 -2387.810059 ) 
4 2368 2407 (-4096 3072 -2387.810059 ) (-4096 3072 1107.810059 ) (-4096 3950.979980 1107.810059 ) (-4096 3950.979980 -2387.810059 ) 
4 2368 2404 (-3072 3072 -2387.810059 ) (-3072 3072 1107.810059 ) (-4096 3072 1107.810059 ) (-4096 3072 -2387.810059 ) 
4 2369 2403 (-2048 3072 1107.810059 ) (-2048 3072 -392 ) (-2048 2048 -392 ) (-2048 2048 1107.810059 ) 
4 2369 2386 (-1024 2048 -392 ) (-1024 2048 1107.810059 ) (-1056 2048 1107.810059 ) (-1056 2048 -392 ) 
4 2369 2388 (-1056 2048 1107.810059 ) (-2048 2048 1107.810059 ) (-2048 2048 -392 ) (-1056 2048 -392 ) 
4 2369 2370 (-1056 3072 -392 ) (-1024 3072 -392 ) (-1024 2352 -392 ) (-1056 2352 -392 ) 
4 2369 2371 (-2048 2048 -392 ) (-2048 3072 -392 ) (-1056 3072 -392 ) (-1056 2048 -392 ) 
4 2370 2372 (-1056 2368 -400 ) (-1056 3072 -400 ) (-1024 3072 -400 ) (-1024 2368 -400 ) 
4 2370 2371 (-1056 3072 -400 ) (-1056 2352 -400 ) (-1056 2352 -392 ) (-1056 3072 -392 ) 
4 2371 2403 (-2048 3072 -392 ) (-2048 3072 -400 ) (-2048 2048 -400 ) (-2048 2048 -392 ) 
4 2371 2388 (-1056 2048 -392 ) (-2048 2048 -392 ) (-2048 2048 -400 ) (-1056 2048 -400 ) 
4 2371 2376 (-1056 2048 -400 ) (-2048 2048 -400 ) (-2048 2352 -400 ) (-1056 2352 -400 ) 
4 2371 2373 (-2048 2352 -400 ) (-2048 3072 -400 ) (-1056 3072 -400 ) (-1056 2352 -400 ) 
4 2372 2377 (-1056 3072 -512 ) (-1024 3072 -512 ) (-1024 2368 -512 ) (-1056 2368 -512 ) 
4 2372 2373 (-1056 3072 -512 ) (-1056 2368 -512 ) (-1056 2368 -400 ) (-1056 3072 -400 ) 
4 2373 2403 (-2048 3072 -400 ) (-2048 3072 -512 ) (-2048 2352 -512 ) (-2048 2352 -400 ) 
4 2373 2378 (-2048 2352 -512 ) (-2048 3072 -512 ) (-1056 3072 -512 ) (-1056 2352 -512 ) 
4 2373 2376 (-2048 2352 -512 ) (-1056 2352 -512 ) (-1056 2352 -400 ) (-2048 2352 -400 ) 
4 2374 2389 (-1024 2048 -512 ) (-1024 2048 -400 ) (-1048 2048 -400 ) (-1048 2048 -512 ) 
4 2374 2375 (-1048 2352 -400 ) (-1048 2352 -472 ) (-1048 2048 -472 ) (-1048 2048 -400 ) 
4 2375 2390 (-1048 2048 -400 ) (-1056 2048 -400 ) (-1056 2048 -472 ) (-1048 2048 -472 ) 
4 2375 2376 (-1056 2352 -400 ) (-1056 2352 -472 ) (-1056 2048 -472 ) (-1056 2048 -400 ) 
4 2376 2403 (-2048 2352 -512 ) (-2048 2048 -512 ) (-2048 2048 -400 ) (-2048 2352 -400 ) 
4 2376 2391 (-1056 2048 -400 ) (-2048 2048 -400 ) (-2048 2048 -512 ) (-1056 2048 -512 ) 
4 2376 2378 (-2048 2048 -512 ) (-2048 2352 -512 ) (-1056 2352 -512 ) (-1056 2048 -512 ) 
4 2377 2380 (-1056 3072 -528 ) (-1048 3072 -528 ) (-1048 2352 -528 ) (-1056 2352 -528 ) 
4 2377 2379 (-1048 3072 -528 ) (-1024 3072 -528 ) (-1024 2352 -528 ) (-1048 2352 -528 ) 
4 2377 2378 (-1056 3072 -528 ) (-1056 2352 -528 ) (-1056 2352 -512 ) (-1056 3072 -512 ) 
4 2378 2403 (-2048 3072 -512 ) (-2048 3072 -528 ) (-2048 2048 -528 ) (-2048 2048 -512 ) 
4 2378 2395 (-1056 2048 -512 ) (-2048 2048 -512 ) (-2048 2048 -528 ) (-1056 2048 -528 ) 
4 2378 2381 (-2048 2048 -528 ) (-2048 3072 -528 ) (-1056 3072 -528 ) (-1056 2048 -528 ) 
4 2379 2396 (-1024 2048 -640 ) (-1024 2048 -528 ) (-1048 2048 -528 ) (-1048 2048 -640 ) 
4 2379 2383 (-1048 2816 -640 ) (-1048 3072 -640 ) (-1032 3072 -640 ) (-1032 2816 -640 ) 
4 2379 2382 (-1024 2048 -640 ) (-1032 2048 -640 ) (-1032 3072 -640 ) (-1024 3072 -640 ) 
4 2379 2380 (-1048 3072 -640 ) (-1048 2352 -640 ) (-1048 2352 -528 ) (-1048 3072 -528 ) 
4 2380 2383 (-1056 2816 -640 ) (-1056 3072 -640 ) (-1048 3072 -640 ) (-1048 2816 -640 ) 
4 2380 2381 (-1056 3072 -640 ) (-1056 2352 -640 ) (-1056 2352 -528 ) (-1056 3072 -528 ) 
4 2381 2403 (-2048 3072 -528 ) (-2048 3072 -640 ) (-2048 2048 -640 ) (-2048 2048 -528 ) 
4 2381 2397 (-1056 2048 -528 ) (-2048 2048 -528 ) (-2048 2048 -640 ) (-1056 2048 -640 ) 
4 2381 2384 (-1056 2048 -640 ) (-2048 2048 -640 ) (-2048 2816 -640 ) (-1056 2816 -640 ) 
4 2381 2383 (-2048 2816 -640 ) (-2048 3072 -640 ) (-1056 3072 -640 ) (-1056 2816 -640 ) 
4 2382 2399 (-1024 2048 -960 ) (-1024 2048 -640 ) (-1032 2048 -640 ) (-1032 2048 -960 ) 
4 2382 2385 (-1032 3072 -960 ) (-1024 3072 -960 ) (-1024 2048 -960 ) (-1032 2048 -960 ) 
4 2382 2383 (-1032 3072 -960 ) (-1032 2816 -960 ) (-1032 2816 -640 ) (-1032 3072 -640 ) 
4 2383 2403 (-2048 3072 -640 ) (-2048 3072 -960 ) (-2048 2816 -960 ) (-2048 2816 -640 ) 
4 2383 2385 (-2048 2816 -960 ) (-2048 3072 -960 ) (-1032 3072 -960 ) (-1032 2816 -960 ) 
4 2383 2384 (-2048 2816 -960 ) (-1152 2816 -960 ) (-1056 2816 -640 ) (-2048 2816 -640 ) 
4 2384 2403 (-2048 2816 -960 ) (-2048 2048 -960 ) (-2048 2048 -640 ) (-2048 2816 -640 ) 
4 2384 2401 (-1056 2048 -640 ) (-2048 2048 -640 ) (-2048 2048 -960 ) (-1152 2048 -960 ) 
4 2384 2385 (-2048 2048 -960 ) (-2048 2816 -960 ) (-1152 2816 -960 ) (-1152 2048 -960 ) 
4 2385 2403 (-2048 3072 -960 ) (-2048 3072 -2387.810059 ) (-2048 2048 -2387.810059 ) (-2048 2048 -960 ) 
4 2385 2402 (-1024 2048 -2387.810059 ) (-1024 2048 -960 ) (-2048 2048 -960 ) (-2048 2048 -2387.810059 ) 
4 2386 2387 (-1056 1632 1107.810059 ) (-1056 1632 -392 ) (-1024 1632 -392 ) (-1024 1632 1107.810059 ) 
4 2386 2388 (-1056 1632 -392 ) (-1056 1632 1107.810059 ) (-1056 2048 1107.810059 ) (-1056 2048 -392 ) 
4 2387 2414 (-1024 1024 -400 ) (-1024 1024 -392 ) (-1056 1024 -392 ) (-1056 1024 -400 ) 
4 2387 2413 (-1024 1024 -392 ) (-1024 1024 1107.810059 ) (-1056 1024 1107.810059 ) (-1056 1024 -392 ) 
4 2387 2392 (-1024 1616 -400 ) (-1024 1024 -400 ) (-1056 1024 -400 ) (-1056 1616 -400 ) 
4 2387 2388 (-1056 1632 -400 ) (-1056 1024 -400 ) (-1056 1024 1107.810059 ) (-1056 1632 1107.810059 ) 
4 2388 2414 (-1152 1024 -400 ) (-1056 1024 -400 ) (-1056 1024 -392 ) (-1152 1024 -392 ) 
4 2388 2415 (-2048 1024 -392 ) (-2048 1024 -400 ) (-1152 1024 -400 ) (-1152 1024 -392 ) 
4 2388 2413 (-1056 1024 1107.810059 ) (-2048 1024 1107.810059 ) (-2048 1024 -392 ) (-1056 1024 -392 ) 
4 2388 2405 (-2048 1024 -400 ) (-2048 1024 1107.810059 ) (-2048 2048 1107.810059 ) (-2048 2048 -400 ) 
4 2388 2393 (-2048 1024 -400 ) (-2048 1632 -400 ) (-1056 1632 -400 ) (-1056 1024 -400 ) 
4 2388 2391 (-2048 1632 -400 ) (-2048 2048 -400 ) (-1056 2048 -400 ) (-1056 1632 -400 ) 
4 2389 2390 (-1048 1632 -472 ) (-1048 1632 -400 ) (-1048 2048 -400 ) (-1048 2048 -472 ) 
4 2390 2391 (-1056 1632 -472 ) (-1056 1632 -400 ) (-1056 2048 -400 ) (-1056 2048 -472 ) 
4 2391 2405 (-2048 1632 -400 ) (-2048 2048 -400 ) (-2048 2048 -512 ) (-2048 1632 -512 ) 
4 2391 2395 (-2048 1632 -512 ) (-2048 2048 -512 ) (-1056 2048 -512 ) (-1056 1632 -512 ) 
4 2391 2393 (-2048 1632 -512 ) (-1056 1632 -512 ) (-1056 1632 -400 ) (-2048 1632 -400 ) 
4 2392 2414 (-1024 1024 -512 ) (-1024 1024 -400 ) (-1056 1024 -400 ) (-1056 1024 -512 ) 
4 2392 2394 (-1024 1024 -512 ) (-1056 1024 -512 ) (-1056 1616 -512 ) (-1024 1616 -512 ) 
4 2392 2393 (-1056 1616 -512 ) (-1056 1024 -512 ) (-1056 1024 -400 ) (-1056 1616 -400 ) 
4 2393 2414 (-1056 1024 -400 ) (-1152 1024 -400 ) (-1152 1024 -512 ) (-1056 1024 -512 ) 
4 2393 2415 (-1152 1024 -400 ) (-2048 1024 -400 ) (-2048 1024 -512 ) (-1152 1024 -512 ) 
4 2393 2405 (-2048 1024 -512 ) (-2048 1024 -400 ) (-2048 1632 -400 ) (-2048 1632 -512 ) 
4 2393 2395 (-1056 1024 -512 ) (-2048 1024 -512 ) (-2048 1632 -512 ) (-1056 1632 -512 ) 
4 2394 2414 (-1024 1024 -528 ) (-1024 1024 -512 ) (-1056 1024 -512 ) (-1056 1024 -528 ) 
4 2394 2398 (-1048 1024 -528 ) (-1056 1024 -528 ) (-1056 1616 -528 ) (-1048 1616 -528 ) 
4 2394 2396 (-1024 1616 -528 ) (-1024 1024 -528 ) (-1048 1024 -528 ) (-1048 1616 -528 ) 
4 2394 2395 (-1056 1616 -528 ) (-1056 1024 -528 ) (-1056 1024 -512 ) (-1056 1616 -512 ) 
4 2395 2414 (-1056 1024 -512 ) (-1152 1024 -512 ) (-1152 1024 -528 ) (-1056 1024 -528 ) 
4 2395 2415 (-1152 1024 -512 ) (-2048 1024 -512 ) (-2048 1024 -528 ) (-1152 1024 -528 ) 
4 2395 2405 (-2048 1024 -528 ) (-2048 1024 -512 ) (-2048 2048 -512 ) (-2048 2048 -528 ) 
3 2395 2398 (-1056 1640 -528 ) (-1056 1024 -528 ) (-1144 1024 -528 ) 
5 2395 2397 (-2048 1024 -528 ) (-2048 2048 -528 ) (-1056 2048 -528 ) (-1056 1696 -528 ) (-1152 1024 -528 ) 
4 2396 2441 (-1040 1024 -528 ) (-1048 1024 -528 ) (-1048 1024 -640 ) (-1040 1024 -640 ) 
4 2396 2440 (-1024 1024 -640 ) (-1024 1024 -528 ) (-1040 1024 -528 ) (-1040 1024 -640 ) 
4 2396 2400 (-1032 1696 -640 ) (-1032 1024 -640 ) (-1048 1024 -640 ) (-1048 1584 -640 ) 
4 2396 2399 (-1032 2048 -640 ) (-1024 2048 -640 ) (-1024 1024 -640 ) (-1032 1024 -640 ) 
4 2396 2398 (-1048 1696 -640 ) (-1048 1024 -640 ) (-1048 1024 -528 ) (-1048 1696 -528 ) 
4 2397 2451 (-1328 1024 -528 ) (-1336 1024 -528 ) (-1336 1024 -640 ) (-1328 1024 -640 ) 
4 2397 2452 (-1336 1024 -528 ) (-2048 1024 -528 ) (-2048 1024 -640 ) (-1336 1024 -640 ) 
4 2397 2449 (-1152 1024 -528 ) (-1328 1024 -528 ) (-1328 1024 -640 ) (-1152 1024 -640 ) 
4 2397 2405 (-2048 1024 -640 ) (-2048 1024 -528 ) (-2048 2048 -528 ) (-2048 2048 -640 ) 
5 2397 2401 (-2048 1024 -640 ) (-2048 2048 -640 ) (-1056 2048 -640 ) (-1056 1696 -640 ) (-1152 1024 -640 ) 
4 2398 2446 (-1136 1024 -528 ) (-1144 1024 -528 ) (-1144 1024 -640 ) (-1136 1024 -640 ) 
4 2398 2441 (-1048 1024 -528 ) (-1136 1024 -528 ) (-1136 1024 -640 ) (-1048 1024 -640 ) 
3 2398 2400 (-1048 1584 -640 ) (-1048 1024 -640 ) (-1128 1024 -640 ) 
4 2399 2457 (-1024 1024 -960 ) (-1024 1024 -640 ) (-1032 1024 -640 ) (-1032 1024 -960 ) 
4 2399 2402 (-1024 1024 -960 ) (-1032 1024 -960 ) (-1032 2048 -960 ) (-1024 2048 -960 ) 
4 2399 2400 (-1032 1696 -960 ) (-1032 1024 -960 ) (-1032 1024 -640 ) (-1032 1696 -640 ) 
4 2400 2457 (-1032 1024 -640 ) (-1128 1024 -640 ) (-1128 1024 -960 ) (-1032 1024 -960 ) 
3 2400 2402 (-1032 1024 -960 ) (-1128 1024 -960 ) (-1032 1696 -960 ) 
4 2401 2485 (-1312 1024 -640 ) (-2048 1024 -640 ) (-2048 1024 -960 ) (-1312 1024 -960 ) 
4 2401 2484 (-1272 1024 -640 ) (-1312 1024 -640 ) (-1312 1024 -960 ) (-1272 1024 -960 ) 
5 2401 2460 (-1272 1024 -800 ) (-1272 1024 -960 ) (-1248 1024 -960 ) (-1208 1024 -826.666687 ) (-1208 1024 -800 ) 
4 2401 2459 (-1208 1024 -640 ) (-1272 1024 -640 ) (-1272 1024 -800 ) (-1208 1024 -800 ) 
3 2401 2458 (-1152 1024 -640 ) (-1208 1024 -640 ) (-1208 1024 -826.666687 ) 
4 2401 2405 (-2048 1024 -960 ) (-2048 1024 -640 ) (-2048 2048 -640 ) (-2048 2048 -960 ) 
5 2401 2402 (-1248 1024 -960 ) (-2048 1024 -960 ) (-2048 2048 -960 ) (-1152 2048 -960 ) (-1152 1696 -960 ) 
4 2402 2492 (-1024 1024 -2387.810059 ) (-1024 1024 -960 ) (-2048 1024 -960 ) (-2048 1024 -2387.810059 ) 
4 2402 2405 (-2048 1024 -2387.810059 ) (-2048 1024 -960 ) (-2048 2048 -960 ) (-2048 2048 -2387.810059 ) 
4 2403 2405 (-2048 2048 -2387.810059 ) (-2048 2048 1107.810059 ) (-3072 2048 1107.810059 ) (-3072 2048 -2387.810059 ) 
4 2403 2404 (-3072 3072 1107.810059 ) (-3072 3072 -2387.810059 ) (-3072 2048 -2387.810059 ) (-3072 2048 1107.810059 ) 
4 2404 2409 (-4096 2048 -2387.810059 ) (-4096 2048 1107.810059 ) (-4096 3072 1107.810059 ) (-4096 3072 -2387.810059 ) 
4 2404 2406 (-3072 2048 -2387.810059 ) (-3072 2048 1107.810059 ) (-4096 2048 1107.810059 ) (-4096 2048 -2387.810059 ) 
4 2405 2550 (-2048 1024 -2387.810059 ) (-2048 1024 1107.810059 ) (-3072 1024 1107.810059 ) (-3072 1024 -2387.810059 ) 
4 2405 2406 (-3072 2048 1107.810059 ) (-3072 2048 -2387.810059 ) (-3072 1024 -2387.810059 ) (-3072 1024 1107.810059 ) 
4 2406 2551 (-3072 1024 -2387.810059 ) (-3072 1024 1107.810059 ) (-4096 1024 1107.810059 ) (-4096 1024 -2387.810059 ) 
4 2406 2410 (-4096 1024 -2387.810059 ) (-4096 1024 1107.810059 ) (-4096 2048 1107.810059 ) (-4096 2048 -2387.810059 ) 
4 2407 2409 (-4096 3072 -2387.810059 ) (-4096 3072 1107.810059 ) (-5120 3072 1107.810059 ) (-5120 3072 -2387.810059 ) 
4 2407 2408 (-5120 3072 -2387.810059 ) (-5120 3072 1107.810059 ) (-5120 3950.979980 1107.810059 ) (-5120 3950.979980 -2387.810059 ) 
4 2408 2411 (-5120 3072 -2387.810059 ) (-5120 3072 1107.810059 ) (-5328.819824 3072 1107.810059 ) (-5328.819824 3072 -2387.810059 ) 
4 2409 2411 (-5120 3072 1107.810059 ) (-5120 3072 -2387.810059 ) (-5120 2048 -2387.810059 ) (-5120 2048 1107.810059 ) 
4 2409 2410 (-4096 2048 -2387.810059 ) (-4096 2048 1107.810059 ) (-5120 2048 1107.810059 ) (-5120 2048 -2387.810059 ) 
4 2410 2576 (-4096 1024 -2387.810059 ) (-4096 1024 1107.810059 ) (-5120 1024 1107.810059 ) (-5120 1024 -2387.810059 ) 
4 2410 2412 (-5120 1024 -2387.810059 ) (-5120 1024 1107.810059 ) (-5120 2048 1107.810059 ) (-5120 2048 -2387.810059 ) 
4 2411 2412 (-5120 2048 -2387.810059 ) (-5120 2048 1107.810059 ) (-5328.819824 2048 1107.810059 ) (-5328.819824 2048 -2387.810059 ) 
4 2412 2578 (-5120 1024 -2387.810059 ) (-5120 1024 1107.810059 ) (-5328.819824 1024 1107.810059 ) (-5328.819824 1024 -2387.810059 ) 
4 2413 2550 (-2048 1024 1107.810059 ) (-2048 1024 -392 ) (-2048 944 -392 ) (-2048 944 1107.810059 ) 
4 2413 2416 (-1024 944 -392 ) (-1024 944 1107.810059 ) (-1152 944 1107.810059 ) (-1152 944 -392 ) 
4 2413 2418 (-1152 944 1107.810059 ) (-2048 944 1107.810059 ) (-2048 944 -392 ) (-1152 944 -392 ) 
4 2413 2414 (-1152 960 -392 ) (-1152 1024 -392 ) (-1024 1024 -392 ) (-1024 960 -392 ) 
4 2413 2415 (-1152 944 -392 ) (-2048 944 -392 ) (-2048 1024 -392 ) (-1152 1024 -392 ) 
4 2414 2446 (-1144 1024 -528 ) (-1136 1024 -528 ) (-1136 960 -528 ) (-1144 960 -528 ) 
4 2414 2441 (-1136 1024 -528 ) (-1040 1024 -528 ) (-1040 960 -528 ) (-1136 960 -528 ) 
4 2414 2440 (-1040 1024 -528 ) (-1024 1024 -528 ) (-1024 960 -528 ) (-1040 960 -528 ) 
4 2414 2415 (-1152 1024 -528 ) (-1152 960 -528 ) (-1152 960 -392 ) (-1152 1024 -392 ) 
4 2415 2550 (-2048 1024 -392 ) (-2048 1024 -528 ) (-2048 944 -528 ) (-2048 944 -392 ) 
4 2415 2451 (-1336 1024 -528 ) (-1328 1024 -528 ) (-1328 944 -528 ) (-1336 944 -528 ) 
4 2415 2452 (-2048 944 -528 ) (-2048 1024 -528 ) (-1336 1024 -528 ) (-1336 944 -528 ) 
4 2415 2449 (-1328 1024 -528 ) (-1152 1024 -528 ) (-1152 944 -528 ) (-1328 944 -528 ) 
4 2415 2420 (-2048 944 -528 ) (-1152 944 -528 ) (-1152 944 -472 ) (-2048 944 -472 ) 
4 2415 2418 (-1152 944 -472 ) (-1152 944 -392 ) (-2048 944 -392 ) (-2048 944 -472 ) 
4 2416 2421 (-1024 608 -392 ) (-1024 608 1107.810059 ) (-1152 608 1107.810059 ) (-1152 608 -392 ) 
4 2416 2418 (-1152 608 -392 ) (-1152 608 1107.810059 ) (-1152 944 1107.810059 ) (-1152 944 -392 ) 
4 2417 2419 (-1024 608 -472 ) (-1136 608 -472 ) (-1136 944 -472 ) (-1024 944 -472 ) 
4 2417 2418 (-1152 944 -472 ) (-1152 608 -472 ) (-1152 608 -400 ) (-1152 944 -400 ) 
4 2418 2550 (-2048 608 -472 ) (-2048 608 1107.810059 ) (-2048 944 1107.810059 ) (-2048 944 -472 ) 
4 2418 2422 (-2048 608 1107.810059 ) (-2048 608 -472 ) (-1152 608 -472 ) (-1152 608 1107.810059 ) 
4 2418 2420 (-1152 608 -472 ) (-2048 608 -472 ) (-2048 944 -472 ) (-1152 944 -472 ) 
4 2420 2550 (-2048 944 -528 ) (-2048 608 -528 ) (-2048 608 -472 ) (-2048 944 -472 ) 
4 2420 2451 (-1336 944 -528 ) (-1328 944 -528 ) (-1328 608 -528 ) (-1336 608 -528 ) 
4 2420 2452 (-2048 608 -528 ) (-2048 944 -528 ) (-1336 944 -528 ) (-1336 608 -528 ) 
4 2420 2449 (-1328 944 -528 ) (-1152 944 -528 ) (-1152 608 -528 ) (-1328 608 -528 ) 
4 2420 2422 (-2048 608 -472 ) (-2048 608 -528 ) (-1152 608 -528 ) (-1152 608 -472 ) 
4 2421 2423 (-1024 576 -392 ) (-1024 576 1107.810059 ) (-1152 576 1107.810059 ) (-1152 576 -392 ) 
4 2421 2422 (-1152 576 -392 ) (-1152 576 1107.810059 ) (-1152 608 1107.810059 ) (-1152 608 -392 ) 
4 2422 2550 (-2048 608 -528 ) (-2048 576 -528 ) (-2048 576 1107.810059 ) (-2048 608 1107.810059 ) 
4 2422 2451 (-1336 608 -528 ) (-1328 608 -528 ) (-1328 576 -528 ) (-1336 576 -528 ) 
4 2422 2452 (-2048 576 -528 ) (-2048 608 -528 ) (-1336 608 -528 ) (-1336 576 -528 ) 
4 2422 2449 (-1328 608 -528 ) (-1152 608 -528 ) (-1152 576 -528 ) (-1328 576 -528 ) 
4 2422 2437 (-1328 576 -472 ) (-1328 576 -400 ) (-1336 576 -400 ) (-1336 576 -472 ) 
4 2422 2439 (-2048 576 -528 ) (-1336 576 -528 ) (-1336 576 -400 ) (-2048 576 -400 ) 
4 2422 2426 (-1184 576 -472 ) (-1184 576 -400 ) (-1328 576 -400 ) (-1328 576 -472 ) 
4 2422 2423 (-1152 576 -392 ) (-1152 576 1107.810059 ) (-1336 576 1107.810059 ) (-1336 576 -392 ) 
4 2422 2425 (-1336 576 1107.810059 ) (-2048 576 1107.810059 ) (-2048 576 -400 ) (-1336 576 -400 ) 
4 2423 2424 (-1336 72 1107.810059 ) (-1336 72 -392 ) (-1024 72 -392 ) (-1024 72 1107.810059 ) 
4 2423 2425 (-1336 72 -392 ) (-1336 72 1107.810059 ) (-1336 576 1107.810059 ) (-1336 576 -392 ) 
4 2424 2515 (-1136 0 1107.810059 ) (-1152 0 1107.810059 ) (-1152 0 -400 ) (-1136 0 -400 ) 
4 2424 2516 (-1152 0 1107.810059 ) (-1336 0 1107.810059 ) (-1336 0 -400 ) (-1152 0 -400 ) 
4 2424 2503 (-1040 0 1107.810059 ) (-1136 0 1107.810059 ) (-1136 0 -400 ) (-1040 0 -400 ) 
4 2424 2493 (-1024 0 -400 ) (-1024 0 1107.810059 ) (-1040 0 1107.810059 ) (-1040 0 -400 ) 
4 2424 2438 (-1328 0 -400 ) (-1336 0 -400 ) (-1336 72 -400 ) (-1328 72 -400 ) 
4 2424 2435 (-1136 0 -400 ) (-1152 0 -400 ) (-1152 72 -400 ) (-1136 72 -400 ) 
4 2424 2436 (-1152 0 -400 ) (-1328 0 -400 ) (-1328 72 -400 ) (-1152 72 -400 ) 
4 2424 2431 (-1136 56 -400 ) (-1136 68 -400 ) (-1040 68 -400 ) (-1040 56 -400 ) 
4 2424 2433 (-1040 0 -400 ) (-1136 0 -400 ) (-1136 56 -400 ) (-1040 56 -400 ) 
4 2424 2429 (-1136 68 -400 ) (-1136 72 -400 ) (-1040 72 -400 ) (-1040 68 -400 ) 
4 2424 2428 (-1024 72 -400 ) (-1024 0 -400 ) (-1040 0 -400 ) (-1040 72 -400 ) 
4 2424 2425 (-1336 72 -400 ) (-1336 0 -400 ) (-1336 0 1107.810059 ) (-1336 72 1107.810059 ) 
4 2425 2550 (-2048 0 -400 ) (-2048 0 1107.810059 ) (-2048 576 1107.810059 ) (-2048 576 -400 ) 
4 2425 2516 (-1336 0 1107.810059 ) (-2048 0 1107.810059 ) (-2048 0 -400 ) (-1336 0 -400 ) 
4 2425 2439 (-2048 0 -400 ) (-2048 576 -400 ) (-1336 576 -400 ) (-1336 0 -400 ) 
4 2426 2437 (-1328 568 -400 ) (-1328 576 -400 ) (-1328 576 -472 ) (-1328 568 -472 ) 
4 2426 2427 (-1328 568 -400 ) (-1328 568 -472 ) (-1184 568 -472 ) (-1184 568 -400 ) 
4 2427 2437 (-1328 80 -400 ) (-1328 568 -400 ) (-1328 568 -472 ) (-1328 80 -472 ) 
4 2427 2434 (-1328 80 -400 ) (-1328 80 -472 ) (-1184 80 -472 ) (-1184 80 -400 ) 
4 2427 2429 (-1136 80 -512 ) (-1040 80 -512 ) (-1040 80 -400 ) (-1136 80 -400 ) 
4 2428 2493 (-1024 0 -512 ) (-1024 0 -400 ) (-1040 0 -400 ) (-1040 0 -512 ) 
4 2428 2431 (-1040 68 -512 ) (-1040 56 -512 ) (-1040 56 -400 ) (-1040 68 -400 ) 
4 2428 2433 (-1040 56 -512 ) (-1040 0 -512 ) (-1040 0 -400 ) (-1040 56 -400 ) 
4 2428 2429 (-1040 72 -512 ) (-1040 68 -512 ) (-1040 68 -400 ) (-1040 72 -400 ) 
4 2429 2435 (-1136 68 -502.695892 ) (-1136 68 -400 ) (-1136 72 -400 ) (-1136 72 -500.003601 ) 
4 2429 2431 (-1136 68 -400 ) (-1136 68 -512 ) (-1040 68 -512 ) (-1040 68 -400 ) 
4 2430 2441 (-1136 68 -528 ) (-1136 80 -528 ) (-1040 80 -528 ) (-1040 68 -528 ) 
4 2430 2432 (-1136 68 -520 ) (-1136 68 -528 ) (-1040 68 -528 ) (-1040 68 -520 ) 
4 2431 2435 (-1136 56 -510.772858 ) (-1136 56 -400 ) (-1136 68 -400 ) (-1136 68 -502.695923 ) 
4 2431 2433 (-1136 56 -400 ) (-1136 56 -520 ) (-1040 56 -520 ) (-1040 56 -400 ) 
4 2432 2441 (-1136 56 -528 ) (-1136 68 -528 ) (-1040 68 -528 ) (-1040 56 -528 ) 
4 2433 2503 (-1040 0 -400 ) (-1136 0 -400 ) (-1136 0 -528 ) (-1040 0 -528 ) 
4 2433 2444 (-1136 8 -528 ) (-1136 20 -528 ) (-1040 20 -528 ) (-1040 8 -528 ) 
4 2433 2445 (-1040 0 -528 ) (-1136 0 -528 ) (-1136 8 -528 ) (-1040 8 -528 ) 
4 2433 2443 (-1136 20 -528 ) (-1136 32 -528 ) (-1040 32 -528 ) (-1040 20 -528 ) 
4 2433 2442 (-1136 32 -528 ) (-1136 44 -528 ) (-1040 44 -528 ) (-1040 32 -528 ) 
5 2433 2435 (-1136 30.405355 -528 ) (-1136 0 -528 ) (-1136 0 -400 ) (-1136 56 -400 ) (-1136 56 -510.772827 ) 
4 2434 2437 (-1328 72 -400 ) (-1328 80 -400 ) (-1328 80 -472 ) (-1328 72 -472 ) 
4 2434 2436 (-1328 72 -400 ) (-1328 72 -472 ) (-1184 72 -472 ) (-1184 72 -400 ) 
4 2435 2515 (-1136 0 -400 ) (-1152 0 -400 ) (-1152 0 -528 ) (-1136 0 -528 ) 
4 2435 2448 (-1136 0 -528 ) (-1152 0 -528 ) (-1152 30.405355 -528 ) (-1136 30.405354 -528 ) 
5 2435 2436 (-1152 72 -400 ) (-1152 72 -500.003601 ) (-1152 30.405354 -528 ) (-1152 0 -528 ) (-1152 0 -400 ) 
4 2436 2516 (-1152 0 -400 ) (-1328 0 -400 ) (-1328 0 -528 ) (-1152 0 -528 ) 
4 2436 2453 (-1152 0 -528 ) (-1328 0 -528 ) (-1328 72 -528 ) (-1152 72 -528 ) 
4 2436 2438 (-1328 0 -400 ) (-1328 72 -400 ) (-1328 72 -528 ) (-1328 0 -528 ) 
4 2437 2438 (-1336 72 -400 ) (-1336 72 -472 ) (-1328 72 -472 ) (-1328 72 -400 ) 
4 2437 2439 (-1336 72 -400 ) (-1336 576 -400 ) (-1336 576 -472 ) (-1336 72 -472 ) 
4 2438 2516 (-1328 0 -400 ) (-1336 0 -400 ) (-1336 0 -528 ) (-1328 0 -528 ) 
4 2438 2453 (-1328 72 -528 ) (-1328 0 -528 ) (-1336 0 -528 ) (-1336 72 -528 ) 
4 2438 2439 (-1336 0 -400 ) (-1336 72 -400 ) (-1336 72 -528 ) (-1336 0 -528 ) 
4 2439 2550 (-2048 576 -528 ) (-2048 0 -528 ) (-2048 0 -400 ) (-2048 576 -400 ) 
4 2439 2516 (-1336 0 -400 ) (-2048 0 -400 ) (-2048 0 -528 ) (-1336 0 -528 ) 
4 2439 2454 (-2048 0 -528 ) (-2048 80 -528 ) (-1336 80 -528 ) (-1336 0 -528 ) 
4 2439 2452 (-2048 80 -528 ) (-2048 576 -528 ) (-1336 576 -528 ) (-1336 80 -528 ) 
4 2440 2476 (-1040 80 -640 ) (-1040 552 -640 ) (-1024 552 -640 ) (-1024 80 -640 ) 
4 2440 2457 (-1040 552 -640 ) (-1040 1024 -640 ) (-1024 1024 -640 ) (-1024 552 -640 ) 
4 2440 2441 (-1040 1024 -640 ) (-1040 80 -640 ) (-1040 80 -528 ) (-1040 1024 -528 ) 
4 2441 2500 (-1136 0 -565.333313 ) (-1136 0 -640 ) (-1040 0 -640 ) (-1040 0 -565.333313 ) 
4 2441 2478 (-1112 0 -640 ) (-1136 0 -640 ) (-1136 96 -640 ) (-1112 96 -640 ) 
4 2441 2477 (-1136 96 -640 ) (-1136 552 -640 ) (-1112 552 -640 ) (-1112 96 -640 ) 
4 2441 2476 (-1040 0 -640 ) (-1112 0 -640 ) (-1112 552 -640 ) (-1040 552 -640 ) 
4 2441 2457 (-1128 1024 -640 ) (-1040 1024 -640 ) (-1040 552 -640 ) (-1128 552 -640 ) 
3 2441 2455 (-1136 552 -640 ) (-1136 560 -640 ) (-1128 552 -640 ) 
4 2441 2446 (-1136 1024 -640 ) (-1136 72 -640 ) (-1136 72 -528 ) (-1136 1024 -528 ) 
4 2442 2443 (-1136 32 -528 ) (-1136 32 -536 ) (-1040 32 -536 ) (-1040 32 -528 ) 
3 2443 2448 (-1136 20 -528 ) (-1136 30.405354 -528 ) (-1136 20 -535.003601 ) 
4 2443 2444 (-1136 20 -528 ) (-1136 20 -544 ) (-1040 20 -544 ) (-1040 20 -528 ) 
4 2444 2448 (-1136 8 -528 ) (-1136 20 -528 ) (-1136 20 -535.003601 ) (-1136 8 -543.080505 ) 
4 2444 2445 (-1136 8 -528 ) (-1136 8 -552 ) (-1040 8 -552 ) (-1040 8 -528 ) 
4 2445 2503 (-1040 0 -528 ) (-1136 0 -528 ) (-1136 0 -560 ) (-1040 0 -560 ) 
4 2445 2448 (-1136 0 -548.465149 ) (-1136 0 -528 ) (-1136 8 -528 ) (-1136 8 -543.080505 ) 
4 2446 2477 (-1136 552 -640 ) (-1136 96 -640 ) (-1144 96 -640 ) (-1144 552 -640 ) 
4 2446 2447 (-1144 576 -640 ) (-1144 72 -640 ) (-1144 72 -528 ) (-1144 576 -528 ) 
4 2447 2477 (-1152 96 -640 ) (-1152 552 -640 ) (-1144 552 -640 ) (-1144 96 -640 ) 
4 2447 2450 (-1152 568 -640 ) (-1152 80 -640 ) (-1152 80 -528 ) (-1152 568 -528 ) 
4 2448 2515 (-1136 0 -528 ) (-1152 0 -528 ) (-1152 0 -548.465149 ) (-1136 0 -548.465149 ) 
3 2448 2453 (-1152 0 -548.465149 ) (-1152 0 -528 ) (-1152 30.405355 -528 ) 
4 2449 2485 (-1328 1024 -640 ) (-1312 1024 -640 ) (-1312 576 -640 ) (-1328 576 -640 ) 
4 2449 2484 (-1312 1024 -640 ) (-1272 1024 -640 ) (-1272 576 -640 ) (-1312 576 -640 ) 
4 2449 2459 (-1272 1024 -640 ) (-1208 1024 -640 ) (-1208 576 -640 ) (-1272 576 -640 ) 
4 2449 2458 (-1208 1024 -640 ) (-1152 1024 -640 ) (-1152 576 -640 ) (-1208 632 -640 ) 
3 2449 2456 (-1152 576 -640 ) (-1208 576 -640 ) (-1208 632 -640 ) 
4 2449 2451 (-1328 1024 -640 ) (-1328 576 -640 ) (-1328 576 -528 ) (-1328 1024 -528 ) 
4 2450 2487 (-1312 552 -640 ) (-1272 552 -640 ) (-1272 96 -640 ) (-1312 96 -640 ) 
4 2450 2477 (-1152 552 -640 ) (-1152 96 -640 ) (-1272 96 -640 ) (-1272 552 -640 ) 
4 2451 2485 (-1336 1024 -640 ) (-1328 1024 -640 ) (-1328 576 -640 ) (-1336 576 -640 ) 
4 2451 2452 (-1336 1024 -640 ) (-1336 576 -640 ) (-1336 576 -528 ) (-1336 1024 -528 ) 
4 2452 2550 (-2048 1024 -528 ) (-2048 1024 -640 ) (-2048 80 -640 ) (-2048 80 -528 ) 
4 2452 2490 (-2048 80 -640 ) (-2048 96 -640 ) (-1336 96 -640 ) (-1336 80 -640 ) 
4 2452 2488 (-2048 96 -640 ) (-2048 552 -640 ) (-1336 552 -640 ) (-1336 96 -640 ) 
4 2452 2486 (-2048 552 -640 ) (-2048 576 -640 ) (-1336 576 -640 ) (-1336 552 -640 ) 
4 2452 2485 (-2048 576 -640 ) (-2048 1024 -640 ) (-1336 1024 -640 ) (-1336 576 -640 ) 
4 2452 2454 (-2048 80 -640 ) (-1336 80 -640 ) (-1336 80 -528 ) (-2048 80 -528 ) 
4 2453 2516 (-1152 0 -528 ) (-1336 0 -528 ) (-1336 0 -640 ) (-1152 0 -640 ) 
4 2453 2491 (-1312 0 -640 ) (-1336 0 -640 ) (-1336 72 -640 ) (-1312 72 -640 ) 
4 2453 2489 (-1272 0 -640 ) (-1312 0 -640 ) (-1312 72 -640 ) (-1272 72 -640 ) 
4 2453 2481 (-1152 0 -640 ) (-1272 0 -640 ) (-1272 72 -640 ) (-1152 72 -640 ) 
4 2453 2454 (-1336 72 -640 ) (-1336 0 -640 ) (-1336 0 -528 ) (-1336 72 -528 ) 
4 2454 2550 (-2048 80 -640 ) (-2048 0 -640 ) (-2048 0 -528 ) (-2048 80 -528 ) 
4 2454 2516 (-1336 0 -528 ) (-2048 0 -528 ) (-2048 0 -640 ) (-1336 0 -640 ) 
4 2454 2490 (-1336 0 -640 ) (-2048 0 -640 ) (-2048 80 -640 ) (-1336 80 -640 ) 
3 2455 2492 (-1128 552 -960 ) (-1136 552 -960 ) (-1136 560 -960 ) 
4 2455 2477 (-1136 552 -960 ) (-1128 552 -960 ) (-1128 552 -640 ) (-1136 552 -640 ) 
3 2456 2474 (-1208 632 -800 ) (-1208 632 -826.666626 ) (-1208 624 -800 ) 
4 2456 2459 (-1208 576 -640 ) (-1208 632 -640 ) (-1208 632 -800 ) (-1208 624 -800 ) 
3 2456 2458 (-1208 632 -826.666626 ) (-1208 632 -640 ) (-1152 576 -640 ) 
4 2457 2492 (-1128 1024 -960 ) (-1024 1024 -960 ) (-1024 552 -960 ) (-1128 552 -960 ) 
4 2457 2477 (-1128 552 -960 ) (-1112 552 -960 ) (-1112 552 -640 ) (-1128 552 -640 ) 
4 2457 2476 (-1112 552 -960 ) (-1024 552 -960 ) (-1024 552 -640 ) (-1112 552 -640 ) 
4 2458 2475 (-1208 632 -826.668091 ) (-1208 632 -800 ) (-1208 728 -800 ) (-1208 728 -826.668091 ) 
3 2458 2473 (-1208 734.594788 -803.056152 ) (-1208 736 -801.650940 ) (-1208 736 -802.340210 ) 
4 2458 2472 (-1208 731.055969 -806.595093 ) (-1208 733.575073 -801.651001 ) (-1208 736 -801.266968 ) (-1208 736 -801.650940 ) 
3 2458 2471 (-1208 728.783081 -811.055969 ) (-1208 730.187622 -802.187500 ) (-1208 733.575073 -801.651001 ) 
3 2458 2470 (-1208 728 -816 ) (-1208 728 -802.533997 ) (-1208 730.187622 -802.187500 ) 
3 2458 2469 (-1208 952 -800 ) (-1208 955.407166 -800 ) (-1208 956.944031 -800.783081 ) 
3 2458 2468 (-1208 955.407166 -800 ) (-1208 960 -800 ) (-1208 960 -802.340149 ) 
14 2458 2467 (-1208 952 -808 ) (-1208 954.471985 -808.392029 ) (-1208 956.702148 -809.528076 ) (-1208 958.472046 -811.297974 ) (-1208 959.608948 -813.527832 ) (-1208 960 -816 ) (-1208 960 -826.668091 ) (-1208 736 -826.668091 ) (-1208 736 -816 ) (-1208 736.390991 -813.528015 ) (-1208 737.527832 -811.298279 ) (-1208 739.297302 -809.527893 ) (-1208 741.528259 -808.390930 ) (-1208 744 -808 ) 
3 2458 2466 (-1208 736 -802.340088 ) (-1208 736 -801.266968 ) (-1208 739.056213 -800.782959 ) 
3 2458 2465 (-1208 960 -802.340149 ) (-1208 960 -801.651001 ) (-1208 961.405090 -803.056030 ) 
4 2458 2464 (-1208 960 -800 ) (-1208 961.583679 -800 ) (-1208 964.943970 -806.594910 ) (-1208 960 -801.651001 ) 
3 2458 2463 (-1208 961.583679 -800 ) (-1208 965.465942 -800 ) (-1208 967.216980 -811.055969 ) 
3 2458 2462 (-1208 965.465942 -800 ) (-1208 968 -800 ) (-1208 968 -816 ) 
3 2458 2461 (-1208 728 -800 ) (-1208 744 -800 ) (-1208 728 -802.533997 ) 
4 2458 2460 (-1208 968 -800 ) (-1208 1024 -800 ) (-1208 1024 -826.668091 ) (-1208 968 -826.668091 ) 
4 2458 2459 (-1208 632 -800 ) (-1208 632 -640 ) (-1208 1024 -640 ) (-1208 1024 -800 ) 
4 2459 2484 (-1272 576 -640 ) (-1272 1024 -640 ) (-1272 1024 -800 ) (-1272 624 -800 ) 
4 2459 2475 (-1208 728 -800 ) (-1208 632 -800 ) (-1272 696 -800 ) (-1272 728 -800 ) 
4 2459 2474 (-1208 632 -800 ) (-1208 624 -800 ) (-1272 624 -800 ) (-1272 696 -800 ) 
4 2459 2469 (-1208 955.407166 -800 ) (-1208 952 -800 ) (-1272 952 -800 ) (-1272 955.407166 -800 ) 
4 2459 2468 (-1208 960 -800 ) (-1208 955.407166 -800 ) (-1272 955.407166 -800 ) (-1272 960 -800 ) 
4 2459 2464 (-1208 961.583679 -800 ) (-1208 960 -800 ) (-1272 960 -800 ) (-1272 961.583679 -800 ) 
4 2459 2463 (-1208 965.465942 -800 ) (-1208 961.583679 -800 ) (-1272 961.583679 -800 ) (-1272 965.465942 -800 ) 
4 2459 2462 (-1208 968 -800 ) (-1208 965.465942 -800 ) (-1272 965.465942 -800 ) (-1272 968 -800 ) 
4 2459 2461 (-1208 744 -800 ) (-1208 728 -800 ) (-1272 728 -800 ) (-1272 744 -800 ) 
4 2459 2460 (-1208 1024 -800 ) (-1208 968 -800 ) (-1272 968 -800 ) (-1272 1024 -800 ) 
4 2460 2492 (-1272 1024 -960 ) (-1248 1024 -960 ) (-1248 968 -960 ) (-1272 968 -960 ) 
4 2460 2484 (-1272 1024 -960 ) (-1272 968 -960 ) (-1272 968 -800 ) (-1272 1024 -800 ) 
4 2460 2462 (-1208 968 -816 ) (-1208 968 -800 ) (-1272 968 -800 ) (-1272 968 -816 ) 
3 2461 2484 (-1272 728 -802.533997 ) (-1272 728 -800 ) (-1272 744 -800 ) 
4 2461 2475 (-1208 728 -802.533997 ) (-1208 728 -800 ) (-1272 728 -800 ) (-1272 728 -802.533997 ) 
4 2461 2472 (-1272 733.574951 -801.651306 ) (-1272 736 -801.267212 ) (-1208 736 -801.267212 ) (-1208 733.574951 -801.651306 ) 
4 2461 2471 (-1272 730.187561 -802.187805 ) (-1272 733.574951 -801.651306 ) (-1208 733.574951 -801.651306 ) (-1208 730.187561 -802.187805 ) 
4 2461 2470 (-1208 728 -802.534241 ) (-1272 728 -802.534241 ) (-1272 730.187561 -802.187805 ) (-1208 730.187561 -802.187805 ) 
4 2461 2466 (-1272 736 -801.267212 ) (-1272 739.055664 -800.783264 ) (-1208 739.055664 -800.783264 ) (-1208 736 -801.267212 ) 
3 2462 2484 (-1272 965.465942 -800 ) (-1272 968 -800 ) (-1272 968 -816 ) 
4 2462 2463 (-1208 967.216980 -811.055969 ) (-1208 965.465881 -800 ) (-1272 965.465881 -800 ) (-1272 967.216980 -811.055969 ) 
3 2463 2484 (-1272 961.583679 -800 ) (-1272 965.465942 -800 ) (-1272 967.216980 -811.056030 ) 
4 2463 2464 (-1208 964.944885 -806.595886 ) (-1208 961.584167 -800 ) (-1272 961.584167 -800 ) (-1272 964.944885 -806.595886 ) 
4 2464 2484 (-1272 960 -801.651001 ) (-1272 960 -800 ) (-1272 961.583679 -800 ) (-1272 964.943909 -806.594849 ) 
4 2464 2468 (-1208 960 -801.651001 ) (-1208 960 -800 ) (-1272 960 -800 ) (-1272 960 -801.651001 ) 
4 2464 2465 (-1208 961.410339 -803.058777 ) (-1208 960 -801.648438 ) (-1272 960 -801.648438 ) (-1272 961.410339 -803.058777 ) 
3 2465 2484 (-1272 960 -802.340149 ) (-1272 960 -801.651001 ) (-1272 961.405090 -803.056030 ) 
4 2465 2468 (-1208 960 -802.340149 ) (-1208 960 -801.651001 ) (-1272 960 -801.651001 ) (-1272 960 -802.340149 ) 
3 2466 2484 (-1272 736 -802.340088 ) (-1272 736 -801.266968 ) (-1272 739.056213 -800.782959 ) 
4 2466 2473 (-1208 736 -802.340149 ) (-1208 736 -801.650940 ) (-1272 736 -801.650940 ) (-1272 736 -802.340149 ) 
4 2466 2472 (-1208 736 -801.650940 ) (-1208 736 -801.265625 ) (-1272 736 -801.265625 ) (-1272 736 -801.650940 ) 
4 2467 2492 (-1272 736 -960 ) (-1272 960 -960 ) (-1248 960 -960 ) (-1248 736 -960 ) 
14 2467 2484 (-1272 960 -960 ) (-1272 736 -960 ) (-1272 736 -816 ) (-1272 736.390930 -813.528259 ) (-1272 737.528076 -811.297974 ) (-1272 739.297119 -809.528015 ) (-1272 741.528259 -808.390930 ) (-1272 744 -808 ) (-1272 952 -808 ) (-1272 954.471802 -808.391907 ) (-1272 956.702148 -809.528076 ) (-1272 958.471985 -811.297913 ) (-1272 959.608948 -813.527893 ) (-1272 960 -816 ) 
3 2468 2484 (-1272 955.407166 -800 ) (-1272 960 -800 ) (-1272 960 -802.340149 ) 
4 2468 2469 (-1208 956.940063 -800.782410 ) (-1208 955.404419 -800 ) (-1272 955.404419 -800 ) (-1272 956.940063 -800.782410 ) 
3 2469 2484 (-1272 952 -800 ) (-1272 955.407166 -800 ) (-1272 956.944031 -800.783081 ) 
3 2470 2484 (-1272 728 -816 ) (-1272 728 -802.533997 ) (-1272 730.187622 -802.187500 ) 
4 2470 2475 (-1208 728 -816 ) (-1208 728 -802.533997 ) (-1272 728 -802.533997 ) (-1272 728 -816 ) 
4 2470 2471 (-1272 730.187927 -802.187561 ) (-1208 730.187927 -802.187561 ) (-1208 728.783508 -811.055054 ) (-1272 728.783508 -811.055054 ) 
3 2471 2484 (-1272 728.783020 -811.056030 ) (-1272 730.187622 -802.187500 ) (-1272 733.575073 -801.651001 ) 
4 2471 2472 (-1272 731.055115 -806.595886 ) (-1272 733.574585 -801.651123 ) (-1208 733.574585 -801.651123 ) (-1208 731.055115 -806.595886 ) 
4 2472 2484 (-1272 731.055908 -806.595154 ) (-1272 733.575073 -801.651001 ) (-1272 736 -801.266968 ) (-1272 736 -801.650879 ) 
4 2472 2473 (-1272 734.589661 -803.058777 ) (-1272 736 -801.648438 ) (-1208 736 -801.648438 ) (-1208 734.589661 -803.058777 ) 
3 2473 2484 (-1272 734.594788 -803.056152 ) (-1272 736 -801.650879 ) (-1272 736 -802.340149 ) 
3 2474 2492 (-1272 672 -960 ) (-1272 696 -960 ) (-1248 672 -960 ) 
4 2474 2484 (-1272 696 -960 ) (-1272 672 -960 ) (-1272 624 -800 ) (-1272 696 -800 ) 
5 2474 2475 (-1272 696 -960 ) (-1272 696 -800 ) (-1208 632 -800 ) (-1208 632 -826.666687 ) (-1248 672 -960 ) 
4 2475 2492 (-1248 672 -960 ) (-1272 696 -960 ) (-1272 728 -960 ) (-1248 728 -960 ) 
4 2475 2484 (-1272 728 -960 ) (-1272 696 -960 ) (-1272 696 -800 ) (-1272 728 -800 ) 
4 2476 2501 (-1112 0 -656 ) (-1112 0 -960 ) (-1040 0 -960 ) (-1040 0 -656 ) 
4 2476 2500 (-1040 0 -640 ) (-1112 0 -640 ) (-1112 0 -656 ) (-1040 0 -656 ) 
4 2476 2494 (-1024 0 -960 ) (-1024 0 -640 ) (-1040 0 -640 ) (-1040 0 -960 ) 
4 2476 2492 (-1024 552 -960 ) (-1024 0 -960 ) (-1112 0 -960 ) (-1112 552 -960 ) 
4 2476 2478 (-1112 0 -656 ) (-1112 0 -640 ) (-1112 96 -640 ) (-1112 96 -656 ) 
4 2476 2477 (-1112 552 -640 ) (-1112 552 -960 ) (-1112 96 -960 ) (-1112 96 -640 ) 
4 2477 2492 (-1272 96 -960 ) (-1272 552 -960 ) (-1112 552 -960 ) (-1112 96 -960 ) 
4 2477 2487 (-1272 552 -960 ) (-1272 96 -960 ) (-1272 96 -640 ) (-1272 552 -640 ) 
4 2477 2479 (-1136 96 -960 ) (-1112 96 -960 ) (-1112 96 -656 ) (-1136 96 -656 ) 
4 2477 2478 (-1112 96 -656 ) (-1112 96 -640 ) (-1136 96 -640 ) (-1136 96 -656 ) 
4 2478 2500 (-1112 0 -640 ) (-1136 0 -640 ) (-1136 0 -656 ) (-1112 0 -656 ) 
3 2478 2480 (-1136 72 -656 ) (-1136 67.199699 -656 ) (-1136 72 -640 ) 
3 2478 2479 (-1136 72 -656 ) (-1136 96 -656 ) (-1112 96 -656 ) 
3 2479 2492 (-1136 72 -960 ) (-1136 96 -960 ) (-1112 96 -960 ) 
4 2481 2516 (-1152 0 -640 ) (-1272 0 -640 ) (-1272 0 -656 ) (-1152 0 -656 ) 
4 2481 2489 (-1272 0 -656 ) (-1272 0 -640 ) (-1272 72 -640 ) (-1272 67.200020 -656 ) 
5 2481 2483 (-1272 0 -656 ) (-1272 67.200020 -656 ) (-1152 67.200020 -656 ) (-1152 56 -656 ) (-1208 0 -656 ) 
3 2481 2482 (-1152 56 -656 ) (-1152 0 -656 ) (-1208 0 -656 ) 
3 2482 2517 (-1140.799927 0 -656 ) (-1208 0 -656 ) (-1208 0 -880 ) 
3 2482 2483 (-1208 0 -656 ) (-1140.799927 67.200035 -656 ) (-1208 0 -880 ) 
4 2483 2519 (-1272 0 -656 ) (-1272 0 -880 ) (-1208 0 -880 ) (-1208 0 -656 ) 
3 2483 2489 (-1272 0 -880 ) (-1272 0 -656 ) (-1272 67.200020 -656 ) 
4 2484 2492 (-1312 1024 -960 ) (-1272 1024 -960 ) (-1272 672 -960 ) (-1312 672 -960 ) 
4 2484 2485 (-1312 1024 -960 ) (-1312 672 -960 ) (-1312 576 -640 ) (-1312 1024 -640 ) 
4 2485 2550 (-2048 1024 -640 ) (-2048 1024 -960 ) (-2048 672 -960 ) (-2048 576 -640 ) 
4 2485 2492 (-2048 672 -960 ) (-2048 1024 -960 ) (-1312 1024 -960 ) (-1312 672 -960 ) 
4 2485 2486 (-2048 672 -960 ) (-1432 672 -960 ) (-1336 576 -640 ) (-2048 576 -640 ) 
4 2486 2550 (-2048 672 -960 ) (-2048 552 -960 ) (-2048 552 -640 ) (-2048 576 -640 ) 
4 2486 2492 (-2048 552 -960 ) (-2048 672 -960 ) (-1432 672 -960 ) (-1432 552 -960 ) 
4 2486 2488 (-2048 552 -960 ) (-1432 552 -960 ) (-1336 552 -640 ) (-2048 552 -640 ) 
4 2487 2492 (-1312 552 -960 ) (-1272 552 -960 ) (-1272 96 -960 ) (-1312 96 -960 ) 
4 2488 2550 (-2048 552 -960 ) (-2048 96 -960 ) (-2048 96 -640 ) (-2048 552 -640 ) 
4 2488 2492 (-2048 96 -960 ) (-2048 552 -960 ) (-1432 552 -960 ) (-1432 96 -960 ) 
4 2488 2490 (-2048 96 -960 ) (-1432 96 -960 ) (-1336 96 -640 ) (-2048 96 -640 ) 
4 2489 2519 (-1312 0 -656 ) (-1312 0 -880 ) (-1272 0 -880 ) (-1272 0 -656 ) 
4 2489 2516 (-1272 0 -640 ) (-1312 0 -640 ) (-1312 0 -656 ) (-1272 0 -656 ) 
3 2489 2491 (-1312 0 -880 ) (-1312 0 -640 ) (-1312 72 -640 ) 
4 2490 2550 (-2048 96 -960 ) (-2048 0 -960 ) (-2048 0 -640 ) (-2048 96 -640 ) 
4 2490 2518 (-2048 0 -656 ) (-2048 0 -960 ) (-1432 0 -960 ) (-1340.800049 0 -656 ) 
4 2490 2516 (-1336 0 -640 ) (-2048 0 -640 ) (-2048 0 -656 ) (-1340.800049 0 -656 ) 
4 2490 2492 (-2048 0 -960 ) (-2048 96 -960 ) (-1432 96 -960 ) (-1432 0 -960 ) 
3 2490 2491 (-1336 72 -640 ) (-1336 0 -640 ) (-1408 0 -880 ) 
4 2491 2519 (-1340.800049 0 -656 ) (-1408 0 -880 ) (-1312 0 -880 ) (-1312 0 -656 ) 
4 2491 2516 (-1312 0 -640 ) (-1336 0 -640 ) (-1340.800049 0 -656 ) (-1312 0 -656 ) 
4 2492 2550 (-2048 1024 -960 ) (-2048 1024 -2387.810059 ) (-2048 0 -2387.810059 ) (-2048 0 -960 ) 
4 2492 2547 (-1024 0 -2387.810059 ) (-1024 0 -1568 ) (-2048 0 -1568 ) (-2048 0 -2387.810059 ) 
4 2492 2520 (-1136 0 -960 ) (-2048 0 -960 ) (-2048 0 -1568 ) (-1136 0 -1568 ) 
4 2492 2502 (-1112 0 -960 ) (-1136 0 -960 ) (-1136 0 -1568 ) (-1112 0 -1568 ) 
4 2492 2501 (-1040 0 -960 ) (-1112 0 -960 ) (-1112 0 -1568 ) (-1040 0 -1568 ) 
4 2492 2494 (-1024 0 -1568 ) (-1024 0 -960 ) (-1040 0 -960 ) (-1040 0 -1568 ) 
4 2493 2504 (-1040 -4 -512 ) (-1040 -112 -512 ) (-1040 -112 1107.810059 ) (-1040 -4 1107.810059 ) 
4 2493 2503 (-1040 0 1107.810059 ) (-1040 0 -512 ) (-1040 -4 -512 ) (-1040 -4 1107.810059 ) 
4 2493 2497 (-1040 -112 1107.810059 ) (-1040 -112 -512 ) (-1028 -112 -512 ) (-1028 -112 1107.810059 ) 
4 2493 2496 (-1028 -112 -512 ) (-1024 -112 -512 ) (-1024 -112 1107.810059 ) (-1028 -112 1107.810059 ) 
4 2494 2547 (-1040 0 -1568 ) (-1024 0 -1568 ) (-1024 -96 -1568 ) (-1040 -96 -1568 ) 
4 2494 2501 (-1040 0 -656 ) (-1040 0 -1568 ) (-1040 -96 -1568 ) (-1040 -96 -656 ) 
4 2494 2500 (-1040 0 -640 ) (-1040 0 -656 ) (-1040 -96 -656 ) (-1040 -96 -640 ) 
4 2494 2495 (-1040 -96 -768 ) (-1040 -96 -1568 ) (-1024 -96 -1568 ) (-1024 -96 -768 ) 
4 2495 2547 (-1024 -96 -1568 ) (-1024 -112 -1568 ) (-1040 -112 -1568 ) (-1040 -96 -1568 ) 
4 2495 2501 (-1040 -96 -1568 ) (-1040 -112 -1568 ) (-1040 -112 -768 ) (-1040 -96 -768 ) 
4 2495 2499 (-1040 -112 -768 ) (-1040 -112 -1568 ) (-1024 -112 -1568 ) (-1024 -112 -768 ) 
4 2496 2521 (-1024 -256 -640 ) (-1024 -256 1107.810059 ) (-1028 -256 1107.810059 ) (-1028 -256 -640 ) 
4 2496 2497 (-1028 -256 -640 ) (-1028 -256 1107.810059 ) (-1028 -112 1107.810059 ) (-1028 -112 -640 ) 
4 2497 2521 (-1028 -256 1107.810059 ) (-1040 -256 1107.810059 ) (-1040 -256 -640 ) (-1028 -256 -640 ) 
4 2497 2513 (-1040 -256 -640 ) (-1040 -256 -632 ) (-1040 -112 -632 ) (-1040 -112 -640 ) 
4 2497 2512 (-1040 -256 -632 ) (-1040 -256 -624 ) (-1040 -112 -624 ) (-1040 -112 -632 ) 
4 2497 2511 (-1040 -256 -624 ) (-1040 -256 -608 ) (-1040 -112 -608 ) (-1040 -112 -624 ) 
4 2497 2509 (-1040 -256 -608 ) (-1040 -256 -592 ) (-1040 -112 -592 ) (-1040 -112 -608 ) 
4 2497 2507 (-1040 -256 -592 ) (-1040 -256 -576 ) (-1040 -112 -576 ) (-1040 -112 -592 ) 
4 2497 2505 (-1040 -256 -576 ) (-1040 -256 -568 ) (-1040 -112 -568 ) (-1040 -112 -576 ) 
4 2497 2504 (-1040 -256 -568 ) (-1040 -256 1107.810059 ) (-1040 -112 1107.810059 ) (-1040 -112 -568 ) 
4 2498 2499 (-1028 -256 -648 ) (-1040 -256 -648 ) (-1040 -112 -648 ) (-1028 -112 -648 ) 
4 2499 2547 (-1024 -112 -1568 ) (-1024 -256 -1568 ) (-1040 -256 -1568 ) (-1040 -112 -1568 ) 
4 2499 2540 (-1040 -256 -1568 ) (-1024 -256 -1568 ) (-1024 -256 -960 ) (-1040 -256 -960 ) 
3 2499 2514 (-1040 -256 -736 ) (-1040 -256 -656 ) (-1040 -136 -656 ) 
5 2499 2501 (-1040 -112 -1568 ) (-1040 -256 -1568 ) (-1040 -256 -736 ) (-1040 -136 -656 ) (-1040 -112 -656 ) 
4 2500 2501 (-1112 0 -656 ) (-1040 0 -656 ) (-1040 -112 -656 ) (-1112 -112 -656 ) 
4 2501 2547 (-1112 0 -1568 ) (-1040 0 -1568 ) (-1040 -256 -1568 ) (-1112 -256 -1568 ) 
4 2501 2546 (-1112 -256 -1568 ) (-1048 -256 -1568 ) (-1048 -256 -960 ) (-1112 -256 -960 ) 
4 2501 2540 (-1048 -256 -1568 ) (-1040 -256 -1568 ) (-1040 -256 -960 ) (-1048 -256 -960 ) 
4 2501 2514 (-1112 -256 -736 ) (-1040 -256 -735.996094 ) (-1040 -136.005875 -656 ) (-1112 -136.002151 -656 ) 
4 2501 2502 (-1112 0 -1568 ) (-1112 -256 -1568 ) (-1112 -256 -960 ) (-1112 0 -960 ) 
4 2502 2547 (-1136 0 -1568 ) (-1112 0 -1568 ) (-1112 -256 -1568 ) (-1136 -256 -1568 ) 
4 2502 2546 (-1136 -256 -1568 ) (-1112 -256 -1568 ) (-1112 -256 -960 ) (-1136 -256 -960 ) 
4 2502 2520 (-1136 0 -1568 ) (-1136 -256 -1568 ) (-1136 -256 -960 ) (-1136 0 -960 ) 
4 2503 2515 (-1136 0 1107.810059 ) (-1136 0 -548.465088 ) (-1136 -4 -551.157471 ) (-1136 -4 1107.810059 ) 
4 2503 2504 (-1136 -4 1107.810059 ) (-1136 -4 -560 ) (-1040 -4 -560 ) (-1040 -4 1107.810059 ) 
4 2504 2541 (-1048 -256 1107.810059 ) (-1136 -256 1107.810059 ) (-1136 -256 -568 ) (-1048 -256 -568 ) 
4 2504 2521 (-1040 -256 -568 ) (-1040 -256 1107.810059 ) (-1048 -256 1107.810059 ) (-1048 -256 -568 ) 
5 2504 2515 (-1136 -256 -568 ) (-1136 -256 1107.810059 ) (-1136 -4 1107.810059 ) (-1136 -4 -551.157471 ) (-1136 -29.023277 -568 ) 
4 2504 2505 (-1136 -256 -568 ) (-1136 -16 -568 ) (-1040 -16 -568 ) (-1040 -256 -568 ) 
4 2505 2541 (-1048 -256 -568 ) (-1136 -256 -568 ) (-1136 -256 -576 ) (-1048 -256 -576 ) 
4 2505 2521 (-1040 -256 -576 ) (-1040 -256 -568 ) (-1048 -256 -568 ) (-1048 -256 -576 ) 
4 2505 2515 (-1136 -256 -576 ) (-1136 -256 -568 ) (-1136 -29.023300 -568 ) (-1136 -40.908936 -576 ) 
4 2505 2506 (-1136 -40 -576 ) (-1136 -28 -576 ) (-1040 -28 -576 ) (-1040 -40 -576 ) 
4 2505 2507 (-1136 -256 -576 ) (-1136 -40 -576 ) (-1040 -40 -576 ) (-1040 -256 -576 ) 
4 2506 2507 (-1040 -40 -584 ) (-1040 -40 -576 ) (-1136 -40 -576 ) (-1136 -40 -584 ) 
4 2507 2541 (-1048 -256 -576 ) (-1136 -256 -576 ) (-1136 -256 -592 ) (-1048 -256 -592 ) 
4 2507 2521 (-1040 -256 -592 ) (-1040 -256 -576 ) (-1048 -256 -576 ) (-1048 -256 -592 ) 
4 2507 2515 (-1136 -256 -592 ) (-1136 -256 -576 ) (-1136 -40.908951 -576 ) (-1136 -64.680359 -592 ) 
4 2507 2508 (-1136 -64 -592 ) (-1136 -52 -592 ) (-1040 -52 -592 ) (-1040 -64 -592 ) 
4 2507 2509 (-1136 -256 -592 ) (-1136 -64 -592 ) (-1040 -64 -592 ) (-1040 -256 -592 ) 
4 2508 2509 (-1040 -64 -600 ) (-1040 -64 -592 ) (-1136 -64 -592 ) (-1136 -64 -600 ) 
4 2509 2541 (-1048 -256 -592 ) (-1136 -256 -592 ) (-1136 -256 -608 ) (-1048 -256 -608 ) 
4 2509 2521 (-1040 -256 -608 ) (-1040 -256 -592 ) (-1048 -256 -592 ) (-1048 -256 -608 ) 
4 2509 2515 (-1136 -256 -608 ) (-1136 -256 -592 ) (-1136 -64.680389 -592 ) (-1136 -88.451790 -608 ) 
4 2509 2510 (-1136 -88 -608 ) (-1136 -76 -608 ) (-1040 -76 -608 ) (-1040 -88 -608 ) 
4 2509 2511 (-1136 -256 -608 ) (-1136 -88 -608 ) (-1040 -88 -608 ) (-1040 -256 -608 ) 
4 2510 2511 (-1040 -88 -616 ) (-1040 -88 -608 ) (-1136 -88 -608 ) (-1136 -88 -616 ) 
4 2511 2541 (-1048 -256 -608 ) (-1136 -256 -608 ) (-1136 -256 -624 ) (-1048 -256 -624 ) 
4 2511 2521 (-1040 -256 -624 ) (-1040 -256 -608 ) (-1048 -256 -608 ) (-1048 -256 -624 ) 
4 2511 2515 (-1136 -256 -624 ) (-1136 -256 -608 ) (-1136 -88.451828 -608 ) (-1136 -112.223160 -624 ) 
4 2511 2512 (-1136 -256 -624 ) (-1136 -100 -624 ) (-1040 -100 -624 ) (-1040 -256 -624 ) 
4 2512 2541 (-1048 -256 -624 ) (-1136 -256 -624 ) (-1136 -256 -632 ) (-1048 -256 -632 ) 
4 2512 2521 (-1040 -256 -632 ) (-1040 -256 -624 ) (-1048 -256 -624 ) (-1048 -256 -632 ) 
4 2512 2515 (-1136 -256 -632 ) (-1136 -256 -624 ) (-1136 -112.223175 -624 ) (-1136 -124.108925 -632 ) 
4 2512 2513 (-1136 -256 -632 ) (-1136 -112 -632 ) (-1040 -112 -632 ) (-1040 -256 -632 ) 
4 2513 2541 (-1048 -256 -632 ) (-1136 -256 -632 ) (-1136 -256 -640 ) (-1048 -256 -640 ) 
4 2513 2521 (-1040 -256 -640 ) (-1040 -256 -632 ) (-1048 -256 -632 ) (-1048 -256 -640 ) 
4 2513 2515 (-1136 -256 -640 ) (-1136 -256 -632 ) (-1136 -124.108948 -632 ) (-1136 -135.994690 -640 ) 
4 2515 2541 (-1136 -256 -640 ) (-1136 -256 1107.810059 ) (-1152 -256 1107.810059 ) (-1152 -256 -640 ) 
5 2515 2516 (-1152 -256 -640 ) (-1152 -256 1107.810059 ) (-1152 0 1107.810059 ) (-1152 0 -548.465088 ) (-1152 -135.994644 -640 ) 
4 2516 2552 (-2048 0 1107.810059 ) (-2048 0 -656 ) (-2048 -256 -656 ) (-2048 -256 1107.810059 ) 
4 2516 2543 (-2048 -256 -640 ) (-2048 -256 -656 ) (-1152 -256 -656 ) (-1152 -256 -640 ) 
4 2516 2541 (-1152 -256 1107.810059 ) (-2048 -256 1107.810059 ) (-2048 -256 -640 ) (-1152 -256 -640 ) 
3 2516 2519 (-1340.800049 0 -656 ) (-1208 0 -656 ) (-1340.799927 -132.799973 -656 ) 
5 2516 2518 (-2048 0 -656 ) (-1340.800049 0 -656 ) (-1340.799927 -132.799973 -656 ) (-1464 -256 -656 ) (-2048 -256 -656 ) 
4 2516 2517 (-1208 0 -656 ) (-1152 0 -656 ) (-1152 -256 -656 ) (-1464 -256 -656 ) 
4 2517 2544 (-1140.799927 -256 -656 ) (-1464 -256 -656 ) (-1464 -256 -960 ) (-1232 -256 -960 ) 
5 2517 2519 (-1232 -24 -960 ) (-1432 -224 -960 ) (-1340.799927 -132.799957 -656 ) (-1208 0 -656 ) (-1208 0 -880 ) 
4 2517 2518 (-1432 -224 -960 ) (-1464 -256 -960 ) (-1464 -256 -656 ) (-1340.799927 -132.799957 -656 ) 
3 2517 2520 (-1232 -256 -960 ) (-1464 -256 -960 ) (-1232 -24 -960 ) 
4 2518 2552 (-2048 0 -656 ) (-2048 0 -960 ) (-2048 -256 -960 ) (-2048 -256 -656 ) 
4 2518 2544 (-1464 -256 -656 ) (-2048 -256 -656 ) (-2048 -256 -960 ) (-1464 -256 -960 ) 
5 2518 2519 (-1340.802734 -132.804688 -656 ) (-1432.001953 -224.003906 -960 ) (-1432.001953 -24 -960 ) (-1408.002197 0 -880 ) (-1340.802734 0 -656 ) 
5 2518 2520 (-1464 -256 -960 ) (-2048 -256 -960 ) (-2048 0 -960 ) (-1432 0 -960 ) (-1432 -224 -960 ) 
3 2519 2520 (-1232 -24 -960 ) (-1432 -224 -960 ) (-1432 -24 -960 ) 
4 2520 2552 (-2048 0 -960 ) (-2048 0 -1568 ) (-2048 -256 -1568 ) (-2048 -256 -960 ) 
4 2520 2547 (-2048 -256 -1568 ) (-2048 0 -1568 ) (-1136 0 -1568 ) (-1136 -256 -1568 ) 
4 2520 2546 (-1414.399902 -256 -1568 ) (-1136 -256 -1568 ) (-1136 -256 -960 ) (-1232 -256 -960 ) 
4 2520 2544 (-2048 -256 -1568 ) (-1414.399902 -256 -1568 ) (-1232 -256 -960 ) (-2048 -256 -960 ) 
4 2521 2541 (-1048 -256 1107.810059 ) (-1048 -256 -640 ) (-1048 -272 -640 ) (-1048 -272 1107.810059 ) 
4 2521 2522 (-1024 -272 -640 ) (-1024 -272 1107.810059 ) (-1048 -272 1107.810059 ) (-1048 -272 -640 ) 
4 2522 2558 (-1024 -1024 -656 ) (-1024 -1024 1107.810059 ) (-1048 -1024 1107.810059 ) (-1048 -1024 -656 ) 
4 2522 2542 (-1048 -272 -656 ) (-1048 -1024 -656 ) (-1048 -1024 -640 ) (-1048 -272 -640 ) 
4 2522 2541 (-1048 -1024 -640 ) (-1048 -1024 1107.810059 ) (-1048 -272 1107.810059 ) (-1048 -272 -640 ) 
4 2522 2524 (-1048 -600 -656 ) (-1048 -360 -656 ) (-1024 -360 -656 ) (-1024 -600 -656 ) 
4 2522 2538 (-1048 -1024 -656 ) (-1048 -600 -656 ) (-1024 -600 -656 ) (-1024 -1024 -656 ) 
4 2522 2523 (-1048 -360 -656 ) (-1048 -272 -656 ) (-1024 -272 -656 ) (-1024 -360 -656 ) 
5 2523 2545 (-1048 -336 -960 ) (-1048 -360 -960 ) (-1048 -360 -656 ) (-1048 -272 -656 ) (-1048 -272 -768 ) 
4 2523 2526 (-1024 -360 -816 ) (-1024 -360 -802.534058 ) (-1048 -360 -802.534058 ) (-1048 -360 -816 ) 
4 2523 2524 (-1024 -360 -802.534058 ) (-1024 -360 -656 ) (-1048 -360 -656 ) (-1048 -360 -802.534058 ) 
4 2523 2540 (-1048 -360 -960 ) (-1048 -336 -960 ) (-1040 -336 -960 ) (-1040 -360 -960 ) 
4 2524 2545 (-1048 -600 -764.523315 ) (-1048 -600 -656 ) (-1048 -360 -656 ) (-1048 -360 -802.534058 ) 
4 2524 2533 (-1048 -371.058746 -800.781677 ) (-1048 -368 -801.266113 ) (-1024 -368 -801.266113 ) (-1024 -371.058746 -800.781677 ) 
4 2524 2531 (-1048 -368 -801.266113 ) (-1048 -365.575531 -801.650085 ) (-1024 -365.575531 -801.650085 ) (-1024 -368 -801.266113 ) 
4 2524 2530 (-1048 -365.575531 -801.650085 ) (-1048 -362.187653 -802.186646 ) (-1024 -362.187653 -802.186646 ) (-1024 -365.575531 -801.650085 ) 
4 2524 2526 (-1048 -362.187653 -802.186646 ) (-1048 -360 -802.533142 ) (-1024 -360 -802.533142 ) (-1024 -362.187653 -802.186646 ) 
4 2524 2525 (-1024 -600 -764.522461 ) (-1048 -600 -764.522461 ) (-1048 -375.994293 -800 ) (-1024 -375.994293 -800 ) 
4 2524 2538 (-1024 -600 -764.523315 ) (-1024 -600 -656 ) (-1048 -600 -656 ) (-1048 -600 -764.523315 ) 
3 2525 2545 (-1048 -600 -800 ) (-1048 -600 -764.523315 ) (-1048 -376 -800 ) 
4 2525 2536 (-1048 -593.583679 -800 ) (-1048 -592 -800 ) (-1024 -592 -800 ) (-1024 -593.583679 -800 ) 
4 2525 2535 (-1048 -597.465942 -800 ) (-1048 -593.583679 -800 ) (-1024 -593.583679 -800 ) (-1024 -597.465942 -800 ) 
4 2525 2529 (-1048 -587.407104 -800 ) (-1048 -584 -800 ) (-1024 -584 -800 ) (-1024 -587.407104 -800 ) 
4 2525 2528 (-1048 -592 -800 ) (-1048 -587.407104 -800 ) (-1024 -587.407104 -800 ) (-1024 -592 -800 ) 
4 2525 2527 (-1024 -600 -800 ) (-1048 -600 -800 ) (-1048 -597.465942 -800 ) (-1024 -597.465942 -800 ) 
4 2525 2538 (-1024 -600 -800 ) (-1024 -600 -764.523315 ) (-1048 -600 -764.523315 ) (-1048 -600 -800 ) 
3 2526 2545 (-1048 -362.187500 -802.187622 ) (-1048 -360 -802.534058 ) (-1048 -360 -816 ) 
4 2526 2530 (-1024 -360.783142 -811.055725 ) (-1024 -362.187622 -802.187561 ) (-1048 -362.187622 -802.187561 ) (-1048 -360.783142 -811.055725 ) 
3 2527 2545 (-1048 -600 -816 ) (-1048 -600 -800 ) (-1048 -597.465942 -800 ) 
4 2527 2535 (-1048 -599.216736 -811.055603 ) (-1048 -597.465759 -800 ) (-1024 -597.465759 -800 ) (-1024 -599.216736 -811.055603 ) 
4 2527 2538 (-1024 -600 -816 ) (-1024 -600 -800 ) (-1048 -600 -800 ) (-1048 -600 -816 ) 
3 2528 2545 (-1048 -592 -802.340210 ) (-1048 -592 -800 ) (-1048 -587.407104 -800 ) 
4 2528 2537 (-1024 -592 -802.340149 ) (-1024 -592 -801.651062 ) (-1048 -592 -801.651062 ) (-1048 -592 -802.340149 ) 
4 2528 2536 (-1024 -592 -801.651062 ) (-1024 -592 -800 ) (-1048 -592 -800 ) (-1048 -592 -801.651062 ) 
4 2528 2529 (-1048 -588.936523 -800.781860 ) (-1048 -587.402039 -800 ) (-1024 -587.402039 -800 ) (-1024 -588.936523 -800.781860 ) 
3 2529 2545 (-1048 -588.943787 -800.782959 ) (-1048 -587.407104 -800 ) (-1048 -584 -800 ) 
3 2530 2545 (-1048 -365.575012 -801.651123 ) (-1048 -362.187500 -802.187622 ) (-1048 -360.782990 -811.055969 ) 
4 2530 2531 (-1024 -363.054871 -806.596130 ) (-1024 -365.574402 -801.651184 ) (-1048 -365.574402 -801.651184 ) (-1048 -363.054871 -806.596130 ) 
4 2531 2545 (-1048 -368 -801.651123 ) (-1048 -368 -801.267029 ) (-1048 -365.575012 -801.651123 ) (-1048 -363.055939 -806.595093 ) 
4 2531 2533 (-1024 -368 -801.651001 ) (-1024 -368 -801.266357 ) (-1048 -368 -801.266357 ) (-1048 -368 -801.651001 ) 
4 2531 2532 (-1024 -368 -801.648438 ) (-1048 -368 -801.648438 ) (-1048 -366.589661 -803.058777 ) (-1024 -366.589661 -803.058777 ) 
3 2532 2545 (-1048 -368 -802.340088 ) (-1048 -368 -801.651123 ) (-1048 -366.595184 -803.055908 ) 
4 2532 2533 (-1024 -368 -802.340149 ) (-1024 -368 -801.651001 ) (-1048 -368 -801.651001 ) (-1048 -368 -802.340149 ) 
3 2533 2545 (-1048 -371.056061 -800.783020 ) (-1048 -368 -801.267029 ) (-1048 -368 -802.340149 ) 
14 2534 2545 (-1048 -368 -960 ) (-1048 -592 -960 ) (-1048 -592 -816 ) (-1048 -591.609009 -813.527954 ) (-1048 -590.472046 -811.297974 ) (-1048 -588.703064 -809.528076 ) (-1048 -586.471802 -808.390930 ) (-1048 -584 -808 ) (-1048 -376 -808 ) (-1048 -373.527924 -808.392029 ) (-1048 -371.297974 -809.528015 ) (-1048 -369.528076 -811.297974 ) (-1048 -368.391937 -813.528198 ) (-1048 -368 -816 ) 
4 2534 2540 (-1048 -592 -960 ) (-1048 -368 -960 ) (-1040 -368 -960 ) (-1040 -592 -960 ) 
3 2535 2545 (-1048 -599.216980 -811.056030 ) (-1048 -597.465942 -800 ) (-1048 -593.583679 -800 ) 
4 2535 2536 (-1048 -596.940918 -806.591919 ) (-1048 -593.582214 -800 ) (-1024 -593.582214 -800 ) (-1024 -596.940918 -806.591919 ) 
4 2536 2545 (-1048 -596.943970 -806.594971 ) (-1048 -593.583679 -800 ) (-1048 -592 -800 ) (-1048 -592 -801.651001 ) 
4 2536 2537 (-1048 -593.410339 -803.058777 ) (-1048 -592 -801.648438 ) (-1024 -592 -801.648438 ) (-1024 -593.410339 -803.058777 ) 
3 2537 2545 (-1048 -593.405090 -803.056091 ) (-1048 -592 -801.651001 ) (-1048 -592 -802.340149 ) 
5 2538 2558 (-1024 -1024 -912 ) (-1024 -1024 -656 ) (-1048 -1024 -656 ) (-1048 -1024 -960 ) (-1040 -1024 -960 ) 
4 2538 2545 (-1048 -600 -960 ) (-1048 -1024 -960 ) (-1048 -1024 -656 ) (-1048 -600 -656 ) 
4 2538 2539 (-1040 -1024 -960 ) (-1040 -656 -960 ) (-1024 -656 -911.998291 ) (-1024 -1024 -911.998291 ) 
4 2538 2540 (-1040 -1024 -960 ) (-1048 -1024 -960 ) (-1048 -600 -960 ) (-1040 -600 -960 ) 
3 2539 2558 (-1024 -1024 -960 ) (-1024 -1024 -912 ) (-1040 -1024 -960 ) 
4 2539 2540 (-1024 -1024 -960 ) (-1040 -1024 -960 ) (-1040 -656 -960 ) (-1024 -656 -960 ) 
4 2540 2558 (-1024 -1024 -1568 ) (-1024 -1024 -960 ) (-1048 -1024 -960 ) (-1048 -1024 -1568 ) 
4 2540 2549 (-1024 -672 -1568 ) (-1024 -1024 -1568 ) (-1048 -1024 -1568 ) (-1048 -672 -1568 ) 
4 2540 2547 (-1048 -256 -1568 ) (-1024 -256 -1568 ) (-1024 -672 -1568 ) (-1048 -672 -1568 ) 
4 2540 2546 (-1048 -256 -960 ) (-1048 -256 -1568 ) (-1048 -1024 -1568 ) (-1048 -1024 -960 ) 
4 2541 2558 (-2048 -1024 1107.810059 ) (-2048 -1024 -640 ) (-1048 -1024 -640 ) (-1048 -1024 1107.810059 ) 
4 2541 2552 (-2048 -1024 -640 ) (-2048 -1024 1107.810059 ) (-2048 -256 1107.810059 ) (-2048 -256 -640 ) 
4 2541 2542 (-1048 -272 -640 ) (-1048 -1024 -640 ) (-1152 -1024 -640 ) (-1152 -272 -640 ) 
4 2541 2543 (-2048 -1024 -640 ) (-2048 -256 -640 ) (-1152 -256 -640 ) (-1152 -1024 -640 ) 
4 2542 2558 (-1152 -1024 -656 ) (-1048 -1024 -656 ) (-1048 -1024 -640 ) (-1152 -1024 -640 ) 
4 2542 2545 (-1048 -272 -656 ) (-1048 -1024 -656 ) (-1140.800049 -1024 -656 ) (-1140.800049 -272 -656 ) 
4 2542 2544 (-1140.800049 -1024 -656 ) (-1152 -1024 -656 ) (-1152 -272 -656 ) (-1140.800049 -272 -656 ) 
4 2542 2543 (-1152 -272 -656 ) (-1152 -1024 -656 ) (-1152 -1024 -640 ) (-1152 -272 -640 ) 
4 2543 2558 (-2048 -1024 -640 ) (-2048 -1024 -656 ) (-1152 -1024 -656 ) (-1152 -1024 -640 ) 
4 2543 2552 (-2048 -1024 -656 ) (-2048 -1024 -640 ) (-2048 -256 -640 ) (-2048 -256 -656 ) 
4 2543 2544 (-2048 -256 -656 ) (-1152 -256 -656 ) (-1152 -1024 -656 ) (-2048 -1024 -656 ) 
4 2544 2558 (-2048 -1024 -656 ) (-2048 -1024 -1568 ) (-1414.399902 -1024 -1568 ) (-1140.799927 -1024 -656 ) 
4 2544 2552 (-2048 -1024 -1568 ) (-2048 -1024 -656 ) (-2048 -256 -656 ) (-2048 -256 -1568 ) 
4 2544 2549 (-2048 -1024 -1568 ) (-2048 -672 -1568 ) (-1414.399902 -672 -1568 ) (-1414.399902 -1024 -1568 ) 
4 2544 2547 (-2048 -672 -1568 ) (-2048 -256 -1568 ) (-1414.399902 -256 -1568 ) (-1414.399902 -672 -1568 ) 
5 2544 2545 (-1140.798828 -272 -656 ) (-1140.798828 -1024 -656 ) (-1231.998657 -1024 -960 ) (-1231.998657 -336 -960 ) (-1174.398804 -272 -768 ) 
4 2544 2546 (-1414.398438 -1024 -1568 ) (-1414.398438 -256 -1568 ) (-1231.998657 -256 -960 ) (-1231.998657 -1024 -960 ) 
4 2545 2558 (-1048 -1024 -960 ) (-1048 -1024 -656 ) (-1140.799927 -1024 -656 ) (-1232 -1024 -960 ) 
4 2545 2546 (-1231.998047 -1024 -960 ) (-1231.998047 -336 -960 ) (-1048 -336 -960 ) (-1048 -1024 -960 ) 
4 2546 2558 (-1414.399902 -1024 -1568 ) (-1048 -1024 -1568 ) (-1048 -1024 -960 ) (-1232 -1024 -960 ) 
4 2546 2549 (-1048 -672 -1568 ) (-1048 -1024 -1568 ) (-1414.399902 -1024 -1568 ) (-1414.399902 -672 -1568 ) 
4 2546 2547 (-1414.399902 -256 -1568 ) (-1048 -256 -1568 ) (-1048 -672 -1568 ) (-1414.399902 -672 -1568 ) 
4 2547 2553 (-2048 -672 -1568 ) (-2048 0 -1568 ) (-2048 0 -2387.810059 ) (-2048 -672 -2387.810059 ) 
4 2547 2549 (-1024 -672 -1584 ) (-1024 -672 -1568 ) (-2048 -672 -1568 ) (-2048 -672 -1584 ) 
4 2547 2548 (-2048 -672 -2387.810059 ) (-1024 -672 -2387.810059 ) (-1024 -672 -1584 ) (-2048 -672 -1584 ) 
4 2548 2559 (-1024 -1024 -2387.810059 ) (-1024 -1024 -1752.666748 ) (-2048 -1024 -1752.666626 ) (-2048 -1024 -2387.810059 ) 
4 2548 2554 (-2048 -1024 -2387.810059 ) (-2048 -1024 -1752.666748 ) (-2048 -672 -1584 ) (-2048 -672 -2387.810059 ) 
4 2548 2549 (-1024 -672 -1584 ) (-2048 -672 -1584 ) (-2048 -1024 -1752.666626 ) (-1024 -1024 -1752.666626 ) 
4 2549 2560 (-1024 -1024 -1752.666748 ) (-1024 -1024 -1568 ) (-2048 -1024 -1568 ) (-2048 -1024 -1752.666626 ) 
4 2549 2555 (-2048 -1024 -1752.666748 ) (-2048 -1024 -1568 ) (-2048 -672 -1568 ) (-2048 -672 -1584 ) 
4 2550 2553 (-2048 0 -2387.810059 ) (-2048 0 -1568 ) (-2576 0 -1568 ) (-2576 0 -2387.810059 ) 
4 2550 2556 (-2576 0 -1568 ) (-3072 0 -1568 ) (-3072 0 -2387.810059 ) (-2576 0 -2387.810059 ) 
4 2550 2552 (-2048 0 -1568 ) (-2048 0 1107.810059 ) (-3072 0 1107.810059 ) (-3072 0 -1568 ) 
4 2550 2551 (-3072 1024 1107.810059 ) (-3072 1024 -2387.810059 ) (-3072 0 -2387.810059 ) (-3072 0 1107.810059 ) 
4 2551 2576 (-4096 1024 1107.810059 ) (-4096 1024 -2387.810059 ) (-4096 0 -2387.810059 ) (-4096 0 1107.810059 ) 
4 2551 2557 (-3072 0 -2387.810059 ) (-3072 0 1107.810059 ) (-4096 0 1107.810059 ) (-4096 0 -2387.810059 ) 
4 2552 2561 (-2048 -1024 -1568 ) (-2048 -1024 1107.810059 ) (-3072 -1024 1107.810059 ) (-3072 -1024 -1568 ) 
4 2552 2557 (-3072 0 1107.810059 ) (-3072 0 -1568 ) (-3072 -1024 -1568 ) (-3072 -1024 1107.810059 ) 
4 2552 2555 (-2048 -672 -1568 ) (-2048 -1024 -1568 ) (-2576 -1024 -1568 ) (-2576 -672 -1568 ) 
4 2552 2553 (-2576 0 -1568 ) (-2048 0 -1568 ) (-2048 -672 -1568 ) (-2576 -672 -1568 ) 
4 2552 2556 (-3072 0 -1568 ) (-2576 0 -1568 ) (-2576 -1024 -1568 ) (-3072 -1024 -1568 ) 
4 2553 2555 (-2576 -672 -1568 ) (-2576 -672 -1584 ) (-2048 -672 -1584 ) (-2048 -672 -1568 ) 
4 2553 2554 (-2576 -672 -1584 ) (-2576 -672 -2387.810059 ) (-2048 -672 -2387.810059 ) (-2048 -672 -1584 ) 
4 2553 2556 (-2576 0 -2387.810059 ) (-2576 -672 -2387.810059 ) (-2576 -672 -1568 ) (-2576 0 -1568 ) 
4 2554 2562 (-2048 -1024 -2387.810059 ) (-2048 -1024 -1752.666748 ) (-2576 -1024 -1752.666626 ) (-2576 -1024 -2387.810059 ) 
4 2554 2556 (-2576 -672 -2387.810059 ) (-2576 -1024 -2387.810059 ) (-2576 -1024 -1752.666748 ) (-2576 -672 -1584 ) 
4 2554 2555 (-2048 -672 -1584 ) (-2576 -672 -1584 ) (-2576 -1024 -1752.666626 ) (-2048 -1024 -1752.666748 ) 
4 2555 2563 (-2048 -1024 -1752.666748 ) (-2048 -1024 -1568 ) (-2576 -1024 -1568 ) (-2576 -1024 -1752.666626 ) 
4 2555 2556 (-2576 -1024 -1752.666748 ) (-2576 -1024 -1568 ) (-2576 -672 -1568 ) (-2576 -672 -1584 ) 
4 2556 2564 (-2576 -1024 -1568 ) (-3072 -1024 -1568 ) (-3072 -1024 -2387.810059 ) (-2576 -1024 -2387.810059 ) 
4 2556 2557 (-3072 0 -1568 ) (-3072 0 -2387.810059 ) (-3072 -1024 -2387.810059 ) (-3072 -1024 -1568 ) 
4 2557 2577 (-4096 -1024 -2387.810059 ) (-4096 -1024 1107.810059 ) (-4096 0 1107.810059 ) (-4096 0 -2387.810059 ) 
4 2557 2565 (-3072 -1024 -2387.810059 ) (-3072 -1024 1107.810059 ) (-4096 -1024 1107.810059 ) (-4096 -1024 -2387.810059 ) 
4 2558 2566 (-1024 -2048 -1568 ) (-1024 -2048 1107.810059 ) (-2048 -2048 1107.810059 ) (-2048 -2048 -1568 ) 
4 2558 2561 (-2048 -2048 -1568 ) (-2048 -2048 1107.810059 ) (-2048 -1024 1107.810059 ) (-2048 -1024 -1568 ) 
4 2558 2560 (-1024 -2048 -1568 ) (-2048 -2048 -1568 ) (-2048 -1024 -1568 ) (-1024 -1024 -1568 ) 
4 2559 2567 (-1024 -2048 -2387.810059 ) (-1024 -2048 -2243.333252 ) (-2048 -2048 -2243.333496 ) (-2048 -2048 -2387.810059 ) 
4 2559 2562 (-2048 -2048 -2387.810059 ) (-2048 -2048 -2243.333252 ) (-2048 -1024 -1752.666626 ) (-2048 -1024 -2387.810059 ) 
4 2559 2560 (-1024 -1024 -1752.666504 ) (-2048 -1024 -1752.666504 ) (-2048 -2048 -2243.332764 ) (-1024 -2048 -2243.332764 ) 
4 2560 2568 (-1024 -2048 -2243.333252 ) (-1024 -2048 -1568 ) (-2048 -2048 -1568 ) (-2048 -2048 -2243.333496 ) 
4 2560 2563 (-2048 -2048 -2243.333252 ) (-2048 -2048 -1568 ) (-2048 -1024 -1568 ) (-2048 -1024 -1752.666626 ) 
4 2561 2570 (-2048 -2048 -1568 ) (-2048 -2048 1107.810059 ) (-3072 -2048 1107.810059 ) (-3072 -2048 -1568 ) 
4 2561 2565 (-3072 -1024 1107.810059 ) (-3072 -1024 -1568 ) (-3072 -2048 -1568 ) (-3072 -2048 1107.810059 ) 
4 2561 2563 (-2048 -2048 -1568 ) (-2576 -2048 -1568 ) (-2576 -1024 -1568 ) (-2048 -1024 -1568 ) 
4 2561 2564 (-2576 -2048 -1568 ) (-3072 -2048 -1568 ) (-3072 -1024 -1568 ) (-2576 -1024 -1568 ) 
4 2562 2571 (-2048 -2048 -2387.810059 ) (-2048 -2048 -2243.333252 ) (-2576 -2048 -2243.333496 ) (-2576 -2048 -2387.810059 ) 
4 2562 2564 (-2576 -1024 -2387.810059 ) (-2576 -2048 -2387.810059 ) (-2576 -2048 -2243.333252 ) (-2576 -1024 -1752.666626 ) 
4 2562 2563 (-2576 -1024 -1752.666016 ) (-2576 -2048 -2243.332031 ) (-2048 -2048 -2243.332031 ) (-2048 -1024 -1752.666138 ) 
4 2563 2572 (-2048 -2048 -2243.333252 ) (-2048 -2048 -1568 ) (-2576 -2048 -1568 ) (-2576 -2048 -2243.333496 ) 
4 2563 2564 (-2576 -2048 -2243.333252 ) (-2576 -2048 -1568 ) (-2576 -1024 -1568 ) (-2576 -1024 -1752.666626 ) 
4 2564 2573 (-2576 -2048 -1568 ) (-3072 -2048 -1568 ) (-3072 -2048 -2387.810059 ) (-2576 -2048 -2387.810059 ) 
4 2564 2565 (-3072 -1024 -1568 ) (-3072 -1024 -2387.810059 ) (-3072 -2048 -2387.810059 ) (-3072 -2048 -1568 ) 
4 2565 2580 (-4096 -2048 -2387.810059 ) (-4096 -2048 1107.810059 ) (-4096 -1024 1107.810059 ) (-4096 -1024 -2387.810059 ) 
4 2565 2575 (-4096 -2048 1107.810059 ) (-4096 -2048 -2387.810059 ) (-3072 -2048 -2387.810059 ) (-3072 -2048 1107.810059 ) 
4 2566 2570 (-2048 -2048 1107.810059 ) (-2048 -2048 -1568 ) (-2048 -2254.979980 -1568 ) (-2048 -2254.979980 1107.810059 ) 
4 2566 2569 (-2048 -2254.979980 -1568 ) (-2048 -2208 -1568 ) (-1024 -2208 -1568 ) (-1024 -2254.979980 -1568 ) 
4 2566 2568 (-2048 -2208 -1568 ) (-2048 -2048 -1568 ) (-1024 -2048 -1568 ) (-1024 -2208 -1568 ) 
4 2567 2571 (-2048 -2048 -2243.333496 ) (-2048 -2048 -2387.810059 ) (-2048 -2208 -2387.810059 ) (-2048 -2208 -2320 ) 
4 2567 2569 (-2048 -2208 -2387.810059 ) (-1024 -2208 -2387.810059 ) (-1024 -2208 -2320 ) (-2048 -2208 -2320 ) 
4 2567 2568 (-2048 -2208 -2320 ) (-1024 -2208 -2320 ) (-1024 -2048 -2243.333252 ) (-2048 -2048 -2243.333252 ) 
4 2568 2572 (-2048 -2048 -1568 ) (-2048 -2048 -2243.333496 ) (-2048 -2208 -2320 ) (-2048 -2208 -1568 ) 
4 2568 2569 (-1024 -2208 -2320 ) (-1024 -2208 -1568 ) (-2048 -2208 -1568 ) (-2048 -2208 -2320 ) 
4 2569 2574 (-2048 -2208 -2387.810059 ) (-2048 -2254.979980 -2387.810059 ) (-2048 -2254.979980 -1568 ) (-2048 -2208 -1568 ) 
4 2570 2575 (-3072 -2048 1107.810059 ) (-3072 -2048 -1568 ) (-3072 -2254.979980 -1568 ) (-3072 -2254.979980 1107.810059 ) 
4 2570 2574 (-3072 -2254.979980 -1568 ) (-3072 -2208 -1568 ) (-2048 -2208 -1568 ) (-2048 -2254.979980 -1568 ) 
4 2570 2572 (-2576 -2048 -1568 ) (-2048 -2048 -1568 ) (-2048 -2208 -1568 ) (-2576 -2208 -1568 ) 
4 2570 2573 (-3072 -2208 -1568 ) (-3072 -2048 -1568 ) (-2576 -2048 -1568 ) (-2576 -2208 -1568 ) 
4 2571 2574 (-2576 -2208 -2387.810059 ) (-2048 -2208 -2387.810059 ) (-2048 -2208 -2320 ) (-2576 -2208 -2320 ) 
4 2571 2573 (-2576 -2048 -2387.810059 ) (-2576 -2208 -2387.810059 ) (-2576 -2208 -2320 ) (-2576 -2048 -2243.333496 ) 
4 2571 2572 (-2576 -2048 -2243.333252 ) (-2576 -2208 -2320 ) (-2048 -2208 -2320 ) (-2048 -2048 -2243.333252 ) 
4 2572 2574 (-2048 -2208 -2320 ) (-2048 -2208 -1568 ) (-2576 -2208 -1568 ) (-2576 -2208 -2320 ) 
4 2572 2573 (-2576 -2208 -2320 ) (-2576 -2208 -1568 ) (-2576 -2048 -1568 ) (-2576 -2048 -2243.333496 ) 
4 2573 2575 (-3072 -2048 -1568 ) (-3072 -2048 -2387.810059 ) (-3072 -2208 -2387.810059 ) (-3072 -2208 -1568 ) 
4 2573 2574 (-3072 -2208 -2387.810059 ) (-2576 -2208 -2387.810059 ) (-2576 -2208 -1568 ) (-3072 -2208 -1568 ) 
4 2574 2575 (-3072 -2208 -2387.810059 ) (-3072 -2254.979980 -2387.810059 ) (-3072 -2254.979980 -1568 ) (-3072 -2208 -1568 ) 
4 2575 2582 (-4096 -2254.979980 1107.810059 ) (-4096 -2048 1107.810059 ) (-4096 -2048 -2387.810059 ) (-4096 -2254.979980 -2387.810059 ) 
4 2576 2578 (-5120 1024 1107.810059 ) (-5120 1024 -2387.810059 ) (-5120 0 -2387.810059 ) (-5120 0 1107.810059 ) 
4 2576 2577 (-4096 0 -2387.810059 ) (-4096 0 1107.810059 ) (-5120 0 1107.810059 ) (-5120 0 -2387.810059 ) 
4 2577 2580 (-4096 -1024 -2387.810059 ) (-4096 -1024 1107.810059 ) (-5120 -1024 1107.810059 ) (-5120 -1024 -2387.810059 ) 
4 2577 2579 (-5120 -1024 -2387.810059 ) (-5120 -1024 1107.810059 ) (-5120 0 1107.810059 ) (-5120 0 -2387.810059 ) 
4 2578 2579 (-5120 0 -2387.810059 ) (-5120 0 1107.810059 ) (-5328.819824 0 1107.810059 ) (-5328.819824 0 -2387.810059 ) 
4 2579 2581 (-5120 -1024 -2387.810059 ) (-5120 -1024 1107.810059 ) (-5328.819824 -1024 1107.810059 ) (-5328.819824 -1024 -2387.810059 ) 
4 2580 2582 (-4096 -2048 -2387.810059 ) (-4096 -2048 1107.810059 ) (-5120 -2048 1107.810059 ) (-5120 -2048 -2387.810059 ) 
4 2580 2581 (-5120 -2048 -2387.810059 ) (-5120 -2048 1107.810059 ) (-5120 -1024 1107.810059 ) (-5120 -1024 -2387.810059 ) 
4 2581 2583 (-5120 -2048 -2387.810059 ) (-5120 -2048 1107.810059 ) (-5328.819824 -2048 1107.810059 ) (-5328.819824 -2048 -2387.810059 ) 
4 2582 2583 (-5120 -2048 1107.810059 ) (-5120 -2048 -2387.810059 ) (-5120 -2254.979980 -2387.810059 ) (-5120 -2254.979980 1107.810059 ) 
